pre_path,post_path,mapping_status,mapping_source,site_section,page_group,content_group,page_type,page_name,xlsx_notes,pre_in_crawl,pre_word_count,pre_indexable,pre_title,pre_h1,pre_has_text,pre_has_source,pre_has_embedding,post_in_crawl,post_word_count,post_indexable,post_title,post_h1,post_has_text,post_has_source,post_has_embedding
/vacation-packages/disney/disney-cruise-line,/vacation-packages/cruises/disney-cruise-line,SAME,XLSX,Vacation Packages,Tour Supplier,Vacation Packages,Supplier,Disney Cruise,,TRUE,,Indexable,Disney Cruise Line | AMA Travel,Disney Cruise Line,TRUE,TRUE,TRUE,TRUE,203,Non-Indexable,AMA Travel Website,,TRUE,TRUE,FALSE
/travel-medical-insurance/snowbird,/travel-insurance/snowbird,CHANGED,XLSX,Travel Insurance,Insurance,Insurance,Detail,Snowbird Insurance,,TRUE,,Indexable,Snowbird Travel Insurance Plans & Quotes | AMA Travel,Snowbird Travel Medical Insurance Benefits,TRUE,TRUE,TRUE,TRUE,203,Non-Indexable,AMA Travel Website,,TRUE,TRUE,FALSE
/articles/best-golf-courses-nw-ireland,/articles/best-golf-courses-nw-ireland,SAME,XLSX,Articles,Articles,Content,Article,,,TRUE,,Indexable,10 Best Golf Courses in Ireland’s Northwest | AMA Travel,10 Best Golf Courses in Ireland’s Northwest,TRUE,TRUE,TRUE,TRUE,1846,Indexable,10 Best Golf Courses in Ireland’s Northwest,10 Best Golf Courses in Ireland’s Northwest,TRUE,TRUE,TRUE
/articles/must-see-spots-jasper-national-park,/articles/must-see-spots-jasper-national-park,SAME,XLSX,Articles,Articles,Content,Article,,,TRUE,,Indexable,10 Must-See Spots in Jasper National Park | AMA Travel,10 Must-See Spots in Jasper National Park,TRUE,TRUE,TRUE,TRUE,2673,Indexable,10 Things to Do in Jasper National Park,10 Things to Do in Jasper National Park,TRUE,TRUE,TRUE
/articles/10-questions-when-planning-your-destination-wedding,/articles/10-questions-when-planning-your-destination-wedding,SAME,XLSX,Articles,Articles,Content,Article,,,TRUE,,Indexable,10 Questions To Ask Yourself When Planning Your Destination Wedding,10 Questions To Ask Yourself When Planning Your Destination Wedding,TRUE,TRUE,TRUE,TRUE,1088,Indexable,10 Questions To Ask When Planning Your Destination Wedding,10 Questions To Ask Yourself When Planning Your Destination Wedding,TRUE,TRUE,TRUE
/articles/11-things-didnt-know-you-could-do-asia,/articles/11-things-didnt-know-you-could-do-asia,SAME,XLSX,Articles,Articles,Content,Article,,,TRUE,,Indexable,11 Things You Didn’t Know You Could Do in Asia | AMA Travel,11 Things You Didn’t Know You Could Do in Asia,TRUE,TRUE,TRUE,TRUE,1368,Indexable,11 Things You Didn’t Know You Could Do in Asia,11 Things You Didn’t Know You Could Do in Asia,TRUE,TRUE,TRUE
/articles/royal-caribbeans-symphony-of-the-seas-a-fantastic-family-retreat,/articles/royal-caribbeans-symphony-of-the-seas-a-fantastic-family-retreat,SAME,XLSX,Articles,Articles,Content,Article,,,TRUE,,Indexable,12 family activities on a Symphony of the Seas Cruise | AMA Travel,Royal Caribbean’s Symphony of the Seas – A Fantastic Family Retreat,TRUE,TRUE,TRUE,TRUE,2655,Indexable,12 Family Activities on a Symphony of the Seas Cruise,Royal Caribbean’s Symphony of the Seas – A Fantastic Family Retreat,TRUE,TRUE,TRUE
/articles/california-road-trip-stops,/articles/california-road-trip-stops,SAME,XLSX,Articles,Articles,Content,Article,,,TRUE,,Indexable,12 Places to Stop on California’s Pacific Coast Highway | AMA Travel,12 Road Trip Stops on California’s Pacific Coast Highway,TRUE,TRUE,TRUE,TRUE,1496,Indexable,California Coast Road Trip Itinerary (12 Stops),California Coast Road Trip Itinerary,TRUE,TRUE,TRUE
/articles/must-visit-wyoming-parks,/articles/must-visit-wyoming-parks,SAME,XLSX,Articles,Articles,Content,Article,,,TRUE,,Indexable,14 Must-Visit Parks in Wyoming (that aren’t Yellowstone) | AMA Travel,14 Must-Visit Parks in Wyoming (that aren’t Yellowstone),TRUE,TRUE,TRUE,TRUE,2731,Indexable,14 Must-Visit Parks in Wyoming (That Aren’t Yellowstone),14 Must-Visit Parks in Wyoming (That Aren’t Yellowstone),TRUE,TRUE,TRUE
/articles/must-eat-places-in-jasper,/articles/must-eat-places-in-jasper,SAME,XLSX,Articles,Articles,Content,Article,,,TRUE,,Indexable,14 Restaurants in Jasper You Must Try | AMA Travel,14 Must-Eat Places in Jasper National Park,TRUE,TRUE,TRUE,TRUE,1180,Indexable,10 Restaurants in Jasper You Must Try,10 Must-Eat Places in Jasper National Park,TRUE,TRUE,TRUE
/articles/17-fast-facts-about-dominican-republic,/articles/17-fast-facts-about-dominican-republic,SAME,XLSX,Articles,Articles,Content,Article,,,TRUE,,Indexable,17 Fast Facts About the Dominican Republic | AMA Travel,17 Fast Facts About the Dominican Republic,TRUE,TRUE,TRUE,TRUE,1538,Indexable,17 Interesting Facts About the Dominican Republic,17 Fun Facts About the Dominican Republic,TRUE,TRUE,TRUE
/articles/4-reasons-albertans-love-utah,/articles/4-reasons-albertans-love-utah,SAME,XLSX,Articles,Articles,Content,Article,,,TRUE,,Indexable,4 Reasons Albertans Love Utah | AMA Travel,4 Reasons Albertans Love Utah,TRUE,TRUE,TRUE,TRUE,2508,Indexable,4 Reasons Albertans Love Utah,4 Reasons Albertans Love Utah,TRUE,TRUE,TRUE
/articles/4-reasons-you-need-pet-travel-medical-insurance,/articles/4-reasons-you-need-pet-travel-medical-insurance,SAME,XLSX,Articles,Articles,Content,Article,,,TRUE,,Indexable,4 Reasons You Need Pet Travel Medical Insurance | AMA Travel,4 Reasons You Need Pet Travel Medical Insurance,TRUE,TRUE,TRUE,TRUE,734,Indexable,4 Reasons You Need Pet Travel Medical Insurance,4 Reasons You Need Pet Travel Medical Insurance,TRUE,TRUE,TRUE
/articles/5-great-jamaica-excursions,/articles/5-great-jamaica-excursions,SAME,XLSX,Articles,Articles,Content,Article,,,TRUE,,Indexable,5 Great Jamaica Excursions | AMA Travel,5 Great Jamaica Excursions,TRUE,TRUE,TRUE,TRUE,2117,Indexable,5 Great Jamaica Excursions,5 Great Jamaica Excursions,TRUE,TRUE,TRUE
/articles/winter-activities-in-jasper,/articles/winter-activities-in-jasper,SAME,XLSX,Articles,Articles,Content,Article,,,TRUE,,Indexable,5 Must-Do Winter Activities in Jasper | AMA Travel,5 Winter Must-Do’s in Jasper,TRUE,TRUE,TRUE,TRUE,2414,Indexable,5 Must-Do Winter Activities in Jasper,5 Winter Must-Do’s in Jasper,TRUE,TRUE,TRUE
/articles/disney-parks-5-little-tips-that-make-a-big-difference,/articles/disney-parks-5-little-tips-that-make-a-big-difference,SAME,XLSX,Articles,Articles,Content,Article,,,TRUE,,Indexable,5 Tips for the Best Disney Experience,Disney Parks 5 Little Tips that Make a Big Difference,TRUE,TRUE,TRUE,TRUE,2227,Indexable,5 Tips for the Best Disney Experience,Disney Parks 5 Little Tips that Make a Big Difference,TRUE,TRUE,TRUE
/articles/best-self-care-in-jasper,/articles/best-self-care-in-jasper,SAME,XLSX,Articles,Articles,Content,Article,,,TRUE,,Indexable,6 Steps to the Best Self Care in Jasper | AMA Travel,6 Steps to the Best Self Care in Jasper,TRUE,TRUE,TRUE,TRUE,2614,Indexable,AMA Travel Website,6 Steps to the Best Self Care in Jasper,TRUE,TRUE,TRUE
/articles/hidden-upcoming-florida-activities-expert,/articles/hidden-upcoming-florida-activities-expert,SAME,XLSX,Articles,Articles,Content,Article,,,TRUE,,Indexable,7 Experiences Too Many Albertans Miss on a Trip to Florida | AMA Travel,"If You Already Know About These Hidden and Upcoming Florida Activities, You’re a Florida Expert",TRUE,TRUE,TRUE,TRUE,2710,Indexable,7 Experiences Too Many Albertans Miss on a Trip to Florida,"If You Already Know About These Hidden and Upcoming Florida Activities, You’re a Florida Expert",TRUE,TRUE,TRUE
/articles/7-quick-tips-for-a-getaway-to-las-vegas,/articles/7-quick-tips-for-a-getaway-to-las-vegas,SAME,XLSX,Articles,Articles,Content,Article,,,TRUE,,Indexable,7 Quick Tips for a Getaway in Vegas | AMA Travel,7 Quick Tips for a Getaway to Las Vegas,TRUE,TRUE,TRUE,TRUE,2770,Indexable,7 Quick Tips for a Getaway in Vegas,7 Quick Tips for a Getaway to Las Vegas,TRUE,TRUE,TRUE
/articles/7-reasons-albertans-love-nevada,/articles/7-reasons-albertans-love-nevada,SAME,XLSX,Articles,Articles,Content,Article,,,TRUE,,Indexable,7 Reasons Albertans Love Nevada | AMA Travel,7 Reasons Albertans Love Nevada,TRUE,TRUE,TRUE,TRUE,1155,Indexable,7 Reasons Albertans Love Nevada,7 Reasons Albertans Love Nevada,TRUE,TRUE,TRUE
/articles/7-vacations-travellers-book-in-fall-winter,/articles/7-vacations-travellers-book-in-fall-winter,SAME,XLSX,Articles,Articles,Content,Article,,,TRUE,,Indexable,7 Vacations to Book Far in Advance | AMA Travel,7 Vacations That Clever Travellers Book Far in Advance – Fall/Winter Edition,TRUE,TRUE,TRUE,TRUE,2609,Indexable,AMA Travel Website,7 Vacations That Clever Travellers Book Far in Advance – Fall/Winter Edition,TRUE,TRUE,TRUE
/articles/7-ways-labour-day-long-weekend-alberta,/articles/7-ways-labour-day-long-weekend-alberta,SAME,XLSX,Articles,Articles,Content,Article,,,TRUE,,Indexable,7 Ways to Not Waste the Labour Day Long Weekend in Alberta,7 Ways to Not Waste the Labour Day Long Weekend in Alberta,TRUE,TRUE,TRUE,TRUE,2603,Indexable,7 Ways to Not Waste the Labour Day Long Weekend in Alberta,7 Ways to Not Waste the Labour Day Long Weekend in Alberta,TRUE,TRUE,TRUE
/articles/spend-the-holidays-in-jasper,/articles/spend-the-holidays-in-jasper,SAME,XLSX,Articles,Articles,Content,Article,,,TRUE,,Indexable,7 Ways to Spend the Holidays in Jasper | AMA Travel,7 Ways to Spend the Holidays in Jasper,TRUE,TRUE,TRUE,TRUE,2388,Indexable,7 Ways to Spend the Holidays in Jasper,7 Ways to Spend the Holidays in Jasper,TRUE,TRUE,TRUE
/articles/disney-world-double-your-daily-rides,/articles/disney-world-double-your-daily-rides,SAME,XLSX,Articles,Articles,Content,Article,,,TRUE,,Indexable,8 Tricks to Double Your Daily Attractions at Walt Disney World | AMA Travel,How to Double Your Daily Rides at Walt Disney World,TRUE,TRUE,TRUE,TRUE,2528,Indexable,8 Tips to Double Your Daily Attractions at Walt Disney World,How to Double Your Daily Rides at Walt Disney World,TRUE,TRUE,TRUE
/articles/out-of-office-emails,/articles/out-of-office-emails,SAME,XLSX,Articles,Articles,Content,Article,,,TRUE,,Indexable,9 Out-Of-Office Emails for Every Kind of Vacationer | AMA Travel,9 Out-Of-Office Emails for Every Kind of Vacationer,TRUE,TRUE,TRUE,TRUE,1982,Indexable,13 Vacation Out-of-Office Message,13 Vacation Out-of-Office Messages,TRUE,TRUE,TRUE
/articles/9-things-you-should-know-before-travelling-to-cuba,/articles/9-things-you-should-know-before-travelling-to-cuba,SAME,XLSX,Articles,Articles,Content,Article,,,TRUE,,Indexable,9 Things You Should Know Before Travelling to Cuba | AMA Travel,9 Things You Should Know Before Travelling to Cuba,TRUE,TRUE,TRUE,TRUE,3038,Indexable,9 Things To Know Before Travelling to Cuba from Canada,9 Things To Know Before Travelling to Cuba from Canada,TRUE,TRUE,TRUE
/articles/top-wards-in-tokyo,/articles/top-wards-in-tokyo,SAME,XLSX,Articles,Articles,Content,Article,,,TRUE,,Indexable,9 Tokyo Districts and What to See in Each | AMA Travel,The Top 9 Wards to Visit in Tokyo,TRUE,TRUE,TRUE,TRUE,2529,Indexable,9 Tokyo Districts and What to See in Each,The Top 9 Wards to Visit in Tokyo,TRUE,TRUE,TRUE
/articles/guide-to-croatia,/articles/guide-to-croatia,SAME,XLSX,Articles,Articles,Content,Article,,,TRUE,,Indexable,A Beginner’s Guide to Croatia | AMA Travel,A Beginner’s Guide to Croatia,TRUE,TRUE,TRUE,TRUE,1781,Indexable,A Beginner’s Guide to Croatia,A Beginner’s Guide to Croatia,TRUE,TRUE,TRUE
/articles/guide-to-france,/articles/guide-to-france,SAME,XLSX,Articles,Articles,Content,Article,,,TRUE,,Indexable,A Beginner’s Guide to France | AMA Travel,A Beginners Travel Guide to France,TRUE,TRUE,TRUE,TRUE,2209,Indexable,A Beginner’s Guide to France,A Beginners Travel Guide to France,TRUE,TRUE,TRUE
/articles/alberta-ice-fishing,/articles/alberta-ice-fishing,SAME,XLSX,Articles,Articles,Content,Article,,,TRUE,,Indexable,A Beginner’s Guide to Ice Fishing in Alberta | AMA Travel,A Beginner’s Guide to Ice Fishing in Alberta,TRUE,TRUE,TRUE,TRUE,1603,Indexable,A Beginner’s Guide to Ice Fishing in Alberta,A Beginner’s Guide to Ice Fishing in Alberta,TRUE,TRUE,TRUE
/articles/south-dakota-guide,/articles/south-dakota-guide,SAME,XLSX,Articles,Articles,Content,Article,,,TRUE,,Indexable,A Beginner’s Guide to South Dakota | AMA Travel,A Beginner’s Guide to South Dakota,TRUE,TRUE,TRUE,TRUE,2628,Indexable,A Beginner’s Guide to South Dakota,A Beginner’s Guide to South Dakota,TRUE,TRUE,TRUE
/articles/guide-to-germany,/articles/guide-to-germany,SAME,XLSX,Articles,Articles,Content,Article,,,TRUE,,Indexable,A Beginner’s Guide to Travelling in Germany | AMA Travel,A Beginner’s Guide to Travelling in Germany,TRUE,TRUE,TRUE,TRUE,2267,Indexable,A Beginner’s Guide to Travelling in Germany,A Beginner’s Guide to Travelling in Germany,TRUE,TRUE,TRUE
/articles/guide-to-netherlands,/articles/guide-to-netherlands,SAME,XLSX,Articles,Articles,Content,Article,,,TRUE,,Indexable,A Beginner’s Guide to Travelling the Netherlands | AMA Travel,Our Beginners Guide to the Netherlands,TRUE,TRUE,TRUE,TRUE,2852,Indexable,The Netherlands Travel Guide for Beginners,The Netherlands Travel Guide for Beginners,TRUE,TRUE,TRUE
/articles/guide-to-united-kingdom,/articles/guide-to-united-kingdom,SAME,XLSX,Articles,Articles,Content,Article,,,TRUE,,Indexable,A Beginner’s Guide to Visiting the UK - AMA Travel,A Beginners Guide to Travelling the United Kingdom,TRUE,TRUE,TRUE,TRUE,2232,Indexable,A Beginner’s Guide to Visiting the UK,A Beginners Guide to Travelling the United Kingdom,TRUE,TRUE,TRUE
/articles/guide-to-nevada,/articles/guide-to-nevada,SAME,XLSX,Articles,Articles,Content,Article,,,TRUE,,Indexable,A beginner's guide to Nevada: How to have a gold-star trip to the Silver State | AMA Travel,Beginner’s Guide to Nevada,TRUE,TRUE,TRUE,TRUE,2223,Indexable,Guide to Nevada: Have a Gold-Star Trip to the Silver State,Beginner’s Guide to Nevada,TRUE,TRUE,TRUE
/articles/beginners-guide-to-activities-in-arizona,/articles/beginners-guide-to-activities-in-arizona,SAME,XLSX,Articles,Articles,Content,Article,,,TRUE,,Indexable,A Beginner's Guide to Vacationing in Arizona | AMA Travel,A Beginner's Guide to Vacationing in Arizona,TRUE,TRUE,TRUE,TRUE,3066,Indexable,A Beginner's Guide to Vacationing in Arizona,A Beginner's Guide to Vacationing in Arizona,TRUE,TRUE,TRUE
/articles/guide-to-scotland,/articles/guide-to-scotland,SAME,XLSX,Articles,Articles,Content,Article,,,TRUE,,Indexable,A Beginner's Travel Guide to Scotland | AMA Travel,A Beginners Travel Guide to Scotland,TRUE,TRUE,TRUE,TRUE,1654,Indexable,A Beginner's Travel Guide to Scotland,A Beginners Travel Guide to Scotland,TRUE,TRUE,TRUE
/articles/guide-to-ireland,/articles/guide-to-ireland,SAME,XLSX,Articles,Articles,Content,Article,,,TRUE,,Indexable,A Beginners Travel Guide to Ireland | AMA Travel,A Comprehensive Travel Guide to Ireland,TRUE,TRUE,TRUE,TRUE,1780,Indexable,A Beginner's Travel Guide to Ireland,A Comprehensive Travel Guide to Ireland,TRUE,TRUE,TRUE
/articles/guide-to-los-cabos,/articles/guide-to-los-cabos,SAME,XLSX,Articles,Articles,Content,Article,,,TRUE,,Indexable,A Beginners Travel Guide to Los Cabos | AMA Travel,A Beginners Travel Guide to Los Cabos,TRUE,TRUE,TRUE,TRUE,2825,Indexable,Los Cabos Travel Guide,Los Cabos Travel Guide,TRUE,TRUE,TRUE
/articles/guide-to-portugal,/articles/guide-to-portugal,SAME,XLSX,Articles,Articles,Content,Article,,,TRUE,,Indexable,A Beginners Travel Guide to Portugal | AMA Travel,A Beginners Travel Guide to Portugal,TRUE,TRUE,TRUE,TRUE,2435,Indexable,A Beginner's Travel Guide to Portugal,A Beginners Travel Guide to Portugal,TRUE,TRUE,TRUE
/articles/guide-to-spain,/articles/guide-to-spain,SAME,XLSX,Articles,Articles,Content,Article,,,TRUE,,Indexable,A Beginners Travel Guide to Spain | AMA Travel,A Beginners Travel Guide to Spain,TRUE,TRUE,TRUE,TRUE,2715,Indexable,A Beginner's Travel Guide to Spain,A Beginners Travel Guide to Spain,TRUE,TRUE,TRUE
/articles/a-comprehensive-guide-to-england,/articles/a-comprehensive-guide-to-england,SAME,XLSX,Articles,Articles,Content,Article,,,TRUE,,Indexable,A Comprehensive Guide to England | AMA Travel,A Comprehensive Guide to England,TRUE,TRUE,TRUE,TRUE,2443,Indexable,A Comprehensive Guide to England,A Comprehensive Guide to England,TRUE,TRUE,TRUE
/articles/a-comprehensive-guide-to-hawaiis-big-island,/articles/a-comprehensive-guide-to-hawaiis-big-island,SAME,XLSX,Articles,Articles,Content,Article,,,TRUE,,Indexable,A Comprehensive Guide to Hawaii’s Big Island | AMA Travel,A Comprehensive Guide to Hawaii's Big Island,TRUE,TRUE,TRUE,TRUE,1503,Indexable,Hawaii's Big Island Travel Guide,Hawaii’s Big Island Travel Guide,TRUE,TRUE,TRUE
/articles/a-comprehensive-guide-to-jamaica,/articles/a-comprehensive-guide-to-jamaica,SAME,XLSX,Articles,Articles,Content,Article,,,TRUE,,Indexable,A Comprehensive Guide to Jamaica | AMA Travel,A Comprehensive Guide to Jamaica,TRUE,TRUE,TRUE,TRUE,1416,Indexable,A Comprehensive Guide to Jamaica,A Comprehensive Guide to Jamaica,TRUE,TRUE,TRUE
/articles/a-comprehensive-guide-to-molokai,/articles/a-comprehensive-guide-to-molokai,SAME,XLSX,Articles,Articles,Content,Article,,,TRUE,,Indexable,A Comprehensive Guide to Molokai | AMA Travel,A Comprehensive Guide to Hawaii's Molokai Island,TRUE,TRUE,TRUE,TRUE,1222,Indexable,AMA Travel Website,A Comprehensive Guide to Hawaii's Molokai Island,TRUE,TRUE,TRUE
/articles/florida-road-trip-cape-canaveral-to-orlando,/articles/florida-road-trip-cape-canaveral-to-orlando,SAME,XLSX,Articles,Articles,Content,Article,,,TRUE,,Indexable,A Florida Road Trip to Cape Canaveral From Orlando | AMA Travel,A Florida Road Trip to Cape Canaveral From Orlando,TRUE,TRUE,TRUE,TRUE,2548,Indexable,A Florida Road Trip to Cape Canaveral From Orlando,A Florida Road Trip to Cape Canaveral From Orlando,TRUE,TRUE,TRUE
/articles/yellowstone-national-park-campgrounds,/articles/yellowstone-national-park-campgrounds,SAME,XLSX,Articles,Articles,Content,Article,,,TRUE,,Indexable,A Guide to Camping in Yellowstone National Park | AMA Travel,All the best campgrounds in Yellowstone National Park,TRUE,TRUE,TRUE,TRUE,1685,Indexable,A Guide to Camping in Yellowstone National Park,All the Best Campgrounds in Yellowstone National Park,TRUE,TRUE,TRUE
/articles/magical-christmas-at-disney-parks,/articles/magical-christmas-at-disney-parks,SAME,XLSX,Articles,Articles,Content,Article,,,TRUE,,Indexable,A Magical Christmas at Disney Parks | AMA Travel,A Magical Christmas at Disney Parks,TRUE,TRUE,TRUE,FALSE,,,,,FALSE,FALSE,FALSE
/articles/lake-tahoe-nevada-road-trip,/articles/lake-tahoe-nevada-road-trip,SAME,XLSX,Articles,Articles,Content,Article,,,TRUE,,Indexable,A Perfect Weekend Road Trip to Lake Tahoe | AMA Travel,The Great Lake Tahoe Road Trip in Nevada,TRUE,TRUE,TRUE,TRUE,2619,Indexable,A Perfect Weekend Road Trip to Lake Tahoe,The Great Lake Tahoe Road Trip in Nevada,TRUE,TRUE,TRUE
/articles/snowbird-guide-rv-nevada,/articles/snowbird-guide-rv-nevada,SAME,XLSX,Articles,Articles,Content,Article,,,TRUE,,Indexable,A Snowbird’s Guide to RVing in Nevada | AMA Travel,A Snowbird’s Guide to RVing in Nevada,TRUE,TRUE,TRUE,TRUE,2581,Indexable,A Snowbird’s Guide to RVing in Nevada,A Snowbird’s Guide to RVing in Nevada,TRUE,TRUE,TRUE
/articles/sport-enthusiast-guide-anaheim,/articles/sport-enthusiast-guide-anaheim,SAME,XLSX,Articles,Articles,Content,Article,,,TRUE,,Indexable,A Sports Enthusiast’s Guide to Anaheim | AMA Travel,A Sports Enthusiast’s Guide to Anaheim,TRUE,TRUE,TRUE,TRUE,2620,Indexable,A Sports Enthusiast’s Guide to Anaheim,A Sports Enthusiast’s Guide to Anaheim,TRUE,TRUE,TRUE
/articles/aaa-caa-diamond-rating-program,/articles/aaa-caa-diamond-rating-program,SAME,XLSX,Articles,Articles,Content,Article,,,TRUE,,Indexable,AAA/CAA Diamond-Rating Program,AAA/CAA Diamond-Rating Program,TRUE,TRUE,TRUE,TRUE,1958,Indexable,AAA/CAA Diamond-Rating Program,AAA/CAA Diamond-Rating Program,TRUE,TRUE,TRUE
/about-us,/about-us,SAME,XLSX,General Top Level,Main,Brand,Informational Page,About Us,,TRUE,,Indexable,About AMA Travel & Our History,Our Travel Story,TRUE,TRUE,TRUE,TRUE,686,Indexable,About AMA Travel & Our History,Our Travel Story Begins with the drive to explore,TRUE,TRUE,TRUE
/vacation-packages/travel-styles/adventure,/vacation-packages/adventure,CHANGED,XLSX,Vacation Packages,Travel Styles,Vacation Packages,Collection Page,Vacation Packages (Adventure),,TRUE,,Indexable,Adventure Travel & Vacation Packages | AMA Travel,Adventure Vacations,TRUE,TRUE,TRUE,TRUE,1461,Indexable,Adventure Vacation Packages & Tours,Adventure Travel Starts Here,TRUE,TRUE,FALSE
/vacation-packages/disney/adventures-by-disney,/vacation-packages/disney/adventures-by-disney,SAME,XLSX,Vacation Packages,Tour Supplier,Vacation Packages,Supplier,Adventures by Disney,,TRUE,,Indexable,Adventures by Disney | AMA Travel,Adventures by Disney,TRUE,TRUE,TRUE,TRUE,1269,Indexable,AMA Travel Website,Adventures by Disney,TRUE,TRUE,FALSE
/air-canada/vacations,/vacation-packages/air-canada-vacations,SAME,XLSX,Vacation Packages,Tour Supplier,Vacation Packages,Supplier,Air Canada Vacations,,TRUE,,Indexable,Air Canada Vacations | AMA Travel,Air Canada Vacation Packages,TRUE,TRUE,TRUE,FALSE,,,,,FALSE,FALSE,FALSE
/articles/alberta-big-things-grande-prairie-loop,/articles/alberta-big-things-grande-prairie-loop,SAME,XLSX,Articles,Articles,Content,Article,,,TRUE,,Indexable,Alberta Big Things Road Trip - Grande Prairie Loop | AMA Travel,Alberta's Big Things Around Grande Prairie,TRUE,TRUE,TRUE,TRUE,2181,Indexable,Alberta Big Things Road Trip - Grande Prairie Loop,Alberta's Big Things Around Grande Prairie,TRUE,TRUE,TRUE
/articles/alberta-big-things-north-east-calgary,/articles/alberta-big-things-north-east-calgary,SAME,XLSX,Articles,Articles,Content,Article,,,TRUE,,Indexable,Alberta Big Things Road Trip - North East Calgary | AMA Travel,Alberta’s Big Things Northeast of Calgary,TRUE,TRUE,TRUE,TRUE,2342,Indexable,Alberta Big Things Road Trip - North East Calgary,Alberta’s Big Things Northeast of Calgary,TRUE,TRUE,TRUE
/articles/alberta-big-things-north-east-edmonton,/articles/alberta-big-things-north-east-edmonton,SAME,XLSX,Articles,Articles,Content,Article,,,TRUE,,Indexable,Alberta Big Things Road Trip - North East Edmonton | AMA Travel,Alberta’s Big Things Northeast of Edmonton,TRUE,TRUE,TRUE,TRUE,2263,Indexable,Alberta Big Things Road Trip - North East Edmonton,Alberta’s Big Things Northeast of Edmonton,TRUE,TRUE,TRUE
/articles/alberta-big-things-north-west-edmonton,/articles/alberta-big-things-north-west-edmonton,SAME,XLSX,Articles,Articles,Content,Article,,,TRUE,,Indexable,Alberta Big Things Road Trip - North West Edmonton | AMA Travel,Alberta’s Big Things Northwest of Edmonton,TRUE,TRUE,TRUE,TRUE,2218,Indexable,Alberta Big Things Road Trip - North West Edmonton,Alberta’s Big Things Northwest of Edmonton,TRUE,TRUE,TRUE
/articles/alberta-big-things-south-east-edmonton,/articles/alberta-big-things-south-east-edmonton,SAME,XLSX,Articles,Articles,Content,Article,,,TRUE,,Indexable,Alberta Big Things Road Trip - South East Edmonton | AMA Travel,Alberta’s Big Things Southeast of Edmonton,TRUE,TRUE,TRUE,TRUE,2396,Indexable,Alberta Big Things Road Trip - South East Edmonton,Alberta’s Big Things Southeast of Edmonton,TRUE,TRUE,TRUE
/articles/alberta-big-things-south-east-calgary,/articles/alberta-big-things-south-east-calgary,SAME,XLSX,Articles,Articles,Content,Article,,,TRUE,,Indexable,Alberta Big Things Road Trip | South East Calgary,Alberta’s Big Things Southeast of Calgary,TRUE,TRUE,TRUE,TRUE,913,Indexable,Alberta Big Things Road Trip - South East Calgary,Alberta’s Big Things Southeast of Calgary,TRUE,TRUE,TRUE
/vacation-destinations/north-america/canada/alberta,/destinations/alberta,CHANGED,XLSX,Destinations,Destinations,Destinations,Individual Destination,Alberta,,TRUE,,Indexable,Alberta Vacation Destinations & Places to see & visit | AMA Travel,Alberta,TRUE,TRUE,TRUE,TRUE,4028,Indexable,Alberta,Alberta,TRUE,TRUE,TRUE
/articles/getaway-to-the-rockies-this-winter,/articles/getaway-to-the-rockies-this-winter,SAME,XLSX,Articles,Articles,Content,Article,,,TRUE,,Indexable,Alberta Winter Vacations | AMA Travel,Getaway to the Rockies This Winter,TRUE,TRUE,TRUE,TRUE,758,Indexable,Alberta Winter Vacations,Getaway to the Rockies This Winter,TRUE,TRUE,TRUE
/articles/alberta-museums-and-collections,/articles/alberta-museums-and-collections,SAME,XLSX,Articles,Articles,Content,Article,,,TRUE,,Indexable,Alberta’s Most Curious Museums and Collections | AMA Travel,Alberta’s Most Curious Museums and Collections,TRUE,TRUE,TRUE,TRUE,1168,Indexable,Alberta’s Most Curious Museums and Collections,Alberta’s Most Curious Museums and Collections,TRUE,TRUE,TRUE
/articles/alberta-ghost-towns,/articles/alberta-ghost-towns,SAME,XLSX,Articles,Articles,Content,Article,,,TRUE,,Indexable,Alberta’s Spookiest Ghost Towns | AMA Travel,Alberta’s Spookiest Ghost Towns,TRUE,TRUE,TRUE,TRUE,1758,Indexable,Alberta Ghost Towns: The Spookiest Abandoned Places!,Alberta Ghost Towns – The Spookiest Abandoned Places for a Road Trip!,TRUE,TRUE,TRUE
/vacation-packages/travel-styles/family,/vacation-packages/family,CHANGED,XLSX,Vacation Packages,Travel Styles,Vacation Packages,Collection Page,Vacation Packages (Family),,TRUE,,Indexable,All Inclusive Family Resorts & Vacation Package Deals | AMA Travel,Family Vacations,TRUE,TRUE,TRUE,TRUE,1298,Indexable,Family Vacations & Packages,Plan the Best Family Vacations,TRUE,TRUE,FALSE
/articles/best-festivals-los-angeles,/articles/best-festivals-los-angeles,SAME,XLSX,Articles,Articles,Content,Article,,,TRUE,,Indexable,All of Los Angeles’ best festivals and events for 2024 | AMA Travel,Los Angeles’ Best Festivals and Events for 2024,TRUE,TRUE,TRUE,TRUE,1469,Indexable,All of Los Angeles’ best festivals and events for 2024,Los Angeles’ Best Festivals and Events for 2024,TRUE,TRUE,TRUE
/articles/enjoy-the-sun-in-anaheim,/articles/enjoy-the-sun-in-anaheim,SAME,XLSX,Articles,Articles,Content,Article,,,TRUE,,Non-Indexable,All the Best Ways to Soak Up the Sun in Anaheim | AMA Travel,All the Ways to Enjoy the California Sun in Anaheim,TRUE,TRUE,FALSE,TRUE,2583,Indexable,All the Best Ways to Soak Up the Sun in Anaheim,All the Ways to Enjoy the California Sun in Anaheim,TRUE,TRUE,TRUE
/articles/cowboy-culture-in-wyoming,/articles/cowboy-culture-in-wyoming,SAME,XLSX,Articles,Articles,Content,Article,,,TRUE,,Indexable,All the ways to experience cowboy culture in Wyoming | AMA Travel,All the Best Ways to Experience Cowboy Culture in Wyoming,TRUE,TRUE,TRUE,TRUE,1543,Indexable,All the Ways to Experience Cowboy Culture in Wyoming,All the Best Ways to Experience Cowboy Culture in Wyoming,TRUE,TRUE,TRUE
/articles/all-the-ways-to-stay-in-jasper,/articles/all-the-ways-to-stay-in-jasper,SAME,XLSX,Articles,Articles,Content,Article,,,TRUE,,Indexable,All the Ways to Stay in Jasper | AMA Travel,All the Ways to Stay in Jasper,TRUE,TRUE,TRUE,TRUE,2866,Indexable,All the Ways to Stay in Jasper,All the Ways to Stay in Jasper,TRUE,TRUE,TRUE
/articles,/articles,SAME,XLSX,Articles,Articles,Articles,Collection Page,Travel Articles Page,,TRUE,,Indexable,AMA Travel Articles,AMA Travel Articles,TRUE,TRUE,TRUE,TRUE,6555,Indexable,Travel Inspiration & Expert Tips,AMA Travel Resource Hub,TRUE,TRUE,FALSE
/locations,/centres,CHANGED,XLSX,Centres,Centres,Support/Service,Landing Page,All Centres Page,,TRUE,,Indexable,AMA Travel Centre Locations & Hours | AMA Travel,AMA Centre Locations & Hours,TRUE,TRUE,TRUE,TRUE,1267,Indexable,Find the Best Travel Agency Near Me,Find a Travel Centre Near You,TRUE,TRUE,TRUE
/travel-benefits,/member-perks/benefits-and-booking,MERGED,XLSX,Member,Members,Brand,Landing Page,NA,,TRUE,,Indexable,AMA Travel Member Benefits & Savings | AMA Travel,AMA Member Travel Benefits,TRUE,TRUE,TRUE,FALSE,,,,,FALSE,FALSE,FALSE
/articles/cruises-for-couples-the-ultimate-getaway,/articles/cruises-for-couples-the-ultimate-getaway,SAME,XLSX,Articles,Articles,Content,Article,,,TRUE,,Indexable,AMA Travel’s Best Cruises for Couples,Cruises for Couples: The Ultimate Getaway,TRUE,TRUE,TRUE,TRUE,2623,Indexable,AMA Travel’s Best Cruises for Couples,Cruises for Couples: The Ultimate Getaway,TRUE,TRUE,TRUE
/articles/guide-for-best-luggage,/articles/guide-for-best-luggage,SAME,XLSX,Articles,Articles,Content,Article,,,TRUE,,Indexable,AMA Travel’s Buyers Guide for High-Tech Luggage in 2023 | AMA Travel,The Newest and Coolest Luggage for 2024,TRUE,TRUE,TRUE,TRUE,1472,Indexable,AMA Travel’s Buyers Guide for High-Tech Luggage in 2024,The Newest and Coolest Luggage,TRUE,TRUE,TRUE
/articles/five-AMA-recommended-Jasper-hotels,/articles/five-AMA-recommended-Jasper-hotels,SAME,XLSX,Articles,Articles,Content,Article,,,TRUE,,Indexable,AMA Travel’s Recommended Hotels in Jasper | AMA Travel,"Jasper’s Newest Hotel, and Some of Our Favourite Recommendations",TRUE,TRUE,FALSE,FALSE,,,,,FALSE,FALSE,FALSE
/travel-medical-insurance/visitors-tourists-canada-plan,/travel-insurance/visitors-tourists,CHANGED,XLSX,Travel Insurance,Insurance,Insurance,Detail,Visitors to Canada Medical Insurance,,TRUE,,Indexable,AMA’s Visitors to Canada Travel Insurance | AMA Travel,VISITORS TO CANADA TRAVEL MEDICAL INSURANCE,TRUE,TRUE,TRUE,FALSE,,,,,FALSE,FALSE,FALSE
/cruises/river/amawaterways,/cruises/amawaterways,CHANGED,XLSX,Cruises,Cruises,Cruises,Supplier,Cruise Supplier (Amawaterways),,TRUE,,Indexable,AmaWaterways River Cruises | AMA Travel,,TRUE,TRUE,TRUE,TRUE,2278,Indexable,Book AmaWaterways River Cruises with AMA Travel,AmaWaterways® River Cruises,TRUE,TRUE,TRUE
/articles/road-trip-nevada-hwy50-america-original-road-trip,/articles/road-trip-nevada-hwy50-america-original-road-trip,SAME,XLSX,Articles,Articles,Content,Article,,,TRUE,,Indexable,"Amazing Road Trips on Highway 50, Nevada’s Loneliest Road | AMA Travel",Road Trip on Nevada’s Highway 50 – America’s Original Road Trip,TRUE,TRUE,TRUE,TRUE,2927,Indexable,"Amazing Road Trips on Highway 50, Nevada’s Loneliest Road",Road Trip on Nevada’s Highway 50 – America’s Original Road Trip,TRUE,TRUE,TRUE
/articles/florida-brightline-train,/articles/florida-brightline-train,SAME,XLSX,Articles,Articles,Content,Article,,,TRUE,,Indexable,An Overview of Florida’s New Brightline High-Speed Passenger Train | AMA Travel,Everything Just Feels Right on Florida’s New Brightline Train,TRUE,TRUE,TRUE,TRUE,2699,Indexable,Florida’s New Brightline High-Speed Passenger Train,Everything Just Feels Right on Florida’s New Brightline Train,TRUE,TRUE,TRUE
/vacation-packages/travel-styles/guided-tours/anderson-vacations,/vacation-packages/anderson-vacations,CHANGED,XLSX,Vacation Packages,Tour Supplier,Vacation Packages,Supplier,Tour Supplier (Anderson),,TRUE,,Indexable,Anderson Vacations | AMA Travel,Small Group Tours and Custom Trips with Anderson Vacations,TRUE,TRUE,TRUE,TRUE,1359,Indexable,Book Anderson Vacations with AMA Travel,Anderson Vacations,TRUE,TRUE,TRUE
/travel-medical-insurance/multi-trip,/travel-insurance/multi-trip,CHANGED,XLSX,Travel Insurance,Insurance,Insurance,Detail,Multi-Trip Insurance,,TRUE,,Indexable,Annual Multi Trip Travel Insurance Plans | AMA Travel,Multi-Trip Travel Medical Insurance Benefits,TRUE,TRUE,TRUE,TRUE,2262,Indexable,Multi Trip Travel Insurance,,TRUE,TRUE,TRUE
/expert-centre,/help-centre,CHANGED,XLSX,Travel Agent Experience (TAE),Help Centre,Support/Service,Collection Page,Help Centre Page,,TRUE,,Indexable,Answers To All Your Travel Questions In One Place,Travel Confidently. With AMA Travel.,TRUE,TRUE,TRUE,TRUE,2120,Indexable,Travel Help & Booking Support,AMA Help Centre,TRUE,TRUE,TRUE
/vacation-destinations/north-america/us/arizona,/destinations/arizona,CHANGED,XLSX,Destinations,Destinations,Destinations,Individual Destination,Arizona,,TRUE,,Indexable,"Arizona Hotels, Flights & Things to Do | AMA Travel",Arizona,TRUE,TRUE,TRUE,TRUE,3466,Indexable,Arizona,Arizona,TRUE,TRUE,TRUE
/articles/ask-a-travel-expert-everything-you-could-want-to-know-about-hawaiis-volcanoes,/articles/ask-a-travel-expert-everything-you-could-want-to-know-about-hawaiis-volcanoes,SAME,XLSX,Articles,Articles,Content,Article,,,TRUE,,Indexable,Ask a Travel Expert: How Dangerous Are Hawaii’s Volcanoes? | AMA Travel,Ask a Travel Expert: Everything You Could Want to Know about Hawaii’s Volcanoes,TRUE,TRUE,TRUE,TRUE,1762,Indexable,Ask a Travel Expert: How Dangerous Are Hawaii’s Volcanoes?,Ask a Travel Expert: Everything You Could Want to Know about Hawaii’s Volcanoes,TRUE,TRUE,TRUE
/articles/ask-a-travel-expert-the-life-of-a-cruise-ship-chef,/articles/ask-a-travel-expert-the-life-of-a-cruise-ship-chef,SAME,XLSX,Articles,Articles,Content,Article,,,TRUE,,Indexable,Ask a Travel Expert: The Life of an Oceania Cruise Ship Chef | AMA Travel,Ask a Travel Expert: The Life of a Cruise Ship Chef,TRUE,TRUE,TRUE,TRUE,1951,Indexable,Ask a Travel Expert: The Life of an Oceania Cruise Ship Chef,Ask a Travel Expert: The Life of a Cruise Ship Chef,TRUE,TRUE,TRUE
/articles/ask-a-travel-expert-the-truth-about-coach-tours,/articles/ask-a-travel-expert-the-truth-about-coach-tours,SAME,XLSX,Articles,Articles,Content,Article,,,TRUE,,Indexable,Ask a Travel Expert: The Truth about Coach Tours,Ask a Travel Expert: The Truth about Coach Tours,TRUE,TRUE,TRUE,TRUE,2114,Indexable,Ask a Travel Expert: The Truth About Coach Tours,Ask a Travel Expert: The Truth About Coach Tours,TRUE,TRUE,TRUE
/articles/ask-expert-see-wildlife-banff-lake-louise,/articles/ask-expert-see-wildlife-banff-lake-louise,SAME,XLSX,Articles,Articles,Content,Article,,,TRUE,,Indexable,Ask an Expert: How to See Wildlife in Banff & Lake Louise | AMA Travel,Ask an Expert: How to See Animals in Banff & Lake Louise,TRUE,TRUE,TRUE,TRUE,1674,Indexable,AMA Travel Website,Ask an Expert: How to See Animals in Banff & Lake Louise,TRUE,TRUE,TRUE
/vacation-packages/disney/aulani,/vacation-packages/disney/aulani,SAME,XLSX,Vacation Packages,Tour Supplier,Vacation Packages,Supplier,Disney Aulani,,TRUE,,Indexable,Aulani - A Disney Resort & Spa | AMA Travel,"Aulani, A Disney Resort & Spa",TRUE,TRUE,TRUE,FALSE,,,,,FALSE,FALSE,FALSE
/cruises/river/avalon-waterways,/cruises/avalon-waterways,CHANGED,XLSX,Cruises,Cruises,Cruises,Supplier,Cruise Supplier (Avalon Waterways),,TRUE,,Indexable,Avalon Waterways River Cruises | AMA Travel,Special Savings And Offers,TRUE,TRUE,TRUE,TRUE,1703,Indexable,Book Avalon Waterways with AMA Travel,Avalon Waterways® River Cruises,TRUE,TRUE,TRUE
/cruises/luxury-small-ship/azamara,/cruises/azamara,CHANGED,XLSX,Cruises,Cruises,Cruises,Supplier,Cruise Supplier (Azamara),,TRUE,,Indexable,Azamara Luxury Cruises | AMA Travel,,TRUE,TRUE,TRUE,TRUE,1572,Indexable,Book Azamara Cruises with AMA Travel,Azamara Cruises®,TRUE,TRUE,TRUE
/articles/bali-first-timers-travel-guide,/articles/bali-first-timers-travel-guide,SAME,XLSX,Articles,Articles,Content,Article,,,TRUE,,Indexable,Bali: A First-Timer’s Travel Guide | AMA Travel,First-Timer’s Guide to Bali: 11 Things You Need to Know,TRUE,TRUE,TRUE,TRUE,1519,Indexable,Bali: A First-Timer’s Travel Guide,First-Timer’s Guide to Bali: 11 Things You Need to Know,TRUE,TRUE,TRUE
/articles/quick-trips-banff,/articles/quick-trips-banff,SAME,XLSX,Articles,Articles,Content,Article,,,TRUE,,Indexable,"Banff Attractions, Hikes, and Cheap Accommodations | AMA Travel",Where to Save & Things to do in Banff,TRUE,TRUE,TRUE,TRUE,2364,Indexable,Cheap Things to Do in Banff (Ways to Save),Cheap Things to Do in Banff,TRUE,TRUE,TRUE
/vacation-packages/rocky-mountain-winter/sunshine-ski-resort,/vacation-packages/rocky-mountain-winter/sunshine-ski-resort,SAME,XLSX,Vacation Packages,Rocky Mountain - Seasons,Hotels,Supplier,Ski Resort Supplier (Sunshine) ,,TRUE,,Indexable,Banff Sunshine Ski Resort & Lift Tickets Discounts | AMA Travel,Members Ski for Less at Banff Sunshine Village Ski Resort,TRUE,TRUE,TRUE,TRUE,1982,Indexable,AMA Travel Website,Sunshine Ski Resort Banff,TRUE,TRUE,FALSE
/vacation-destinations/north-america/canada/alberta/banff,/destinations/banff,CHANGED,XLSX,Destinations,Destinations,Destinations,Individual Destination,Banff,,TRUE,,Indexable,"Banff Vacation Rentals, Hotels & Things To Do In Winter & Summer | AMA Travel",,TRUE,TRUE,TRUE,TRUE,4216,Indexable,"Banff, Alberta","Banff, Alberta",TRUE,TRUE,TRUE
/articles/banff-most-instagrammable-spots-winter,/articles/banff-most-instagrammable-spots-winter,SAME,XLSX,Articles,Articles,Content,Article,,,TRUE,,Indexable,Banff’s Most Instagrammable Spots in Winter | AMA Travel,Banff’s Most Instagrammable Spots in Winter,TRUE,TRUE,TRUE,TRUE,2191,Indexable,Banff’s Most Instagrammable Spots in Winter,Banff’s Most Instagrammable Spots in Winter,TRUE,TRUE,TRUE
/vacation-packages/travel-styles/beach,/vacation-packages/beach,CHANGED,XLSX,Vacation Packages,Travel Styles,Vacation Packages,Collection Page,Vacation Packages (Beach),,TRUE,,Indexable,Best Beach Vacation Packages & Resorts | AMA Travel,Beach Vacations,TRUE,TRUE,TRUE,TRUE,1068,Indexable,All Inclusive Beach Vacations & Resort Packages,Book All-Inclusive Beach Vacations,TRUE,TRUE,FALSE
/last-minute-vacation-deals,/deals,CHANGED,XLSX,General Top Level,Main,Deals,Deals,Deals (Main),,TRUE,,Indexable,Best Last Minute Vacations & All Inclusive Deals | AMA Travel,,TRUE,TRUE,TRUE,FALSE,,,,,FALSE,FALSE,FALSE
/tours/best-of-italy,/vacation-packages/tours/best-of-italy,CHANGED,XLSX,Vacation Packages,Tours,Tours,Individual Item,Individual Tours Page (Italy),,TRUE,,Indexable,Best Of Italy,Best Of Italy,TRUE,TRUE,TRUE,TRUE,2870,Indexable,AMA Travel Website,Best of Italy,TRUE,TRUE,FALSE
/articles/quick-trips-winter-fun-in-phoenix,/articles/quick-trips-winter-fun-in-phoenix,SAME,XLSX,Articles,Articles,Content,Article,,,TRUE,,Indexable,Best Phoenix Trip Ideas from AMA | AMA Travel,Winter Fun in Phoenix,TRUE,TRUE,TRUE,TRUE,2134,Indexable,Best Phoenix Trip Ideas From AMA,Winter Fun in Phoenix,TRUE,TRUE,TRUE
/best-price-guarantee,/best-price-guarantee,SAME,XLSX,General Top Level,Main,Support/Service,Informational Page,Best Price Guarantee,,TRUE,,Indexable,Best Price Guarantee on Online Hotels & Vacation Packages | AMA Travel,AMA Travel Best Price Guarantee,TRUE,TRUE,TRUE,TRUE,1199,Indexable,Best Price Guarantee on Hotels & Vacations,,TRUE,TRUE,TRUE
/articles/royal-caribbeans-symphony-of-the-seas-food-to-cruise-for,/articles/royal-caribbeans-symphony-of-the-seas-food-to-cruise-for,SAME,XLSX,Articles,Articles,Content,Article,,,TRUE,,Indexable,Best restaurants on Royal Caribbean’s Symphony of the Seas | AMA Travel,Royal Caribbean’s Symphony of the Seas – Food to Cruise For,TRUE,TRUE,TRUE,TRUE,1562,Indexable,Best Restaurants on Royal Caribbean’s Symphony of the Seas,Royal Caribbean’s Symphony of the Seas – Food to Cruise For,TRUE,TRUE,TRUE
/cruises/luxury-small-ship,/cruises/luxury-small-ship,SAME,XLSX,Cruises,Cruises,Cruises,Collection Page,Luxury cruise/small ship,,TRUE,,Indexable,Best small Luxury Cruise Ships & Cruise Lines | AMA Travel,Luxury & Small Ship Cruising with AMA Travel,TRUE,TRUE,TRUE,TRUE,2169,Indexable,Explore Luxury Cruises,Luxury Cruises - The Height of Quality at the Edge of the World,TRUE,TRUE,TRUE
/articles/travelling-solo-best-solo-travel-tips,/articles/travelling-solo-best-solo-travel-tips,SAME,XLSX,Articles,Articles,Content,Article,,,TRUE,,Indexable,Best Solo Travel Tips | AMA Travel,Great Solo Travel Tips for Albertans,TRUE,TRUE,TRUE,TRUE,2459,Indexable,Best Solo Travel Tips,Great Solo Travel Tips for Albertans,TRUE,TRUE,TRUE
/articles/best-time-to-visit-banff-and-the-canadian-rockies,/articles/best-time-to-visit-banff-and-the-canadian-rockies,SAME,XLSX,Articles,Articles,Content,Article,,,TRUE,,Indexable,Best Time to Visit Banff and the Canadian Rockies | AMA Travel,Shoulder Season - The Best Time to Visit Banff and the Canadian Rockies,TRUE,TRUE,TRUE,TRUE,2759,Indexable,Best Time to Visit Banff & The Canadian Rockies,Best Time to Visit Banff & The Canadian Rockies,TRUE,TRUE,TRUE
/articles/best-tips-when-planning-a-trip-to-disney-at-christmas,/articles/best-tips-when-planning-a-trip-to-disney-at-christmas,SAME,XLSX,Articles,Articles,Content,Article,,,TRUE,,Indexable,Best Tips When Planning a Trip to Disney at Christmas | AMA Travel,Best Tips When Planning a Trip to Disney at Christmas,TRUE,TRUE,TRUE,TRUE,2381,Indexable,Best Tips When Planning a Trip to Disney at Christmas,Best Tips When Planning a Trip to Disney at Christmas,TRUE,TRUE,TRUE
/hotels/best-western,/hotels/best-western,SAME,XLSX,Hotels,Hotels,Hotels,Supplier,Hotel Supplier (Best Western),,TRUE,,Indexable,Best Western Hotels - Stay & Save Worldwide | AMA Travel,Stay and Save with Best Western,TRUE,TRUE,TRUE,TRUE,1028,Indexable,Book Best Western Hotels with AMA Travel,Best Western,TRUE,TRUE,TRUE
/articles/beyond-the-strip-8-attractions-outside-of-vegas-you-have-to-experience,/articles/beyond-the-strip-8-attractions-outside-of-vegas-you-have-to-experience,SAME,XLSX,Articles,Articles,Content,Article,,,TRUE,,Indexable,Beyond the Strip: Everything to See Outside Vegas | AMA Travel,Beyond the Strip: 8 Attractions Outside of Vegas You Have to Experience,TRUE,TRUE,TRUE,TRUE,2473,Indexable,Beyond the Strip: Everything to See Outside Vegas,Beyond the Strip: 8 Attractions Outside of Vegas You Have to Experience,TRUE,TRUE,TRUE
/hotels,/hotels,SAME,XLSX,Hotels,Hotels,Hotels,Landing Page,Hotels LP,,TRUE,,Indexable,Book Cheap Hotels with Last Minute Hotel Deals | AMA Travel,,TRUE,TRUE,FALSE,TRUE,2058,Indexable,Hotels & Resorts in Alberta and Beyond,Find the Perfect Hotel for Your Next Trip,TRUE,TRUE,TRUE
/hotels/vacation-rentals,/hotels/vacation-rentals,SAME,XLSX,Hotels,Hotels,Hotels,Landing Page,Hotels(Vacation Rentals),,TRUE,,Indexable,Book Vacation Rentals with AMA Travel | AMA Travel,Vacation Rentals with AMA Travel,TRUE,TRUE,TRUE,TRUE,1187,Indexable,Vacation Rentals & Homes,Find Your Dream Vacation Rental,TRUE,TRUE,FALSE
/cruises/ocean/cunard,/cruises/cunard,CHANGED,XLSX,Cruises,Cruises,Cruises,Supplier,Cruise Supplier (Cunard),,TRUE,,Indexable,Booking with Cunard Cruise Line,Cruising with Cunard Line,TRUE,TRUE,TRUE,TRUE,2309,Indexable,Book Cunard Line with AMA Travel,Cunard Line Cruises,TRUE,TRUE,TRUE
/articles/san-diego-luxury-or-budget,/articles/san-diego-luxury-or-budget,SAME,XLSX,Articles,Articles,Content,Article,,,TRUE,,Indexable,Bougie or Budget — San Diego Done Two Ways | AMA Travel,Bougie or Budget — How to Spend in San Diego,TRUE,TRUE,TRUE,TRUE,1709,Indexable,Bougie or Budget — San Diego Done Two Ways,Bougie or Budget — How to Spend in San Diego,TRUE,TRUE,TRUE
/vacation-destinations/north-america/canada/british-columbia,/destinations/british-columbia,CHANGED,XLSX,Destinations,Destinations,Destinations,Individual Destination,British Columbia,,TRUE,,Indexable,"British Columbia Vacation Rentals, Resorts & Places To Visit | AMA Travel",British Columbia,TRUE,TRUE,TRUE,TRUE,3874,Indexable,British Columbia,British Columbia,TRUE,TRUE,TRUE
/articles/build-perfect-itinerary-banff,/articles/build-perfect-itinerary-banff,SAME,XLSX,Articles,Articles,Content,Article,,,TRUE,,Indexable,Build the Perfect 3-Day Itinerary in Banff National Park | AMA Travel,Build the Perfect 3-Day Itinerary in Banff National Park,TRUE,TRUE,TRUE,TRUE,2064,Indexable,Build the Perfect 3-Day Itinerary in Banff National Park,Build the Perfect 3-Day Itinerary in Banff National Park,TRUE,TRUE,TRUE
/articles/build-perfect-itinerary-edmonton,/articles/build-perfect-itinerary-edmonton,SAME,XLSX,Articles,Articles,Content,Article,,,TRUE,,Indexable,Build the Perfect 3-Day Itinerary in Edmonton | AMA Travel,Build the Perfect 3-Day Itinerary in Edmonton,TRUE,TRUE,TRUE,TRUE,1960,Indexable,Build the Perfect 3-Day Itinerary in Edmonton,Build the Perfect 3-Day Itinerary in Edmonton,TRUE,TRUE,TRUE
/articles/build-the-perfect-3-day-itinerary-in-jasper,/articles/build-the-perfect-3-day-itinerary-in-jasper,SAME,XLSX,Articles,Articles,Content,Article,,,TRUE,,Indexable,Build the Perfect 3-Day Itinerary in Jasper | AMA Travel,Build the Perfect 3-Day Itinerary in Jasper,TRUE,TRUE,TRUE,TRUE,1736,Indexable,Build the Perfect 3-Day Itinerary in Jasper,Build the Perfect 3-Day Itinerary in Jasper,TRUE,TRUE,TRUE
/articles/build-perfect-itinerary-whistler,/articles/build-perfect-itinerary-whistler,SAME,XLSX,Articles,Articles,Content,Article,,,TRUE,,Indexable,Build the Perfect 4-Day Itinerary in Whistler | AMA Travel,Build the Perfect 4-Day Itinerary in Whistler,TRUE,TRUE,TRUE,TRUE,1665,Indexable,AMA Travel Website,Build the Perfect 4-Day Itinerary in Whistler,TRUE,TRUE,TRUE
/articles/build-perfect-itinerary-victoria,/articles/build-perfect-itinerary-victoria,SAME,XLSX,Articles,Articles,Content,Article,,,TRUE,,Indexable,Build Your Own 3-Day Itinerary in Victoria | AMA Travel,Build the Perfect 3-Day Itinerary in Victoria,TRUE,TRUE,TRUE,TRUE,2035,Indexable,Build Your Own 3-Day Itinerary in Victoria,Build the Perfect 3-Day Itinerary in Victoria,TRUE,TRUE,TRUE
/articles/best-seattle-only-four-days,/articles/best-seattle-only-four-days,SAME,XLSX,Articles,Articles,Content,Article,,,TRUE,,Indexable,Build Your Own Four-Day Itinerary in Seattle | AMA Travel,The Best of Seattle in Only Four Days,TRUE,TRUE,TRUE,TRUE,2236,Indexable,Build Your Own Four-Day Itinerary in Seattle,The Best of Seattle in Only Four Days,TRUE,TRUE,TRUE
/articles/build-perfect-itinerary-california,/articles/build-perfect-itinerary-california,SAME,XLSX,Articles,Articles,Content,Article,,,TRUE,,Indexable,"Build Your Perfect 4-Day Itinerary in LA, San Diego, and Anaheim | AMA Travel","Build Your Perfect 4-Day Itinerary in Los Angeles, Anaheim, and San Diego",TRUE,TRUE,TRUE,TRUE,1741,Indexable,"Build the Perfect 4-Day Itinerary in LA, San Diego & Anaheim","Build Your Perfect 4-Day Itinerary in Los Angeles, Anaheim, and San Diego",TRUE,TRUE,TRUE
/vacation-packages/travel-styles/coach-bus-tours/caa-member-choice,/vacation-packages/caa-member-choice,CHANGED,XLSX,Vacation Packages,Tour Supplier,Vacation Packages,Supplier,Tour Supplier (CAA Member Choice),,TRUE,,Indexable,CAA Member Choice Vacations & Travel Packages | AMA Travel,CAA Member Choice Vacations,TRUE,TRUE,TRUE,TRUE,1302,Indexable,CAA Member Choice Vacations Tours & Vacations,CAA Member Choice Vacations,TRUE,TRUE,TRUE
/vacation-destinations/north-america/canada/alberta/calgary,/destinations/calgary,CHANGED,XLSX,Destinations,Destinations,Destinations,Individual Destination,Calgary,,TRUE,,Indexable,"Calgary Hotels, Fun Things to do, Activities & Attractions | AMA Travel",Calgary,TRUE,TRUE,TRUE,TRUE,3990,Indexable,"Calgary, Alberta","Calgary, Alberta",TRUE,TRUE,TRUE
/articles/california-foodie-road-trip,/articles/california-foodie-road-trip,SAME,XLSX,Articles,Articles,Content,Article,,,TRUE,,Indexable,California Foodie Road Trip | AMA Travel,The Perfect California Foodie Road Trip,TRUE,TRUE,TRUE,TRUE,1848,Indexable,California Foodie Road Trip,The Perfect California Foodie Road Trip,TRUE,TRUE,TRUE
/vacation-destinations/north-america/canada,/destinations/canada,CHANGED,XLSX,Destinations,Destinations,Destinations,Individual Destination,Canada,,TRUE,,Indexable,Canada Travel Packages | AMA Travel,Canada,TRUE,TRUE,TRUE,TRUE,4130,Indexable,Canada,Canada,TRUE,TRUE,TRUE
/canadream,/car-rentals/canadream,CHANGED,XLSX,Car Rentals,Car Rentals,Car Rentals,Supplier,Car Rental Supplier (Canadream),,TRUE,,Indexable,CanaDream RV Rentals | AMA Travel,Canadream RV Rentals,TRUE,TRUE,FALSE,TRUE,1282,Indexable,Save on CanaDream RV Rentals with AMA Travel,CanaDream RV Rentals,TRUE,TRUE,TRUE
/articles/cancel-any-reason-travel-insurance,/articles/cancel-any-reason-travel-insurance,SAME,XLSX,Articles,Articles,Content,Article,,,TRUE,,Indexable,Cancel for Any Other Reason Travel Insurance | AMA Travel,Our “Cancel for Any Other Reason” Travel Insurance Provides You Even More Coverage,TRUE,TRUE,TRUE,TRUE,1624,Indexable,Cancel for Any Other Reason Travel Insurance,Our “Cancel for Any Other Reason” Travel Insurance Provides You Even More Coverage,TRUE,TRUE,TRUE
/vacation-destinations/north-america/mexico/cancun-riviera-maya,/destinations/cancun-riviera-maya,CHANGED,XLSX,Destinations,Destinations,Destinations,Individual Destination,"Cancun, Riviera Maya",,TRUE,,Indexable,"Cancun, Riviera Maya Vacations & Destination Info | AMA Travel",Cancun & Riviera Maya,TRUE,TRUE,TRUE,FALSE,,,,,FALSE,FALSE,FALSE
/articles/quick-trips-canmore,/articles/quick-trips-canmore,SAME,XLSX,Articles,Articles,Content,Article,,,TRUE,,Indexable,"Canmore Attractions, Hikes, and Cheap Accommodations | AMA Travel","Hiking, Eating, and Touring in Canmore",TRUE,TRUE,TRUE,TRUE,2370,Indexable,"Canmore Attractions, Hikes, and Cheap Accommodations","Hiking, Eating, and Touring in Canmore",TRUE,TRUE,TRUE
/vacation-destinations/north-america/canada/alberta/canmore,/destinations/canmore,CHANGED,XLSX,Destinations,Destinations,Destinations,Individual Destination,Canmore,,TRUE,,Indexable,"Canmore Hotels, Vacation Rentals & Things to do | AMA Travel",,TRUE,TRUE,TRUE,TRUE,4193,Indexable,"Canmore, Alberta","Canmore, Alberta",TRUE,TRUE,TRUE
/cars/national-emerald-club,/car-rentals/national-emerald-club,CHANGED,XLSX,Car Rentals,Car Rentals,Car Rentals,Supplier,Car Rental Supplier (National),,TRUE,,Indexable,Car Rental | National Emerald Club,,TRUE,TRUE,TRUE,TRUE,1357,Indexable,AMA Travel Website,National Car Rentals,TRUE,TRUE,TRUE
/vacation-destinations/caribbean,/destinations/mexico-caribbean-hawaii,MERGED,XLSX,Destinations,Destinations,Destinations,Individual Destination,Caribbean,"Might be cut & merged, or might keep in addition to broader region page?",TRUE,,Indexable,Caribbean Vacations | AMA Travel,Caribbean,TRUE,TRUE,TRUE,TRUE,4038,Indexable,"Mexico, Caribbean & Hawaii","Mexico, Caribbean & Hawaii",TRUE,TRUE,TRUE
/vacation-destinations/caribbean/cuba/cayo-coco,/destinations/cayo-coco,CHANGED,XLSX,Destinations,Destinations,Destinations,Individual Destination,Cayo Coco,,TRUE,,Indexable,"Cayo Coco Cuba All Inclusive Resorts, Flights & Things To Do | AMA Travel",Cayo Coco,TRUE,TRUE,TRUE,FALSE,,,,,FALSE,FALSE,TRUE
/articles/cayo-santa-maria-cuba-beaches-and-beyond,/articles/cayo-santa-maria-cuba-beaches-and-beyond,SAME,XLSX,Articles,Articles,Content,Article,,,TRUE,,Indexable,"Cayo Santa Maria, Cuba: Beaches and Beyond | AMA Travel","Cayo Santa Maria, Cuba: Beaches and Beyond",TRUE,TRUE,TRUE,TRUE,1917,Indexable,"Cayo Santa Maria, Cuba: Beaches and Beyond","Cayo Santa Maria, Cuba: Beaches and Beyond",TRUE,TRUE,TRUE
/articles/celebrate-winter-in-jasper,/articles/celebrate-winter-in-jasper,SAME,XLSX,Articles,Articles,Content,Article,,,TRUE,,Indexable,Celebrate Everything Winter at Jasper in January | AMA Travel,Celebrate Everything Winter at Jasper in January 2024,TRUE,TRUE,TRUE,TRUE,2758,Indexable,Celebrate Everything Winter at Jasper in January,Celebrate Everything Winter at Jasper in January 2024,TRUE,TRUE,TRUE
/vacation-packages/honeymoon-romantic-getaways,/vacation-packages/honeymoons,CHANGED,XLSX,Vacation Packages,Travel Themes,Vacation Packages,Collection Page,Vacation Packages (Honeymoons),,TRUE,,Indexable,"Cheap Honeymoon Destinations, Resorts, Ideas & Packages | AMA Travel",Honeymoon Vacations,TRUE,TRUE,TRUE,TRUE,1395,Indexable,Honeymoon Packages & Destinations,Plan Your Perfect Honeymoon Vacation,TRUE,TRUE,FALSE
/articles/family-plans-vs-individual-travel-insurance-plans,/articles/family-plans-vs-individual-travel-insurance-plans,SAME,XLSX,Articles,Articles,Content,Article,,,TRUE,,Indexable,Choosing Family Coverage or Individual Insurance Policies | AMA Travel,Family Plans vs. Individual Travel Insurance Plans,TRUE,TRUE,TRUE,TRUE,2425,Indexable,Choosing Family Coverage or Individual Insurance Policies,Family Plans vs. Individual Travel Insurance Plans,TRUE,TRUE,TRUE
/articles/maui-beach-choices,/articles/maui-beach-choices,SAME,XLSX,Articles,Articles,Content,Article,,,TRUE,,Indexable,Choosing the Maui Beach That’s Right For You | AMA Travel,Choosing the Maui Beach That’s Right For You,TRUE,TRUE,TRUE,TRUE,2030,Indexable,Choosing the Maui Beach That’s Right For You,Choosing the Maui Beach That’s Right For You,TRUE,TRUE,TRUE
/articles/choosing-caribbean-cruise-adventure,/articles/choosing-caribbean-cruise-adventure,SAME,XLSX,Articles,Articles,Content,Article,,,TRUE,,Indexable,Choosing your Caribbean Cruise Adventure | AMA Travel,Choosing Your Caribbean Cruise Adventure,TRUE,TRUE,TRUE,TRUE,2211,Indexable,Choosing your Caribbean Cruise Adventure,Choosing Your Caribbean Cruise Adventure,TRUE,TRUE,TRUE
/articles/whos-coming-christmas-november-jasper,/articles/whos-coming-christmas-november-jasper,SAME,XLSX,Articles,Articles,Content,Article,,,TRUE,,Indexable,Christmas in November at Jasper Fairmont Lodge 2023 | AMA Travel,,TRUE,TRUE,TRUE,TRUE,2323,Indexable,Christmas in November at Jasper Fairmont Lodge 2023,Who's Coming to “Christmas in November” at Jasper Fairmont Lodge This Year,TRUE,TRUE,TRUE
/vacation-packages/travel-styles/coach-bus-tours,/vacation-packages/bus-tours,CHANGED,XLSX,Vacation Packages,Vacation Packages,By Style,Collection Page,Coach Tours,,TRUE,,Indexable,Coach Tours & Guided Bus trip vacations | AMA Travel,Long Stay Vacations,TRUE,TRUE,TRUE,FALSE,,,,,FALSE,FALSE,FALSE
/travel-medical-insurance,/travel-insurance/emergency-medical,CHANGED,XLSX,Travel Insurance,Insurance,Insurance,Landing Page,Emergency Travel Medical,,TRUE,,Indexable,Compare Travel Medical Insurance Plans & Quotes | AMA Travel,Travel Medical Insurance,TRUE,TRUE,TRUE,FALSE,,,,,FALSE,FALSE,FALSE
/trip-cancellation-interruption-insurance,/travel-insurance/trip-cancellation-interruption,CHANGED,XLSX,Travel Insurance,Insurance,Insurance,Detail,Trip Cancellation Insurance,,TRUE,,Indexable,Compare Trip Cancellation and Trip Interruption Travel Insurance Plans | AMA Travel,,TRUE,TRUE,TRUE,FALSE,,,,,FALSE,FALSE,FALSE
/articles/contiki-creates-epic-vacations-top-destinations,/articles/contiki-creates-epic-vacations-top-destinations,SAME,XLSX,Articles,Articles,Content,Article,,,TRUE,,Indexable,Contiki Brings Epic Vacations to the World’s Top Destinations | AMA Travel,How Contiki Creates Epic Vacations in Some of the World’s Top Destinations,TRUE,TRUE,TRUE,TRUE,1494,Indexable,Contiki Brings Epic Vacations to the Top Destinations,How Contiki Creates Epic Vacations in Some of the World’s Top Destinations,TRUE,TRUE,TRUE
/vacation-packages/travel-styles/coach-bus-tours/contiki,/vacation-packages/contiki,CHANGED,XLSX,Vacation Packages,Tour Supplier,Vacation Packages,Supplier,Tour Supplier (Contiki),,TRUE,,Indexable,"Contiki Guided Tours, Europe, America & More | AMA Travel",Contiki Tours,TRUE,TRUE,TRUE,TRUE,2035,Indexable,Book Contiki Tours & Europe Trips with AMA Travel,Contiki® Travel,TRUE,TRUE,TRUE
/groups/corporate,/vacation-packages/corporate-travel,CHANGED,XLSX,Vacation Packages,Travel Themes,Vacation Packages,Collection Page,Vacation Packages (Corporate Travel),,TRUE,,Indexable,Corporate Rewards & Recognition and Customer Appreciation Programs | AMA Travel,,TRUE,TRUE,TRUE,TRUE,1255,Indexable,Corporate and Incentive Travel Packages,Explore Corporate & Incentive Travel Programs,TRUE,TRUE,FALSE
/vacation-packages/travel-styles/coach-bus-tours/cosmos,/vacation-packages/cosmos,CHANGED,XLSX,Vacation Packages,Tour Supplier,Vacation Packages,Supplier,Tour Supplier (Cosmos),,TRUE,,Indexable,Cosmos,Cosmos,TRUE,TRUE,TRUE,TRUE,1671,Indexable,Book Affordable Cosmos Tours & Vacations with AMA Travel,Cosmos®,TRUE,TRUE,TRUE
/vacation-packages/travel-styles/coach-bus-tours/costsaver,/vacation-packages/costsaver,CHANGED,XLSX,Vacation Packages,Tour Supplier,Vacation Packages,Supplier,Tour Supplier (Costsaver),,TRUE,,Indexable,Costsaver,CostSaver Tours,TRUE,TRUE,TRUE,TRUE,1608,Indexable,Book Costsaver Tours with AMA Travel,Costsaver®,TRUE,TRUE,TRUE
/articles/member-benefits-when-booking-cruise,/articles/member-benefits-when-booking-cruise,SAME,XLSX,Articles,Articles,Content,Article,,,TRUE,,Indexable,Cruise Benefits with AMA Membership | AMA Travel,Cruise Benefits with AMA Membership,TRUE,TRUE,TRUE,TRUE,2281,Indexable,Cruise Benefits with AMA Membership,Cruise Benefits with AMA Membership,TRUE,TRUE,TRUE
/articles/cruise-down-romantic-danube-river,/articles/cruise-down-romantic-danube-river,SAME,XLSX,Articles,Articles,Content,Article,,,TRUE,,Indexable,Cruise Down the Romantic Danube River | AMA Travel,Cruise Down the Romantic Danube River,TRUE,TRUE,TRUE,TRUE,2442,Indexable,Cruise Down the Romantic Danube River,Cruise Down the Romantic Danube River,TRUE,TRUE,TRUE
/cruises/special-offers,/cruises/deals,CHANGED,XLSX,Deals,Cruises,Deals,Deals,Deals (Cruise),,TRUE,,Indexable,Cruise Vacation Deals | AMA Travel,Ocean Cruise Deals,TRUE,TRUE,TRUE,TRUE,1458,Indexable,Explore Cruise Offers,,TRUE,TRUE,TRUE
/articles/been-there-loved-that-cruising-in-tahiti,/articles/been-there-loved-that-cruising-in-tahiti,SAME,XLSX,Articles,Articles,Content,Article,,,TRUE,,Indexable,Cruising Tahiti with Windstar Cruises | AMA Travel,"Been There, Loved That: Cruising in Tahiti",TRUE,TRUE,TRUE,TRUE,1271,Indexable,Cruising Tahiti with Windstar Cruises,"Been There, Loved That: Cruising in Tahiti",TRUE,TRUE,TRUE
/articles/cruising-the-rhine-near-christmastime,/articles/cruising-the-rhine-near-christmastime,SAME,XLSX,Articles,Articles,Content,Article,,,TRUE,,Indexable,Cruising the Rhine Near Christmastime | AMA Travel,Cruising the Rhine near Christmastime,TRUE,TRUE,TRUE,TRUE,2291,Indexable,Cruising the Rhine Near Christmastime,Cruising the Rhine Near Christmastime,TRUE,TRUE,TRUE
/vacation-packages/travel-styles/food-wine,/vacation-packages/food-wine,CHANGED,XLSX,Vacation Packages,Travel Styles,Vacation Packages,Collection Page,Vacation Packages (Food/Wine),,TRUE,,Indexable,"Culinary, Food & Wine Tours For Foodies | AMA Travel",Culinary Vacations,TRUE,TRUE,TRUE,TRUE,1302,Indexable,Food and Wine Travel Packages,Taste the World on a Food & Wine Vacation,TRUE,TRUE,FALSE
/expert-centre/air-passenger-help-guide,/help-centre/air-passenger-help-guide,CHANGED,XLSX,Travel Agent Experience (TAE),Help Centre,Support/Service,Informational Page,Air Passenger Guidelines,,TRUE,,Indexable,Delayed or Cancelled Flight? See what you’re owed in 5 Clicks | AMA Travel,,TRUE,TRUE,TRUE,TRUE,535,Indexable,Air Passenger Rights for Flight Delays & Cancellations,See What Your Airline Owes You For Cancelled /Delayed Flights In Just 5 Clicks,TRUE,TRUE,TRUE
/groups/destination-weddings,/vacation-packages/destination-weddings,CHANGED,XLSX,Vacation Packages,Travel Themes,Vacation Packages,Landing Page,Vacation Packages (Destination Weddings),,TRUE,,Indexable,Destination Wedding Guide | AMA Travel,,TRUE,TRUE,TRUE,TRUE,1343,Indexable,Destination Wedding Packages & Planning,Plan Your Perfect Destination Wedding,TRUE,TRUE,FALSE
/articles/direct-flights-to-dublin-from-westjet,/articles/direct-flights-to-dublin-from-westjet,SAME,XLSX,Articles,Articles,Content,Article,,,TRUE,,Indexable,Direct Flights to Dublin from WestJet | AMA Travel,It’s Easy Being Green. Thanks to WestJet.,TRUE,TRUE,TRUE,TRUE,1473,Indexable,Direct Flights to Dublin from WestJet,It’s Easy Being Green. Thanks to WestJet.,TRUE,TRUE,TRUE
/articles/where-to-find-terrain-parks-in-alberta-for-ski-and-snowboard,/articles/where-to-find-terrain-parks-in-alberta-for-ski-and-snowboard,SAME,XLSX,Articles,Articles,Content,Article,,,TRUE,,Indexable,Discover Terrain Parks in Alberta | AMA Travel,Get Your Jib on at Local Alberta Terrain Park Near You,TRUE,TRUE,TRUE,TRUE,2243,Indexable,Discover Terrain Parks in Alberta,Get Your Jib on at Local Alberta Terrain Park Near You,TRUE,TRUE,TRUE
/articles/discover-fort-myers-florida,/articles/discover-fort-myers-florida,SAME,XLSX,Articles,Articles,Content,Article,,,TRUE,,Indexable,Discover the Best of Fort Myers in Southwest Florida | AMA Travel,"Discover the Best of Fort Myers, Florida",TRUE,TRUE,TRUE,TRUE,3002,Indexable,Discover the Best of Fort Myers in Southwest Florida,"Discover the Best of Fort Myers, Florida",TRUE,TRUE,TRUE
/vacation-packages/disney,/vacation-packages/disney,SAME,XLSX,Vacation Packages,Tour Supplier,Vacation Packages,Supplier,Disney LP,,TRUE,,Indexable,Disney Vacations | AMA Travel,AMA - Your Authorized Disney Vacation Planner,TRUE,TRUE,TRUE,TRUE,1667,Indexable,Book Your Disney Vacation with AMA Travel,Your Magical Disney Vacation Awaits,TRUE,TRUE,TRUE
/articles/disneyland-for-adults,/articles/disneyland-for-adults,SAME,XLSX,Articles,Articles,Content,Article,,,TRUE,,Indexable,Disneyland for Adults | AMA Travel,Disneyland for Adults,TRUE,TRUE,TRUE,TRUE,1478,Indexable,Disneyland for Adults,Disneyland for Adults,TRUE,TRUE,TRUE
/articles/how-much-is-a-disneyland-resort-park-hopper-ticket,/articles/how-much-is-a-disneyland-resort-park-hopper-ticket,SAME,XLSX,Articles,Articles,Content,Article,,,TRUE,,Indexable,Disneyland Resort Park Hopper Ticket | AMA Travel,How Much Is a Disneyland Resort Park Hopper Ticket?,TRUE,TRUE,TRUE,FALSE,,,,,FALSE,FALSE,FALSE
/vacation-packages/disney/disneyland-resort,/vacation-packages/disney/disneyland-resort,SAME,XLSX,Vacation Packages,Tour Supplier,Vacation Packages,Supplier,Disney - Disneyland Resort ,,TRUE,,Indexable,Disneyland Resort Vacations | AMA Travel,Disneyland Resort,TRUE,TRUE,TRUE,TRUE,2115,Indexable,AMA Travel Website,Disneyland Resort Vacations,TRUE,TRUE,FALSE
/articles/out-of-province-travel-medical-insurance,/articles/out-of-province-travel-medical-insurance,SAME,XLSX,Articles,Articles,Content,Article,,,TRUE,,Indexable,Do Albertans Need Out-Of-Province Travel Insurance? | AMA Travel,Do Albertans Need Out-Of-Province Medical Insurance for Travel in Canada?,TRUE,TRUE,TRUE,TRUE,1634,Indexable,Do Albertans Need Out-Of-Province Travel Insurance?,Do Albertans Need Out-Of-Province Medical Insurance for Travel in Canada?,TRUE,TRUE,TRUE
/articles/easy-intermediate-hard-hikes-banff,/articles/easy-intermediate-hard-hikes-banff,SAME,XLSX,Articles,Articles,Content,Article,,,TRUE,,Indexable,"Easy, Intermediate, and Difficult Hikes in Banff | AMA Travel","Banff hiking trails for beginner, intermediate, and advanced hikers",TRUE,TRUE,TRUE,TRUE,3123,Indexable,"14 Banff Hiking Trails: Easy, Moderate & Hard","14 Banff Hiking Trails: Easy, Moderate & Hard",TRUE,TRUE,TRUE
/articles/what-to-eat-and-buy-europe-christmas-markets,/articles/what-to-eat-and-buy-europe-christmas-markets,SAME,XLSX,Articles,Articles,Content,Article,,,TRUE,,Indexable,Eating Your Way Across Europe’s Christmas Markets | AMA Travel,What to Eat and Buy in Europe’s Christmas Markets,TRUE,TRUE,TRUE,TRUE,1283,Indexable,Eating Your Way Across Europe’s Christmas Markets,What to Eat and Buy in Europe’s Christmas Markets,TRUE,TRUE,TRUE
/vacation-destinations/north-america/canada/alberta/edmonton,/destinations/edmonton,CHANGED,XLSX,Destinations,Destinations,Destinations,Individual Destination,Edmonton,,TRUE,,Indexable,"Edmonton Hotels, Tourist Attractions & Things to do | AMA Travel",Edmonton,TRUE,TRUE,TRUE,TRUE,4354,Indexable,"Edmonton, Alberta","Edmonton, Alberta",TRUE,TRUE,TRUE
/articles/gods-of-egypt-and-where-to-find-them,/articles/gods-of-egypt-and-where-to-find-them,SAME,XLSX,Articles,Articles,Content,Article,,,TRUE,,Indexable,Egyptian Gods and Their Amazing Temples | AMA Travel,Egypt’s Gods and Where to Find Them,TRUE,TRUE,TRUE,TRUE,1869,Indexable,Egyptian Gods and Their Amazing Temples,Egypt’s Gods and Where to Find Them,TRUE,TRUE,TRUE
/vacation-destinations/europe,/destinations/europe,CHANGED,XLSX,Destinations,Destinations,Destinations,Individual Destination,Europe,,TRUE,,Indexable,"Europe Vacations - Destinations, Guided & Escorted Tours | AMA Travel",Europe,TRUE,TRUE,TRUE,TRUE,3473,Indexable,Europe,Europe,TRUE,TRUE,TRUE
/articles/experience-more-jasper-winter-wonderland-five-activities,/articles/experience-more-jasper-winter-wonderland-five-activities,SAME,XLSX,Articles,Articles,Content,Article,,,TRUE,,Indexable,Even more of the best winter activities in Jasper | AMA Travel,Experience Even More of Jasper’s Winter Wonderland with these Five Activities,TRUE,TRUE,TRUE,TRUE,2669,Indexable,Even More of the Best Winter Activities in Jasper,Experience Even More of Jasper’s Winter Wonderland With These Five Activities,TRUE,TRUE,TRUE
/articles/premium-package-travel-insurance-plans,/articles/premium-package-travel-insurance-plans,SAME,XLSX,Articles,Articles,Content,Article,,,TRUE,,Indexable,Everything Included in Our Premium Package Travel Insurance Plans | AMA Travel,Premium Package Travel Insurance Plans from AMA Travel,TRUE,TRUE,FALSE,FALSE,,,,,FALSE,FALSE,FALSE
/articles/triptik-road-trip-calgary-to-kelowna,/articles/triptik-road-trip-calgary-to-kelowna,SAME,XLSX,Articles,Articles,Content,Article,,,TRUE,,Indexable,Everything you need to know about road-tripping Calgary to Kelowna | AMA Travel,Calgary to Kelowna Road Trip Guide,TRUE,TRUE,TRUE,TRUE,2810,Indexable,What You Need to Know About Road-Tripping Calgary to Kelowna,Calgary to Kelowna Road Trip Guide,TRUE,TRUE,TRUE
/articles/how-to-plan-and-save-on-alberta-bc-ski-trips,/articles/how-to-plan-and-save-on-alberta-bc-ski-trips,SAME,XLSX,Articles,Articles,Content,Article,,,TRUE,,Indexable,Everything You Need to Plan Your 2022-2023 Ski Trip | AMA Travel,Everything You Need to Plan Your 2023-24 Ski Trip,TRUE,TRUE,TRUE,TRUE,2503,Indexable,Everything You Need to Plan Your 2024-2025 Ski Trip,Everything You Need to Plan Your Ski Trip,TRUE,TRUE,TRUE
/vacation-packages/travel-styles/adventure/exodus,/vacation-packages/exodus,CHANGED,XLSX,Vacation Packages,Tour Supplier,Vacation Packages,Supplier,Tour Supplier (Exodus),,TRUE,,Indexable,Exodus,Exodus Adventure Travels,TRUE,TRUE,TRUE,TRUE,1619,Indexable,AMA Travel Website,Exodus Adventure Travels®,TRUE,TRUE,TRUE
/vacation-packages/travel-styles/guided-tours/exotik-journeys,/vacation-packages/exotik-journeys,CHANGED,XLSX,Vacation Packages,Tour Supplier,Vacation Packages,Supplier,Tour Supplier (Exotik Journeys),,TRUE,,Indexable,Exotik Journeys | AMA Travel,Special Offers Worldwide,TRUE,TRUE,TRUE,TRUE,1431,Indexable,Book Exotik Journeys Unique Tours with AMA Travel,Exotik Journeys,TRUE,TRUE,TRUE
/cruises/expedition,/cruises/expedition,SAME,XLSX,Cruises,Cruises,Cruises,Collection Page,Expedition,,TRUE,,Indexable,Expedition Cruising with AMA Travel | AMA Travel,Expedition Cruising with AMA Travel,TRUE,TRUE,TRUE,TRUE,2177,Indexable,Explore Expedition Cruise Deals,Float to Dream Destinations on a Expedition Cruise,TRUE,TRUE,TRUE
/articles/nwt-south-slave-region-roadtrip,/articles/nwt-south-slave-region-roadtrip,SAME,XLSX,Articles,Articles,Content,Article,,,TRUE,,Indexable,Explore the South Slave Region on a NWT Road Trip | AMA Travel,The Northwest Territories’ South Slave Region is Road Trip Gold,TRUE,TRUE,TRUE,TRUE,1963,Indexable,Explore the South Slave Region on a NWT Road Trip,The Northwest Territories’ South Slave Region is Road Trip Gold,TRUE,TRUE,TRUE
/articles/salmon-coffee-and-grunge-in-seattle,/articles/salmon-coffee-and-grunge-in-seattle,SAME,XLSX,Articles,Articles,Content,Article,,,TRUE,,Indexable,"Exploring the Subcultures of Salmon, Coffee, & Grunge in Seattle | AMA Travel","Exploring the Seattle Subcultures of Salmon, Coffee, & Grunge",TRUE,TRUE,TRUE,TRUE,1944,Indexable,"Exploring Subcultures of Salmon, Coffee & Grunge in Seattle","Exploring the Seattle Subcultures of Salmon, Coffee, & Grunge",TRUE,TRUE,TRUE
/vacation-packages/travel-styles/long-stay,/vacation-packages/long-stay,CHANGED,XLSX,Vacation Packages,Travel Styles,Vacation Packages,Collection Page,Vacation Packages (Long Stay),,TRUE,,Indexable,Extended Long Stay Vacation Packages | AMA Travel,Long Stay Vacations,TRUE,TRUE,TRUE,TRUE,1044,Indexable,Book Long Stay Vacations,Long Stay Vacations Made Easy,TRUE,TRUE,FALSE
/hotels/fairmont-resorts,/hotels/fairmont-resorts,SAME,XLSX,Hotels,Hotels,Hotels,Supplier,Hotel Supplier (Fairmont),,TRUE,,Indexable,Fairmont Resorts | AMA Travel,,TRUE,TRUE,TRUE,TRUE,1834,Indexable,Book Fairmont Hotels & Resorts with AMA Travel,Fairmont Hotels & Resorts,TRUE,TRUE,TRUE
/articles/family-activities-las-vegas,/articles/family-activities-las-vegas,SAME,XLSX,Articles,Articles,Content,Article,,,TRUE,,Indexable,Family Activities Just Outside of Vegas | AMA Travel,Family Activities to do Just Outside of Vegas,TRUE,TRUE,TRUE,TRUE,1776,Indexable,Family Activities Just Outside of Vegas,Family Activities to Do Just Outside of Vegas,TRUE,TRUE,TRUE
/articles/family-cruises-fun-for-everyone,/articles/family-cruises-fun-for-everyone,SAME,XLSX,Articles,Articles,Content,Article,,,TRUE,,Indexable,Family Cruises – Fun for Everyone!,Family Cruises – Fun for Everyone!,TRUE,TRUE,TRUE,TRUE,1233,Indexable,Family Cruises – Fun for Everyone!,Family Cruises – Fun for Everyone!,TRUE,TRUE,TRUE
/articles/fat-biking-rentals-at-pyramid-lake-resort-jasper-ab,/articles/fat-biking-rentals-at-pyramid-lake-resort-jasper-ab,SAME,XLSX,Articles,Articles,Content,Article,,,TRUE,,Indexable,Fat Biking Rentals at Pyramid Lake Resort | AMA Travel,Fat Biking Rentals at Jasper's Pyramid Lake Resort,TRUE,TRUE,TRUE,TRUE,2124,Indexable,Fat Biking Rentals at Pyramid Lake Resort,Fat Biking Rentals at Jasper's Pyramid Lake Resort,TRUE,TRUE,TRUE
/flights,/flights,SAME,XLSX,General Top Level,Main,General,Landing Page,Flights Page,,TRUE,,Indexable,Find Cheap Flights and Best Flight Deals Online | AMA Travel,FEATURED TRAVEL AGENT,TRUE,TRUE,TRUE,TRUE,1707,Indexable,Book Flights & Airfare Deals from Alberta,Find the Best Flights on Trusted Airlines,TRUE,TRUE,TRUE
/articles/perfect-alberta-ski-hills-north-central,/articles/perfect-alberta-ski-hills-north-central,SAME,XLSX,Articles,Articles,Content,Article,,,TRUE,,Indexable,Find Ski Hills in North Central Alberta | AMA Travel,Ski Hills in North Central Alberta,TRUE,TRUE,TRUE,TRUE,2943,Indexable,Find Ski Hills in North Central Alberta,Ski Hills in North Central Alberta,TRUE,TRUE,TRUE
/articles/perfect-alberta-ski-hills-north,/articles/perfect-alberta-ski-hills-north,SAME,XLSX,Articles,Articles,Content,Article,,,TRUE,,Indexable,Find Ski Hills in Northern Alberta | AMA Travel,Ski Hills in Northern Alberta,TRUE,TRUE,TRUE,TRUE,3123,Indexable,Find Ski Hills in Northern Alberta,Ski Hills in Northern Alberta,TRUE,TRUE,TRUE
/articles/perfect-alberta-ski-hills-south-central,/articles/perfect-alberta-ski-hills-south-central,SAME,XLSX,Articles,Articles,Content,Article,,,TRUE,,Indexable,Find Ski Hills Near Red Deer | AMA Travel,Ski Hills in South Central Alberta,TRUE,TRUE,TRUE,TRUE,1462,Indexable,Find Ski Hills Near Red Deer,Ski Hills in South Central Alberta,TRUE,TRUE,TRUE
/articles/perfect-alberta-ski-hills-south,/articles/perfect-alberta-ski-hills-south,SAME,XLSX,Articles,Articles,Content,Article,,,TRUE,,Indexable,Find Smaller Ski Hills in Southern Alberta | AMA Travel,Ski Hills in Southern Alberta,TRUE,TRUE,TRUE,TRUE,1586,Indexable,Find Smaller Ski Hills in Southern Alberta,Ski Hills in Southern Alberta,TRUE,TRUE,TRUE
/cruises,/cruises,SAME,XLSX,Cruises,Cruises,Cruises,Landing Page,Cruises LP,,TRUE,,Indexable,Find the Best Cruise Vacations & Last Minute Cruise Deals | AMA Travel,Why Cruise with AMA Travel,TRUE,TRUE,TRUE,TRUE,3944,Indexable,Search the Best Cruise Ship Line Deals for Your Holiday,Book Your Cruises with AMA Travel,TRUE,TRUE,TRUE
/articles/worlds-best-river-cruises-how-to-pick-betwen-them,/articles/worlds-best-river-cruises-how-to-pick-betwen-them,SAME,XLSX,Articles,Articles,Content,Article,,,TRUE,,Indexable,Find the Best River for Your Next River Cruise | AMA Travel,The Best River Cruises in the World and How to Pick Between Them,TRUE,TRUE,TRUE,TRUE,1051,Indexable,Find the Best River for Your Next River Cruise,The Best River Cruises in the World and How to Pick Between Them,TRUE,TRUE,TRUE
/articles/luxury-vacations-for-every-lifestyle,/articles/luxury-vacations-for-every-lifestyle,SAME,XLSX,Articles,Articles,Content,Article,,,TRUE,,Indexable,Find the Luxury Travel Brand For Your Lifestyle | AMA Travel,Find The Luxury Travel Brand For Your Lifestyle,TRUE,TRUE,TRUE,TRUE,1486,Indexable,Find the Luxury Travel Brand For Your Lifestyle,Find The Luxury Travel Brand For Your Lifestyle,TRUE,TRUE,TRUE
/articles/join-ama-travel-app-community,/articles/join-ama-travel-app-community,SAME,XLSX,Articles,Articles,Content,Article,,,TRUE,,Indexable,Find Your Travel Community on the Alberta Motor Association App | AMA Travel,Joining the AMA App Travel Community May Be the Best Thing That Ever Happened to Your Travel Life,TRUE,TRUE,TRUE,TRUE,2481,Indexable,Your Travel Community on the Alberta Motor Association App,Joining the AMA App Travel Community May Be the Best Thing That Ever Happened to Your Travel Life,TRUE,TRUE,TRUE
/air-canada/flights,/flights/air-canada,CHANGED,XLSX,Vacation Packages,Tour Supplier,Vacation Packages,Supplier,NA,MERGED INTO PARENT,TRUE,,Indexable,Flights with Air Canada | AMA Travel,Flights With Air Canada,TRUE,TRUE,TRUE,FALSE,,,,,FALSE,FALSE,FALSE
/articles/florida-road-trip-naples-everglades-from-miami-ft-lauderdale,/articles/florida-road-trip-naples-everglades-from-miami-ft-lauderdale,SAME,XLSX,Articles,Articles,Content,Article,,,TRUE,,Indexable,Florida Road Trip: Naples and Everglades from Miami and Fort Lauderdale | AMA Travel,Road Trip: Naples and the Everglades from Miami and Fort Lauderdale,TRUE,TRUE,TRUE,TRUE,1698,Indexable,Florida Road Trip: Naples & Everglades from Miami,Road Trip: Naples and the Everglades from Miami and Fort Lauderdale,TRUE,TRUE,TRUE
/articles/florida-sites-worth-extending-trip-for,/articles/florida-sites-worth-extending-trip-for,SAME,XLSX,Articles,Articles,Content,Article,,,TRUE,,Non-Indexable,Florida Sites That Are Worth Extending Your Trip For | AMA Travel,Florida Sites That Are Worth Extending Your Trip For,TRUE,TRUE,TRUE,TRUE,1567,Indexable,Florida Sites That Are Worth Extending Your Trip For,Florida Sites That Are Worth Extending Your Trip For,TRUE,TRUE,TRUE
/vacation-destinations/north-america/us/florida,/destinations/florida,CHANGED,XLSX,Destinations,Destinations,Destinations,Individual Destination,Florida,,TRUE,,Indexable,"Florida Travel Guide, Hotels & Things to Do | AMA Travel",Florida,TRUE,TRUE,TRUE,TRUE,4631,Indexable,"Visit Florida: Stays, Attractions & Deals",Florida,TRUE,TRUE,TRUE
/articles/foodies-guide-to-victoria,/articles/foodies-guide-to-victoria,SAME,XLSX,Articles,Articles,Content,Article,,,TRUE,,Indexable,Foodies Guide to Victoria | AMA Travel,Foodies Guide to Victoria: All-Day Breakfast to Late-Night Snacks,TRUE,TRUE,TRUE,TRUE,1894,Indexable,Foodies Guide to Victoria,Foodies Guide to Victoria: All-Day Breakfast to Late-Night Snacks,TRUE,TRUE,TRUE
/triptik-maps-and-guides,/resources/maps-guides,CHANGED,XLSX,Resources,Resources,Content,Landing Page,Resources/Maps-guides,,TRUE,,Indexable,"Free Travel Planner Maps, Guides & TripTiks | AMA Travel","Maps, Guides & TripTik",TRUE,TRUE,TRUE,FALSE,,,,,FALSE,FALSE,FALSE
/articles/frequently-asked-questions-cancellation-interruption-insurance,/articles/frequently-asked-questions-cancellation-interruption-insurance,SAME,XLSX,Articles,Articles,Content,Article,,,TRUE,,Indexable,Frequently Asked Questions About Travel Cancellation and Interruption Insurance | AMA Travel,Frequently Asked Questions About Travel Cancellation and Interruption Insurance,TRUE,TRUE,FALSE,FALSE,,,,,FALSE,FALSE,FALSE
/articles/must-do-activities-los-angeles,/articles/must-do-activities-los-angeles,SAME,XLSX,Articles,Articles,Content,Article,,,TRUE,,Indexable,From Hollywood Tours to Dodgers Games – Must-Do Activities in LA | AMA Travel,From Hollywood Tours to Dodgers Games – Must-Do Activities in Los Angeles,TRUE,TRUE,TRUE,TRUE,3027,Indexable,Hollywood Tours to Dodgers Games: Must-Do Activities in LA,From Hollywood Tours to Dodgers Games – Must-Do Activities in Los Angeles,TRUE,TRUE,TRUE
/vacation-packages/travel-styles/adventure/gadventures,/vacation-packages/g-adventures,CHANGED,XLSX,Vacation Packages,Tour Supplier,Vacation Packages,Supplier,Tour Supplier (G Adventures),,TRUE,,Indexable,G Adventures,,TRUE,TRUE,TRUE,TRUE,1818,Indexable,Book G Adventures Tours with AMA Travel,G Adventures®,TRUE,TRUE,TRUE
/articles/victoria-garden-lovers-paradise,/articles/victoria-garden-lovers-paradise,SAME,XLSX,Articles,Articles,Content,Article,,,TRUE,,Indexable,Gardens to See in Victoria British Columbia | AMA Travel,Victoria is a Garden Lover’s Paradise,TRUE,TRUE,TRUE,TRUE,2487,Indexable,Gardens to See in Victoria British Columbia,Victoria is a Garden Lover’s Paradise,TRUE,TRUE,TRUE
/articles/getting-screechd-in-a-history-of-kissing-cod-in-newfoundland,/articles/getting-screechd-in-a-history-of-kissing-cod-in-newfoundland,SAME,XLSX,Articles,Articles,Content,Article,,,TRUE,,Indexable,Getting Screech’d In: A History of Kissing Cod in Newfoundland | AMA Travel,Getting Screech’d In: A History of Kissing Cod in Newfoundland,TRUE,TRUE,TRUE,FALSE,,,,,FALSE,FALSE,TRUE
/articles/glamping-new-camping-five-great-spots,/articles/glamping-new-camping-five-great-spots,SAME,XLSX,Articles,Articles,Content,Article,,,TRUE,,Indexable,Glamping in Western Canada is comfort camping at its best | AMA Travel,"Glamping is the new camping, and here are five great spots to try it out near you!",TRUE,TRUE,TRUE,TRUE,2745,Indexable,Glamping in Western Canada is comfort camping at its best,"Glamping Is the New Camping, and Here Are Five Great Spots to Try It Out Near You!",TRUE,TRUE,TRUE
/vacation-packages/travel-styles/coach-bus-tours/globus,/vacation-packages/globus,CHANGED,XLSX,Vacation Packages,Tour Supplier,Vacation Packages,Supplier,Tour Supplier (Globus),,TRUE,,Indexable,Globus Escorted Coach Tours & Travel to Europe | AMA Travel,Globus Family of Brands,TRUE,TRUE,TRUE,TRUE,1605,Indexable,Book Globus Journeys & Globus Travel Tours with AMA Travel,Globus Tours®,TRUE,TRUE,TRUE
/articles/been-there-loved-that-go-solo-india,/articles/been-there-loved-that-go-solo-india,SAME,XLSX,Articles,Articles,Content,Article,,,TRUE,,Indexable,Go Solo Tour of Southern India & Sri Lanka | AMA Travel,"Been There, Loved That: Go Solo India & Sri Lanka",TRUE,TRUE,TRUE,TRUE,1406,Indexable,Go Solo Tour of Southern India & Sri Lanka,"Been There, Loved That: Go Solo India & Sri Lanka",TRUE,TRUE,TRUE
/articles/palm-springs-family-adventure,/articles/palm-springs-family-adventure,SAME,XLSX,Articles,Articles,Content,Article,,,TRUE,,Indexable,Greater Palm Springs for the Young and the Young at Heart | AMA Travel,Things to Do in Greater Palm Springs for Families,TRUE,TRUE,TRUE,TRUE,3134,Indexable,Greater Palm Springs for the Young and the Young at Heart,Things to Do in Greater Palm Springs for Families,TRUE,TRUE,TRUE
/groups,/vacation-packages/group-travel,CHANGED,XLSX,Vacation Packages,Travel Themes,Vacation Packages,Collection Page,Vacation Packages (Group Travel),,TRUE,,Indexable,Group Travel Vacations Guide for Albertans | AMA Travel,Group Travel,TRUE,TRUE,TRUE,TRUE,630,Indexable,Group Travel Packages & Planning,Plan Your Perfect Group Travel Trips,TRUE,TRUE,FALSE
/articles/high-value-destinations-for-canadian-travellers,/articles/high-value-destinations-for-canadian-travellers,SAME,XLSX,Articles,Articles,Content,Article,,,TRUE,,Indexable,High-Value Destinations for Canadian Travellers,High-Value Destinations for Canadian Travellers,TRUE,TRUE,TRUE,TRUE,2212,Indexable,5 Cheap Countries to Visit from Canada,5 Cheap Countries to Visit from Canada,TRUE,TRUE,TRUE
/articles/quick-trips-hinton,/articles/quick-trips-hinton,SAME,XLSX,Articles,Articles,Content,Article,,,TRUE,,Indexable,Hinton is for Adventurers | AMA Travel,The Hidden Hinton – An Adventurers’ Paradise,TRUE,TRUE,TRUE,TRUE,2444,Indexable,Hinton is for Adventurers,The Hidden Hinton – An Adventurers’ Paradise,TRUE,TRUE,TRUE
/cruises/ocean/holland-america,/cruises/holland-america,CHANGED,XLSX,Cruises,Cruises,Cruises,Supplier,Cruise Supplier (Holland America),,TRUE,,Indexable,Holland America Line Cruises l AMA Travel,,TRUE,TRUE,TRUE,TRUE,2229,Indexable,Book Holland America Line with AMA Travel,Holland America Line®,TRUE,TRUE,TRUE
/vacation-destinations/north-america/us/hawaii/honolulu,/destinations/honolulu,CHANGED,XLSX,Destinations,Destinations,Destinations,Individual Destination,Honolulu,,TRUE,,Indexable,"Honolulu Vacation Rentals, Hotels, Flights & Things to do  | AMA Travel",Honolulu,TRUE,TRUE,TRUE,TRUE,4360,Indexable,"Honolulu, Hawaii","Honolulu, Hawaii",TRUE,TRUE,TRUE
/articles/quick-trips-calgary,/articles/quick-trips-calgary,SAME,XLSX,Articles,Articles,Content,Article,,,TRUE,,Indexable,Hotel Deals and Things to Do in Calgary | AMA Travel,Hotel Deals and Things to Do in Calgary,TRUE,TRUE,TRUE,TRUE,2735,Indexable,Hotel Deals and Things to Do in Calgary,Hotel Deals and Things to Do in Calgary,TRUE,TRUE,TRUE
/articles/what-is-a-level-3-travel-advisory,/articles/what-is-a-level-3-travel-advisory,SAME,XLSX,Articles,Articles,Content,Article,,,TRUE,,Indexable,How a Level 3 Travel Advisory Affects Your Travel Plans | AMA Travel,"So Just What is a Level 3 Travel Advisory, and How Does It Affect Your Travel Plans",TRUE,TRUE,TRUE,TRUE,1668,Indexable,How a Level 3 Travel Advisory Affects Your Travel Plans,"So Just What is a Level 3 Travel Advisory, and How Does It Affect Your Travel Plans",TRUE,TRUE,TRUE
/vacation-packages/goway,/vacation-packages/goway,SAME,XLSX,Vacation Packages,Tour Supplier,Vacation Packages,Supplier,Tour Supplier (Goway),,TRUE,,Indexable,How Goway Gets You There | AMA Travel,Travel Your Way with Goway,TRUE,TRUE,TRUE,TRUE,1548,Indexable,Book Goway Vacations with AMA Travel,Goway Travel®,TRUE,TRUE,TRUE
/articles/strangers-become-travel-buddies-go-solo,/articles/strangers-become-travel-buddies-go-solo,SAME,XLSX,Articles,Articles,Content,Article,,,TRUE,,Indexable,How Strangers Become Travel Buddies with Go Solo | AMA Travel,How Strangers Become Travel Buddies with Go Solo,TRUE,TRUE,TRUE,FALSE,,,,,FALSE,FALSE,FALSE
/articles/all-inclusive-family-vacations,/articles/all-inclusive-family-vacations,SAME,XLSX,Articles,Articles,Content,Article,,,TRUE,,Indexable,How to Book the Best All-Inclusive Family Vacations | AMA Travel,All-Inclusive Vacations for Families: What to Know before You Book,TRUE,TRUE,TRUE,TRUE,2689,Indexable,How to Book the Best All-Inclusive Family Vacations,All-Inclusive Vacations for Families: What to Know Before You Book,TRUE,TRUE,TRUE
/articles/what-is-an-international-driving-permit,/articles/what-is-an-international-driving-permit,SAME,XLSX,Articles,Articles,Content,Article,,,TRUE,,Indexable,How to Get an International Driving Permit | AMA Travel,International Driving Permit: Everything You Need to Know,TRUE,TRUE,TRUE,TRUE,1474,Indexable,Get an AMA International Drivers License (IDP) in Alberta,International Driving Permit: How to Get an IDP and Apply in Alberta,TRUE,TRUE,TRUE
/articles/how-to-haggle-like-an-egyptian,/articles/how-to-haggle-like-an-egyptian,SAME,XLSX,Articles,Articles,Content,Article,,,TRUE,,Indexable,How to Haggle Like an Egyptian | AMA Travel,How to Haggle Like an Egyptian,TRUE,TRUE,TRUE,TRUE,1663,Indexable,How to Haggle Like an Egyptian,How to Haggle Like an Egyptian,TRUE,TRUE,TRUE
/articles/make-your-travel-bucket-list,/articles/make-your-travel-bucket-list,SAME,XLSX,Articles,Articles,Content,Article,,,TRUE,,Indexable,How to Make Your Travel Bucket List | AMA Travel,How to Make Your Travel Bucket List,TRUE,TRUE,TRUE,TRUE,1593,Indexable,How to Make Your Travel Bucket List,How to Make Your Travel Bucket List,TRUE,TRUE,TRUE
/cruises/expedition/hurtigruten,/cruises/hx-expeditions,CHANGED,XLSX,Cruises,Cruises,Cruises,Supplier,NA,"This already redirects to /hx, but noting here to prevent redirect chains",TRUE,,Indexable,Hurtigruten Expeditions | AMA Travel,Hurtigruten Expeditions,TRUE,TRUE,FALSE,TRUE,1737,Indexable,Book HX Expeditions with AMA Travel,HX Expeditions,TRUE,TRUE,TRUE
/vacation-destinations/europe/iceland,/destinations/iceland,CHANGED,XLSX,Destinations,Destinations,Destinations,Individual Destination,Iceland,,TRUE,,Indexable,"Iceland Reykjavik Vacations - Hotels, Flights & Things to do | AMA Travel",Iceland,TRUE,TRUE,TRUE,TRUE,4165,Indexable,Iceland,Iceland,TRUE,TRUE,TRUE
/articles/id-requirements-for-canadians-travelling-abroad,/articles/id-requirements-for-canadians-travelling-abroad,SAME,XLSX,Articles,Articles,Content,Article,,,TRUE,,Indexable,ID Requirements for Canadians Travelling Abroad | AMA Travel,ID Requirements for Canadians Travelling Abroad,TRUE,TRUE,TRUE,TRUE,863,Indexable,ID Requirements for Canadians Travelling Abroad,ID Requirements for Canadians Travelling Abroad,TRUE,TRUE,TRUE
/vacation-packages/travel-styles/coach-bus-tours/insight/luxury-gold,/vacation-packages/luxury-gold,MERGED,XLSX,Vacation Packages,Tour Supplier,Vacation Packages,Supplier,Tour Supplier (Luxury Gold),MERGED TOGETHER,TRUE,,Indexable,Insight Coach Vacations - Luxury Gold Standard l AMA Travel,The Luxury Gold Difference,TRUE,TRUE,FALSE,TRUE,1381,Indexable,Luxury Gold Vacations | Guided Luxury Gold Tours & Travel,Luxury Gold Vacations,TRUE,TRUE,TRUE
/vacation-packages/travel-styles/coach-bus-tours/insight,/vacation-packages/insight,CHANGED,XLSX,Vacation Packages,Tour Supplier,Vacation Packages,Supplier,Tour Supplier (Insight),,TRUE,,Indexable,Insight Vacations - Luxury Coach Tours | AMA Travel,The Insight Difference,TRUE,TRUE,TRUE,TRUE,1966,Indexable,AMA Travel Website,Insight Vacations®,TRUE,TRUE,TRUE
/articles/jamaica-summer-festivals,/articles/jamaica-summer-festivals,SAME,XLSX,Articles,Articles,Content,Article,,,TRUE,,Indexable,Jamaica’s Best Summer Festivals | AMA Travel,Jamaica’s Best Summer Festivals,TRUE,TRUE,TRUE,TRUE,1240,Indexable,Jamaica’s Best Summer Festivals,Jamaica’s Best Summer Festivals,TRUE,TRUE,TRUE
/articles/delicious-jasper-food-tours,/articles/delicious-jasper-food-tours,SAME,XLSX,Articles,Articles,Content,Article,,,TRUE,,Indexable,Jasper Food Tours | AMA Travel,Delicious Jasper Food Tours,TRUE,TRUE,TRUE,TRUE,2282,Indexable,Jasper Food Tours,Delicious Jasper Food Tours,TRUE,TRUE,TRUE
/articles/festivals-in-jasper,/articles/festivals-in-jasper,SAME,XLSX,Articles,Articles,Content,Article,,,TRUE,,Indexable,Jasper Has Festival for Everyone in 2024 | AMA Travel,Jasper Has A Festival for Everyone in 2024,TRUE,TRUE,TRUE,TRUE,1546,Indexable,Jasper Has Festival for Everyone in 2024,Jasper Has A Festival for Everyone in 2024,TRUE,TRUE,TRUE
/articles/food-lovers-weekend-at-jasper-park-lodge,/articles/food-lovers-weekend-at-jasper-park-lodge,SAME,XLSX,Articles,Articles,Content,Article,,,TRUE,,Indexable,Jasper Park Lodge’s “A Weekend With...” Series Is a Must | AMA Travel,The Food Lover’s All-Inclusive Weekend at Jasper Park Lodge,TRUE,TRUE,TRUE,TRUE,2763,Indexable,Jasper Park Lodge’s “A Weekend With...” Series Is a Must,The Food Lover’s All-Inclusive Weekend at Jasper Park Lodge,TRUE,TRUE,TRUE
/articles/jasper-winter-adventures,/articles/jasper-winter-adventures,SAME,XLSX,Articles,Articles,Content,Article,,,TRUE,,Indexable,Jasper Winter Adventures off the Ski Hill | AMA Travel,Jasper Winter Adventures off the Ski Hill,TRUE,TRUE,TRUE,TRUE,1372,Indexable,Jasper Winter Adventures off the Ski Hill,Jasper Winter Adventures off the Ski Hill,TRUE,TRUE,TRUE
/articles/jaspers-dark-sky-festival,/articles/jaspers-dark-sky-festival,SAME,XLSX,Articles,Articles,Content,Article,,,TRUE,,Indexable,Jasper’s Dark Sky Festival in 2023 | AMA Travel,What’s Happening for Jasper’s Dark Sky Festival in 2023,TRUE,TRUE,TRUE,TRUE,2536,Indexable,Jasper’s Dark Sky Festival in 2025,"What’s New for the 2025 Jasper Dark Sky Festival: Highlights, Tips & Why You Should Go",TRUE,TRUE,TRUE
/articles/must-visit-jasper-oldest-buildings,/articles/must-visit-jasper-oldest-buildings,SAME,XLSX,Articles,Articles,Content,Article,,,TRUE,,Indexable,Jasper’s Oldest Buildings Tell a Story for the Ages | AMA Travel,Why You Must Visit Jasper’s Historic Buildings,TRUE,TRUE,TRUE,TRUE,2793,Indexable,Jasper’s Oldest Buildings Tell a Story for the Ages,Why You Must Visit Jasper’s Historic Buildings,TRUE,TRUE,TRUE
/articles/jasper-wet-wildlife-adventure-tours,/articles/jasper-wet-wildlife-adventure-tours,SAME,XLSX,Articles,Articles,Content,Article,,,TRUE,,Indexable,Jasper’s Summer Water Adventures and Tours | AMA Travel,Jasper’s Wet & Wildlife Adventure Tours,TRUE,TRUE,TRUE,TRUE,2593,Indexable,Jasper’s Summer Water Adventures and Tours,Jasper’s Wet & Wildlife Adventure Tours,TRUE,TRUE,TRUE
/articles/waterfront-restaurants-accommodation-in-jasper,/articles/waterfront-restaurants-accommodation-in-jasper,SAME,XLSX,Articles,Articles,Content,Article,,,TRUE,,Indexable,Jasper's Amazing Waterfront Restaurants and Hotels | AMA Travel,Waterfront Restaurants and Accommodations in Jasper,TRUE,TRUE,TRUE,TRUE,2403,Indexable,Jasper's Amazing Waterfront Restaurants and Hotels,Waterfront Restaurants and Accommodations in Jasper,TRUE,TRUE,TRUE
/vacation-destinations/north-america/canada/british-columbia/kelowna,/destinations/kelowna,CHANGED,XLSX,Destinations,Destinations,Destinations,Individual Destination,Kelowna,,TRUE,,Indexable,Kelowna: one of Alberta’s favourite BC getaways | AMA Travel,,TRUE,TRUE,TRUE,TRUE,3889,Indexable,"Kelowna, British Columbia","Kelowna, British Columbia",TRUE,TRUE,TRUE
/vacation-packages/rocky-mountain-winter/lake-louise-ski-resort,/vacation-packages/rocky-mountain-winter/lake-louise-ski-resort,SAME,XLSX,Vacation Packages,Rocky Mountain - Seasons,Hotels,Supplier,Ski Resort Hotel Supplier (Lake Louise),,TRUE,,Indexable,"Lake Louise Ski Resort, Plus Card & Lift Tickets Discount | AMA Travel",Members Ski for Less at Lake Louise Ski Resort,TRUE,TRUE,TRUE,TRUE,1662,Indexable,AMA Travel Website,Lake Louise Ski Resort,TRUE,TRUE,FALSE
/vacation-destinations/north-america/canada/alberta/lake-louise,/destinations/lake-louise,CHANGED,XLSX,Destinations,Destinations,Destinations,Individual Destination,Lake Louise,,TRUE,,Indexable,"Lake Louise Vacation Rentals, Hotels & Things to Do | AMA Travel",Lake Louise Travel Guide,TRUE,TRUE,TRUE,TRUE,3740,Indexable,"Lake Louise, Alberta","Lake Louise, Alberta",TRUE,TRUE,TRUE
/vacation-destinations/north-america/canada/british-columbia/okanagan,/destinations/okanagan,CHANGED,XLSX,Destinations,Destinations,Destinations,Individual Destination,Okanagan,,TRUE,,Indexable,Lake Okanagan Valley Vacation Rentals & Wine Tours | AMA Travel,Okanagan,TRUE,TRUE,TRUE,TRUE,3772,Indexable,"Okanagan, British Columbia","Okanagan, British Columbia",TRUE,TRUE,TRUE
/vacation-destinations/north-america/us/nevada/las-vegas,/destinations/las-vegas,CHANGED,XLSX,Destinations,Destinations,Destinations,Individual Destination,Las Vegas,,TRUE,,Indexable,"Las Vegas Vacations - Things to do, Cheap Flights & Hotels | AMA Travel",Las Vegas,TRUE,TRUE,TRUE,TRUE,4295,Indexable,"Las Vegas, Nevada","Las Vegas, Nevada",TRUE,TRUE,TRUE
/articles/mama-juana-dominican-republic-drink-recipe,/articles/mama-juana-dominican-republic-drink-recipe,SAME,XLSX,Articles,Articles,Content,Article,,,TRUE,,Indexable,"Learn About Mama Juana, the Dominican Republic Drink | AMA Travel","Mama Juana: The Dominican Republic's Cure-All, Aphrodisiac Drink",TRUE,TRUE,TRUE,TRUE,2019,Indexable,"Learn About Mama Juana, the Dominican Republic Drink","Mama Juana: The Dominican Republic's Cure-All, Aphrodisiac Drink",TRUE,TRUE,TRUE
/cruises/expedition/lindblad,/cruises/lindblad,CHANGED,XLSX,Cruises,Cruises,Cruises,Supplier,Cruise Supplier (National Geographic-Lindblad Expeditions),,TRUE,,Indexable,Lindblad Expedition Cruise | AMA Travel,Lindblad Expedition Cruise,TRUE,TRUE,TRUE,TRUE,1744,Indexable,Book Lindblad Expeditions with AMA Travel,National Geographic-Lindblad Expeditions,TRUE,TRUE,TRUE
/vacation-destinations/north-america/mexico/loscabos,/destinations/los-cabos,CHANGED,XLSX,Destinations,Destinations,Destinations,Individual Destination,Los Cabos,,TRUE,,Indexable,Los Cabos Vacation Packages and Hotel Deals | AMA Travel,Los Cabos Travel Guide,TRUE,TRUE,TRUE,TRUE,4520,Indexable,"Los Cabos, Mexico","Los Cabos, Mexico",TRUE,TRUE,TRUE
/vacation-packages/travel-styles/luxury,/vacation-packages/luxury,CHANGED,XLSX,Vacation Packages,Travel Styles,Vacation Packages,Collection Page,Vacation Packages (Luxury),,TRUE,,Indexable,Luxury Travel - Vacation Home Rentals & Packages | AMA Travel,Luxury Vacations,TRUE,TRUE,TRUE,TRUE,1466,Indexable,Luxury Travel Packages & Planning,Plan Your Perfect Luxury Vacation,TRUE,TRUE,FALSE
/articles/luxury-trips-in-atlantic-canada,/articles/luxury-trips-in-atlantic-canada,SAME,XLSX,Articles,Articles,Content,Article,,,TRUE,,Indexable,Luxury Travel in Atlantic Canada | AMA Travel,Surprisingly Luxurious Trips in Atlantic Canada,TRUE,TRUE,TRUE,TRUE,2585,Indexable,Luxury Travel in Atlantic Canada,Surprisingly Luxurious Trips in Atlantic Canada,TRUE,TRUE,TRUE
/articles/machu-picchu-inca-trail,/articles/machu-picchu-inca-trail,SAME,XLSX,Articles,Articles,Content,Article,,,TRUE,,Indexable,Machu Picchu and the Inca Trail | AMA Travel,A Step-by-Step Guide to Machu Picchu and the Inca Trail,TRUE,TRUE,TRUE,TRUE,1376,Indexable,Machu Picchu and the Inca Trail,A Step-by-Step Guide to Machu Picchu and the Inca Trail,TRUE,TRUE,TRUE
/hotels/marriott,/hotels/marriott,SAME,XLSX,Hotels,Hotels,Hotels,Supplier,Hotel Supplier (Marriott),,TRUE,,Indexable,Marriott Hotels | AMA Travel,,TRUE,TRUE,TRUE,TRUE,1243,Indexable,Book Marriott Hotels with AMA Travel,Marriott Hotels,TRUE,TRUE,TRUE
/vacation-destinations/north-america/us/hawaii/maui,/destinations/maui,CHANGED,XLSX,Destinations,Destinations,Destinations,Individual Destination,Maui,,TRUE,,Indexable,"Maui Vacation Rentals, Resorts & All Inclusive Packages | AMA Travel",Maui,TRUE,TRUE,TRUE,TRUE,4156,Indexable,"Maui, Hawaii","Maui, Hawaii",TRUE,TRUE,TRUE
/luggage-and-accessories,/luggage-and-accessories,SAME,XLSX,General Top Level,Main,General,Landing Page,Luggage/Accessories,,TRUE,,Indexable,Member Discount Travel Luggage & Accessories | AMA Travel,Luggage & Travel Accessories,TRUE,TRUE,TRUE,TRUE,576,Indexable,Samsonite Luggage Discounts & Accessories for AMA Members,Luggage & Travel Accessories,TRUE,TRUE,TRUE
/articles/minors-travelling-to-mexico,/articles/minors-travelling-to-mexico,SAME,XLSX,Articles,Articles,Content,Article,,,TRUE,,Indexable,Minors Travelling to Mexico | AMA Travel,Minors Travelling to Mexico,TRUE,TRUE,TRUE,FALSE,,,,,FALSE,FALSE,TRUE
/vacation-destinations/caribbean/jamaica/montego-bay-negril,/destinations/montego-bay-negril,CHANGED,XLSX,Destinations,Destinations,Destinations,Individual Destination,Montego Bay,,TRUE,,Indexable,"Montego Bay All Inclusive Resorts, Hotels & Things to do | AMA Travel",Montego Bay & Negril Beach,TRUE,TRUE,TRUE,FALSE,,,,,FALSE,FALSE,FALSE
/articles/spain-must-try-foods,/articles/spain-must-try-foods,SAME,XLSX,Articles,Articles,Content,Article,,,TRUE,,Indexable,Must-Try Foodie Experiences in Spain,Must-Try Foodie Experiences in Spain,TRUE,TRUE,TRUE,TRUE,2395,Indexable,Must-Try Foodie Experiences in Spain,Must-Try Foodie Experiences in Spain,TRUE,TRUE,TRUE
/articles/my-disney-experience-app,/articles/my-disney-experience-app,SAME,XLSX,Articles,Articles,Content,Article,,,TRUE,,Indexable,My Disney Experience App’s 10 Most Useful Features | AMA Travel,The My Disney Experience App’s 10 Most Useful Features,TRUE,TRUE,TRUE,TRUE,1334,Indexable,My Disney Experience App’s 10 Most Useful Features,The My Disney Experience App’s 10 Most Useful Features,TRUE,TRUE,TRUE
/vacation-packages/rocky-mountain-winter/nakiska-ski-resort,/vacation-packages/rocky-mountain-winter/nakiska-ski-resort,SAME,XLSX,Vacation Packages,Rocky Mountain - Seasons,Hotels,Supplier,Ski Resort Hotel Supplier (Nakiska),,TRUE,,Indexable,Nakiska Ski Area | AMA Travel,Members Ski for Less at Nakiska Ski Area,TRUE,TRUE,TRUE,TRUE,1726,Indexable,AMA Travel Website,Nakiska Ski Area,TRUE,TRUE,FALSE
/articles/make-your-own-ireland-tour,/articles/make-your-own-ireland-tour,SAME,XLSX,Articles,Articles,Content,Article,,,TRUE,,Indexable,Need Things to Do in Ireland? Make Your Own Themed Travel Tour! | AMA Travel,There's a Tour of Every Interest in Ireland!,FALSE,FALSE,FALSE,FALSE,,,,,FALSE,FALSE,FALSE
/cruises/ocean/norwegian-cruise-line,/cruises/norwegian-cruise-line,CHANGED,XLSX,Cruises,Cruises,Cruises,Supplier,Cruise Supplier (Norwegian Cruise Line),,TRUE,,Indexable,Norwegian Cruise Line | AMA Travel,,TRUE,TRUE,TRUE,TRUE,1861,Indexable,Book Norwegian Cruise Line with AMA Travel,Norwegian Cruise Line®,TRUE,TRUE,TRUE
/cruises/ocean,/cruises/ocean,SAME,XLSX,Cruises,Cruises,Cruises,Collection Page,Ocean Cruise Page,,TRUE,,Indexable,Ocean Cruise Line Vacation Packages & Deals | AMA Travel,Ocean Cruising with AMA Travel,TRUE,TRUE,TRUE,TRUE,2798,Indexable,Explore Ocean Cruises,Sail the World on an Ocean Cruise,TRUE,TRUE,TRUE
/cruises/luxury-small-ship/oceania,/cruises/oceania,CHANGED,XLSX,Cruises,Cruises,Cruises,Supplier,Cruise Supplier (Oceania),,TRUE,,Indexable,Oceania Ocean Cruises l AMA Travel,,TRUE,TRUE,TRUE,TRUE,2435,Indexable,Book Oceania Cruises with AMA Travel,Oceania Cruises®,TRUE,TRUE,TRUE
/articles/cruise-around-the-world-180-days-with-oceania,/articles/cruise-around-the-world-180-days-with-oceania,SAME,XLSX,Articles,Articles,Content,Article,,,TRUE,,Indexable,Oceania’s Around the World in 180 Days Cruise Returns in 2026 | AMA Travel,Oceania’s Around the World in 180 Days Cruise Returns in 2026,TRUE,TRUE,TRUE,FALSE,,,,,FALSE,FALSE,FALSE
/currency-exchange,/currency-exchange,SAME,XLSX,General Top Level,Main,Support/Service,Informational Page,Currency Exchange,,TRUE,,Indexable,Order Currency Online and Save with AMA Travel,Foreign Currency at AMA,TRUE,TRUE,TRUE,TRUE,1418,Indexable,Currency Exchange in Alberta,,TRUE,TRUE,TRUE
/articles/traversing-oregons-food-trails,/articles/traversing-oregons-food-trails,SAME,XLSX,Articles,Articles,Content,Article,,,TRUE,,Indexable,Oregon’s Amazing Foodie Road Trips | AMA Travel,Traversing Oregon’s Food Trails,TRUE,TRUE,TRUE,TRUE,2568,Indexable,Oregon’s Amazing Foodie Road Trips,Traversing Oregon’s Food Trails,TRUE,TRUE,TRUE
/vacation-destinations/north-america/us/florida/orlando,/destinations/orlando,CHANGED,XLSX,Destinations,Destinations,Destinations,Individual Destination,Orlando,,TRUE,,Indexable,Orlando Attractions & Disney World Vacation Packages | AMA Travel,Orlando,TRUE,TRUE,TRUE,TRUE,4172,Indexable,"Orlando, Florida","Orlando, Florida",TRUE,TRUE,TRUE
/articles/spend-the-holidays-in-victoria,/articles/spend-the-holidays-in-victoria,SAME,XLSX,Articles,Articles,Content,Article,,,TRUE,,Indexable,Our 4-Day Victoria Holiday Itinerary | AMA Travel,"The Perfect Holiday Itinerary in Victoria, BC",TRUE,TRUE,TRUE,TRUE,2828,Indexable,Our 4-Day Victoria Holiday Itinerary,"The Perfect Holiday Itinerary in Victoria, BC",TRUE,TRUE,TRUE
/articles/guide-to-peru,/articles/guide-to-peru,SAME,XLSX,Articles,Articles,Content,Article,,,TRUE,,Indexable,Our Beginners Guide to Peru | AMA Travel,Our Beginners Guide to Peru,TRUE,TRUE,TRUE,TRUE,2535,Indexable,"Visit Quito: Stays, Attractions & Deals",Our Beginners Guide to Peru,TRUE,TRUE,TRUE
/articles/a-comprehensive-guide-to-california,/articles/a-comprehensive-guide-to-california,SAME,XLSX,Articles,Articles,Content,Article,,,TRUE,,Indexable,Our Comprehensive Guide to California | AMA Travel,Our Comprehensive Guide to California,TRUE,TRUE,TRUE,TRUE,1790,Indexable,Our Comprehensive Guide to California,Our Comprehensive Guide to California,TRUE,TRUE,TRUE
/articles/a-comprehensive-guide-to-italy,/articles/a-comprehensive-guide-to-italy,SAME,XLSX,Articles,Articles,Content,Article,,,TRUE,,Indexable,Our Comprehensive Guide to Italy | AMA Travel,Our Comprehensive Guide to Italy,TRUE,TRUE,TRUE,TRUE,1554,Indexable,Our Comprehensive Guide to Italy,Our Comprehensive Guide to Italy,TRUE,TRUE,TRUE
/articles/a-comprehensive-guide-to-japan,/articles/a-comprehensive-guide-to-japan,SAME,XLSX,Articles,Articles,Content,Article,,,TRUE,,Indexable,Our Comprehensive Guide to Japan | AMA Travel,Our Comprehensive Guide to Japan,TRUE,TRUE,TRUE,TRUE,2413,Indexable,Our Comprehensive Guide to Japan,Our Comprehensive Guide to Japan,TRUE,TRUE,TRUE
/articles/a-comprehensive-guide-to-thailand,/articles/a-comprehensive-guide-to-thailand,SAME,XLSX,Articles,Articles,Content,Article,,,TRUE,,Indexable,Our Comprehensive Guide to Thailand | AMA Travel,Our Comprehensive Guide to Thailand,TRUE,TRUE,TRUE,TRUE,2041,Indexable,Our Comprehensive Guide to Thailand,Our Comprehensive Guide to Thailand,TRUE,TRUE,TRUE
/articles/trip-cancellation-and-trip-interruption-insurance,/articles/trip-cancellation-and-trip-interruption-insurance,SAME,XLSX,Articles,Articles,Content,Article,,,TRUE,,Indexable,Our Comprehensive Trip Cancellation Insurance | AMA Travel,AMA Travel’s Trip Cancellation and Trip Interruption Insurance,TRUE,TRUE,FALSE,FALSE,,,,,FALSE,FALSE,FALSE
/articles/questions-about-travel-insurance,/articles/questions-about-travel-insurance,SAME,XLSX,Articles,Articles,Content,Article,,,TRUE,,Indexable,Our Most Frequently Asked Questions About Travel Insurance | AMA Travel,The Most Frequently Asked Questions About AMA Travel Insurance,TRUE,TRUE,TRUE,TRUE,1759,Indexable,AMA Travel Website,The Most Frequently Asked Questions About AMA Travel Insurance,TRUE,TRUE,TRUE
/articles/rocky-mountain-christmas-advent-calendar,/articles/rocky-mountain-christmas-advent-calendar,SAME,XLSX,Articles,Articles,Content,Article,,,TRUE,,Indexable,Our Rocky Mountain Christmas Advent Calendar | AMA Travel,Our Rocky Mountain Christmas Advent Calendar,TRUE,TRUE,TRUE,TRUE,1906,Indexable,Our Rocky Mountain Christmas Advent Calendar,Our Rocky Mountain Christmas Advent Calendar,TRUE,TRUE,TRUE
/articles/top-10-all-inclusive-resorts-for-families,/articles/top-10-all-inclusive-resorts-for-families,SAME,XLSX,Articles,Articles,Content,Article,,,TRUE,,Indexable,Our Top 10 All-Inclusive Resorts for Families | AMA Travel,Our Top Ten All-Inclusive Resorts for Families in Mexico,TRUE,TRUE,TRUE,TRUE,1541,Indexable,AMA Travel Website,Our Top Ten All-Inclusive Resorts for Families in Mexico,TRUE,TRUE,TRUE
/articles/top-adventure-travel-tours,/articles/top-adventure-travel-tours,SAME,XLSX,Articles,Articles,Content,Article,,,TRUE,,Indexable,Our Top 10 International Adventure Travel Dream List | AMA Travel,Our Top 10 International Adventure Travel Tours,TRUE,TRUE,TRUE,TRUE,1426,Indexable,Our Top 10 International Adventure Travel Dream List,Our Top 10 International Adventure Travel Tours,TRUE,TRUE,TRUE
/articles/boutique-all-inclusive-resorts,/articles/boutique-all-inclusive-resorts,SAME,XLSX,Articles,Articles,Content,Article,,,TRUE,,Indexable,Our Top 3 Boutique and Bespoke All-Inclusive Resorts | AMA Travel,Our Top 3 Boutique and Bespoke All-Inclusive Resorts,TRUE,TRUE,TRUE,TRUE,2445,Indexable,Our Top 3 Boutique and Bespoke All-Inclusive Resorts,Our Top 3 Boutique and Bespoke All-Inclusive Resorts,TRUE,TRUE,TRUE
/articles/luxury-mexican-resorts,/articles/luxury-mexican-resorts,SAME,XLSX,Articles,Articles,Content,Article,,,TRUE,,Indexable,Our Top 3 Luxury Mexican Resorts | AMA Travel,Our Top 3 Luxury Mexican Resorts,TRUE,TRUE,TRUE,TRUE,2693,Indexable,Our Top 3 Luxury Mexican Resorts,Our Top 3 Luxury Mexican Resorts,TRUE,TRUE,TRUE
/articles/tropical-wellness-resorts,/articles/tropical-wellness-resorts,SAME,XLSX,Articles,Articles,Content,Article,,,TRUE,,Indexable,Our Top 3 Tropical Wellness Resorts | AMA Travel,Our Top 3 Tropical Wellness Resorts,TRUE,TRUE,TRUE,TRUE,2491,Indexable,Our Top 3 Tropical Wellness Resorts,Our Top 3 Tropical Wellness Resorts,TRUE,TRUE,TRUE
/articles/top-5-crazy-rich-vacations,/articles/top-5-crazy-rich-vacations,SAME,XLSX,Articles,Articles,Content,Article,,,TRUE,,Indexable,Our Top 5 Crazy Rich Vacations | AMA Travel,Our Top 5 Crazy Rich Vacations,TRUE,TRUE,TRUE,TRUE,2547,Indexable,Our Top 5 Crazy Rich Vacations,Our Top 5 Crazy Rich Vacations,TRUE,TRUE,TRUE
/articles/top-5-greek-islands,/articles/top-5-greek-islands,SAME,XLSX,Articles,Articles,Content,Article,,,TRUE,,Indexable,Our Top 5 Islands in Greece | AMA Travel,Our Top 5 Islands in Greece,TRUE,TRUE,TRUE,TRUE,1366,Indexable,Our Top 5 Islands in Greece,Our Top 5 Islands in Greece,TRUE,TRUE,TRUE
/articles/best-places-to-stay-kissimmee-florida,/articles/best-places-to-stay-kissimmee-florida,SAME,XLSX,Articles,Articles,Content,Article,,,TRUE,,Indexable,Our Top Accommodations in Kissimmee | AMA Travel,"Best Places to Stay in Kissimmee, Florida",TRUE,TRUE,TRUE,TRUE,2477,Indexable,Our Top Accommodations in Kissimmee,"Best Places to Stay in Kissimmee, Florida",TRUE,TRUE,TRUE
/articles/our-top-ten-most-secluded-destinations,/articles/our-top-ten-most-secluded-destinations,SAME,XLSX,Articles,Articles,Content,Article,,,TRUE,,Indexable,Our Top Ten Most Secluded Destinations | AMA Travel,Our Top Ten Most Secluded Destinations,TRUE,TRUE,TRUE,TRUE,1601,Indexable,Our Top Ten Most Secluded Destinations,Our Top Ten Most Secluded Destinations,TRUE,TRUE,TRUE
/articles/top-golf-clubs-and-travel-tips,/articles/top-golf-clubs-and-travel-tips,SAME,XLSX,Articles,Articles,Content,Article,,,TRUE,,Indexable,Our Top Tips for Travelling with Golf Clubs | AMA Travel,Our Top Tips for Travelling with Golf Clubs,TRUE,TRUE,TRUE,TRUE,2790,Indexable,Our Top Tips for Travelling with Golf Clubs,Our Top Tips for Travelling with Golf Clubs,TRUE,TRUE,TRUE
/vacation-destinations/north-america/us/california/palm-springs,/destinations/palm-springs,CHANGED,XLSX,Destinations,Destinations,Destinations,Individual Destination,Palm Springs,,TRUE,,Indexable,"Palm Springs Hotels, Resorts & Flight deals | AMA Travel",Palm Springs,TRUE,TRUE,TRUE,TRUE,4091,Indexable,"Palm Springs, California","Palm Springs, California",TRUE,TRUE,TRUE
/articles/how-much-is-a-parks-canada-discovery-pass,/articles/how-much-is-a-parks-canada-discovery-pass,SAME,XLSX,Articles,Articles,Content,Article,,,TRUE,,Indexable,Parks Canada Discovery Pass | AMA Travel,How Much Is a Parks Canada Discovery Pass?,TRUE,TRUE,TRUE,TRUE,3023,Indexable,How Much Is a Parks Canada Discovery Pass?,How Much Is a Parks Canada Discovery Pass?,TRUE,TRUE,TRUE
/passports-and-documentations,/help-centre/passports-documents,CHANGED,XLSX,Travel Agent Experience (TAE),Help Centre,Support/Service,Informational Page,Help Centre/Passports/Travel Docs,,TRUE,,Indexable,"Passports, Visas, Travel Documents & Travel Tips | AMA Travel","Passport, Documents & Currency",TRUE,TRUE,TRUE,TRUE,1465,Indexable,Passport Photos Near Me,AMA Passport Photos,TRUE,TRUE,TRUE
/cruises/luxury-small-ship/paul-gauguin,/cruises/paul-gauguin,CHANGED,XLSX,Cruises,Cruises,Cruises,Supplier,Cruise Supplier (Paul Gauguin),,TRUE,,Indexable,Paul Gauguin Cruises,PAUL GAUGUIN CRUISES DEALS,TRUE,TRUE,TRUE,TRUE,1780,Indexable,Book Paul Gauguin Cruises with AMA Travel,Paul Gauguin Cruises®,TRUE,TRUE,TRUE
/vacation-destinations/north-america/us/arizona/phoenix,/destinations/phoenix,CHANGED,XLSX,Destinations,Destinations,Destinations,Individual Destination,Phoenix,,TRUE,,Indexable,"Phoenix Vacation Rentals, Flights & Things to do | AMA Travel",Phoenix,TRUE,TRUE,TRUE,TRUE,4289,Indexable,"Phoenix, Arizona","Phoenix, Arizona",TRUE,TRUE,TRUE
/articles/victoria-perfect-springtime-getaway,/articles/victoria-perfect-springtime-getaway,SAME,XLSX,Articles,Articles,Content,Article,,,TRUE,,Indexable,"Plan Your Spring Vacation in Victoria, B.C. | AMA Travel","Victoria, B.C.: The Perfect Springtime Getaway",TRUE,TRUE,TRUE,TRUE,1699,Indexable,"Plan Your Spring Vacation in Victoria, B.C.","Victoria, B.C.: The Perfect Springtime Getaway",TRUE,TRUE,TRUE
/vacation-destinations/north-america/us/california/anaheim,/destinations/anaheim,CHANGED,XLSX,Destinations,Destinations,Destinations,Bureau Destination,Anaheim,,TRUE,,Indexable,"Plan Your Stay in Anaheim, California | AMA Travel","Plan Your Stay in Anaheim, California",TRUE,TRUE,TRUE,TRUE,4281,Indexable,"Visit Anaheim: Stays, Attractions & Deals","Anaheim, California",TRUE,TRUE,TRUE
/vacation-destinations/north-america/canada/british-columbia/victoria,/destinations/victoria,CHANGED,XLSX,Destinations,Destinations,Destinations,Bureau Destination,Victoria,,TRUE,,Indexable,Plan Your Stay in Victoria B.C. | AMA Travel,"Plan Your Stay in Victoria, B.C.",TRUE,TRUE,TRUE,TRUE,3887,Indexable,"Visit Victoria: Stays, Attractions & Deals","Victoria, British Columbia",TRUE,TRUE,TRUE
/vacation-destinations/north-america/canada/british-columbia/victoria/plan-your-stay,/destinations/victoria,REDIRECTED,XLSX,Destinations,Destinations,Destinations,Bureau Destination,Victoria,,TRUE,,Indexable,Plan Your Stay in Victoria B.C. | AMA Travel,"Plan Your Stay in Victoria, B.C.",TRUE,TRUE,TRUE,TRUE,3887,Indexable,"Visit Victoria: Stays, Attractions & Deals","Victoria, British Columbia",TRUE,TRUE,TRUE
/cruises/ocean/celebrity,/cruises/celebrity,CHANGED,XLSX,Cruises,Cruises,Cruises,Supplier,Cruise Supplier (Celebrity),,TRUE,,Indexable,Plan Your Trip with Celebrity Cruises | AMA Travel,,TRUE,TRUE,TRUE,TRUE,1915,Indexable,Book Celebrity Cruises with AMA Travel,Celebrity Cruises®,TRUE,TRUE,TRUE
/vacation-destinations/north-america/canada/alberta/jasper,/destinations/jasper,CHANGED,XLSX,Destinations,Destinations,Destinations,Bureau Destination,Jasper,,TRUE,,Indexable,"Plan your Vacation to Jasper, Alberta | AMA Travel","Plan Your Stay in Jasper, Alberta",TRUE,TRUE,FALSE,TRUE,4121,Indexable,"Visit Jasper: Stays, Attractions & Deals","Jasper, Alberta",TRUE,TRUE,TRUE
/articles/ultimate-disney-world-cruise-trip,/articles/ultimate-disney-world-cruise-trip,SAME,XLSX,Articles,Articles,Content,Article,,,TRUE,,Indexable,Planning a Disney World Park and Cruise Combination Trip | AMA Travel,Planning the Ultimate Walt Disney World Park and Cruise Trip,TRUE,TRUE,TRUE,TRUE,1718,Indexable,Planning a Disney World Park and Cruise Combination Trip,Planning the Ultimate Walt Disney World Park and Cruise Trip,TRUE,TRUE,TRUE
/articles/planning-destination-wedding-and-honeymoon,/articles/planning-destination-wedding-and-honeymoon,SAME,XLSX,Articles,Articles,Content,Article,,,TRUE,,Indexable,Planning Your Destination Wedding and Honeymoon,Planning Your Destination Wedding and Honeymoon,TRUE,TRUE,TRUE,TRUE,857,Indexable,Planning Your Destination Wedding and Honeymoon,Planning Your Destination Wedding and Honeymoon,TRUE,TRUE,TRUE
/articles/planning-miami-to-key-west-road-trip,/articles/planning-miami-to-key-west-road-trip,SAME,XLSX,Articles,Articles,Content,Article,,,TRUE,,Indexable,Planning Your Miami to Key West Road Trip | AMA Travel,Planning Your Miami to Key West Road Trip,TRUE,TRUE,TRUE,TRUE,2518,Indexable,Planning Your Miami to Key West Road Trip (Top Stops & Tips),Planning Your Miami to Key West Road Trip,TRUE,TRUE,TRUE
/articles/florida-road-trip-orlando-kissimmee-to-miami,/articles/florida-road-trip-orlando-kissimmee-to-miami,SAME,XLSX,Articles,Articles,Content,Article,,,TRUE,,Indexable,Planning Your Road Trip from Orlando to Tampa | AMA Travel,Road Trip: Orlando and Kissimmee to Tampa,TRUE,TRUE,TRUE,TRUE,1541,Indexable,Planning Your Road Trip From Orlando to Tampa,Road Trip: Orlando and Kissimmee to Tampa,TRUE,TRUE,TRUE
/articles/pok-a-tok-ancient-mayan-sport,/articles/pok-a-tok-ancient-mayan-sport,SAME,XLSX,Articles,Articles,Content,Article,,,TRUE,,Indexable,Pok-A-Tok: The Ancient Maya Ball Game | AMA Travel,Pok-A-Tok Is the Ancient Mayan Sport We Dare You to Play,TRUE,TRUE,TRUE,TRUE,2006,Indexable,Pok-A-Tok: The Ancient Maya Ball Game,Pok-A-Tok Is the Ancient Mayan Sport We Dare You to Play,TRUE,TRUE,TRUE
/articles/preventing-seaweed-buildup-cancun-beaches,/articles/preventing-seaweed-buildup-cancun-beaches,SAME,XLSX,Articles,Articles,Content,Article,,,TRUE,,Indexable,Preventing Seaweed on Cancun & Riviera Maya Beaches | AMA Travel,Kelp Is on the Way: Preventing seaweed buildup on Cancun beaches,TRUE,TRUE,TRUE,TRUE,1953,Indexable,Preventing Seaweed on Cancun & Riviera Maya Beaches,Kelp Is on the Way: Preventing Seaweed Buildup on Cancun Beaches,TRUE,TRUE,TRUE
/cruises/ocean/princess,/cruises/princess-cruises,CHANGED,XLSX,Cruises,Cruises,Cruises,Supplier,Cruise Supplier (Princess),,TRUE,,Indexable,Princess Cruises,,TRUE,TRUE,TRUE,TRUE,2042,Indexable,Book Princess Cruises with AMA Travel,Princess Cruises®,TRUE,TRUE,TRUE
/vacation-destinations/caribbean/dominican-republic/punta-cana,/destinations/punta-cana,CHANGED,XLSX,Destinations,Destinations,Destinations,Individual Destination,Punta Cana,,TRUE,,Indexable,"Punta Cana Hotels, Resorts, Flights & Things to do | AMA Travel","Punta Cana, Dominican Republic",TRUE,TRUE,TRUE,TRUE,3999,Indexable,"Punta Cana, Dominican Republic","Punta Cana, Dominican Republic",TRUE,TRUE,TRUE
/cruises/expedition/quark,/cruises/quark,CHANGED,XLSX,Cruises,Cruises,Cruises,Supplier,Cruise Supplier (Quark),,TRUE,,Indexable,Quark Expeditions | AMA Travel,Quark Expeditions,TRUE,TRUE,TRUE,TRUE,1188,Indexable,Book Quark Expeditions with AMA Travel,Quark Expeditions®,TRUE,TRUE,TRUE
/articles/quark-expeditions-premium-spin,/articles/quark-expeditions-premium-spin,SAME,XLSX,Articles,Articles,Content,Article,,,TRUE,,Indexable,Quark Expeditions: Premium Expedition Cruising in the Arctic and Antarctic | AMA Travel,Quark Expeditions: Expedition Cruises with a Premium Spin,TRUE,TRUE,TRUE,TRUE,2463,Indexable,Quark Expeditions: Premium Cruises in the Arctic & Antarctic,Quark Expeditions: Expedition Cruises with a Premium Spin,TRUE,TRUE,TRUE
/quick-trips,/hotels/staycation-getaways,MERGED,XLSX,Hotels,Hotels,Hotels,Collection Page,Hotels (Staycations/getaways),,TRUE,,Indexable,Quick Trip Hotel Deals & Discounts in Canada & USA,Get Exclusive Savings for a Quick Trip,TRUE,TRUE,TRUE,TRUE,1348,Indexable,Staycations & Weekend Getaways Near You,Book a Staycation Today,TRUE,TRUE,FALSE
/articles/quick-trips-northern-alberta,/articles/quick-trips-northern-alberta,SAME,XLSX,Articles,Articles,Content,Article,,,TRUE,,Indexable,Quick Trips & things to do in Northern Alberta,Things to Do in Northern Alberta,TRUE,TRUE,TRUE,TRUE,2616,Indexable,Quick Trips & Things to Do in Northern Alberta,Things to Do in Northern Alberta,TRUE,TRUE,TRUE
/articles/quick-trips-southern-alberta,/articles/quick-trips-southern-alberta,SAME,XLSX,Articles,Articles,Content,Article,,,TRUE,,Indexable,Quick Trips and Things to do in Southern Alberta,Things to Do in Southern Alberta,TRUE,TRUE,TRUE,TRUE,2158,Indexable,Things to Do Southern Alberta: Places to Visit & Day Trips,Things to Do in Southern Alberta,TRUE,TRUE,TRUE
/vacation-packages/railbookers,/vacation-packages/railbookers,CHANGED,XLSX,Vacation Packages,Tour Supplier,Vacation Packages,Supplier,Tour Supplier (Railbookers),,TRUE,,Indexable,"Railbookers Train Trips - Routes, Packages & More | AMA Travel",Railbookers Customized Train Trips,TRUE,TRUE,TRUE,TRUE,1477,Indexable,Book Railbookers Train Travel with AMA Travel,Railbookers®,TRUE,TRUE,FALSE
/articles/the-real-life-pirate-hideouts-of-the-caribbean,/articles/the-real-life-pirate-hideouts-of-the-caribbean,SAME,XLSX,Articles,Articles,Content,Article,,,TRUE,,Indexable,Real-Life Pirate Hideouts of the Caribbean | AMA Travel,The Real-Life Pirate Hideouts of the Caribbean,TRUE,TRUE,TRUE,TRUE,1715,Indexable,Real-Life Pirate Hideouts of the Caribbean,The Real-Life Pirate Hideouts of the Caribbean,TRUE,TRUE,TRUE
/articles/why-you-should-choose-amazon-next-river-cruise,/articles/why-you-should-choose-amazon-next-river-cruise,SAME,XLSX,Articles,Articles,Content,Article,,,TRUE,,Indexable,Reasons to Choose the Amazon for Your Next River Cruise | AMA Travel,,TRUE,TRUE,TRUE,TRUE,1110,Indexable,Reasons to Choose the Amazon for Your Next River Cruise,Why You Should Choose the Amazon as Your Next River Cruise,TRUE,TRUE,TRUE
/articles/why-you-should-choose-danube-next-river-cruise,/articles/why-you-should-choose-danube-next-river-cruise,SAME,XLSX,Articles,Articles,Content,Article,,,TRUE,,Indexable,Reasons to Choose the Danube for Your Next River Cruise| AMA Travel,Why You Should Choose the Danube for Your Next River Cruise,TRUE,TRUE,TRUE,TRUE,1505,Indexable,Reasons to Choose the Danube for Your Next River Cruise,Why You Should Choose the Danube for Your Next River Cruise,TRUE,TRUE,TRUE
/articles/why-you-should-choose-douro-next-river-cruise,/articles/why-you-should-choose-douro-next-river-cruise,SAME,XLSX,Articles,Articles,Content,Article,,,TRUE,,Indexable,Reasons to Choose the Douro for Your Next River Cruise | AMA Travel,Why You Should Choose the Douro as Your Next River Cruise,TRUE,TRUE,TRUE,TRUE,1487,Indexable,Reasons to Choose the Douro for Your Next River Cruise,Why You Should Choose the Douro as Your Next River Cruise,TRUE,TRUE,TRUE
/articles/choose-the-ganges-your-next-river-cruise,/articles/choose-the-ganges-your-next-river-cruise,SAME,XLSX,Articles,Articles,Content,Article,,,TRUE,,Indexable,Reasons to Choose the Ganges for Your Next River Cruise | AMA Travel,Why You Should Choose the Ganges as Your Next River Cruise,TRUE,TRUE,TRUE,TRUE,1646,Indexable,Reasons to Choose the Ganges for Your Next River Cruise,Why You Should Choose the Ganges as Your Next River Cruise,TRUE,TRUE,TRUE
/articles/why-you-should-choose-nile-next-river-cruise,/articles/why-you-should-choose-nile-next-river-cruise,SAME,XLSX,Articles,Articles,Content,Article,,,TRUE,,Indexable,Reasons to Choose the Nile for Your Next River Cruise | AMA Travel,Why You Should Choose the Nile as Your Next River Cruise,TRUE,TRUE,TRUE,TRUE,1056,Indexable,Reasons to Choose the Nile for Your Next River Cruise,Why You Should Choose the Nile as Your Next River Cruise,TRUE,TRUE,TRUE
/articles/why-you-should-choose-rhone-next-river-cruise,/articles/why-you-should-choose-rhone-next-river-cruise,SAME,XLSX,Articles,Articles,Content,Article,,,TRUE,,Indexable,Reasons to Choose the Rhône for Your Next River Cruise | AMA Travel,Why You Should Choose the Rhone as Your Next River Cruise,TRUE,TRUE,TRUE,TRUE,1174,Indexable,Reasons to Choose the Rhône for Your Next River Cruise,Why You Should Choose the Rhône as Your Next River Cruise,TRUE,TRUE,TRUE
/articles/why-you-should-choose-rhine-next-river-cruise,/articles/why-you-should-choose-rhine-next-river-cruise,SAME,XLSX,Articles,Articles,Content,Article,,,TRUE,,Indexable,Reasons to Choose the Rhine for Your Next River Cruise | AMA Travel,Why You Should Choose the Rhine as Your Next River Cruise,TRUE,TRUE,TRUE,TRUE,1472,Indexable,Reasons to Choose the Rhine for Your Next River Cruise,Why You Should Choose the Rhine as Your Next River Cruise,TRUE,TRUE,TRUE
/articles/why-you-should-choose-seine-next-river-cruise,/articles/why-you-should-choose-seine-next-river-cruise,SAME,XLSX,Articles,Articles,Content,Article,,,TRUE,,Indexable,Reasons to Choose the Seine for Your Next River Cruise | AMA Travel,Why You Should Choose the Seine as Your Next River Cruise,TRUE,TRUE,TRUE,TRUE,1395,Indexable,Reasons to Choose the Seine for Your Next River Cruise,Why You Should Choose the Seine as Your Next River Cruise,TRUE,TRUE,TRUE
/articles/4-reasons-why-alberta-loves-nashville,/articles/4-reasons-why-alberta-loves-nashville,SAME,XLSX,Articles,Articles,Content,Article,,,TRUE,,Indexable,Reasons Why Alberta Loves Nashville | AMA Travel,4 Reasons why Alberta loves Nashville,TRUE,TRUE,TRUE,TRUE,2530,Indexable,Reasons Why Alberta Loves Nashville,4 Reasons Why Alberta Loves Nashville,TRUE,TRUE,TRUE
/articles/collision-damage-waivers,/articles/collision-damage-waivers,SAME,XLSX,Articles,Articles,Content,Article,,,TRUE,,Indexable,Rental Cars and Collision Damage Waivers,What is a Collision Damage Waiver and do I need to sign one?,TRUE,TRUE,TRUE,TRUE,1398,Indexable,Rental Cars and Collision Damage Waivers,What Is a Collision Damage Waiver and Do I Need to Sign One?,TRUE,TRUE,TRUE
/articles/best-restaurants-banff-and-lake-louise,/articles/best-restaurants-banff-and-lake-louise,SAME,XLSX,Articles,Articles,Content,Article,,,TRUE,,Indexable,Restaurants You MUST Try in Banff and Lake Louise | AMA Travel,Restaurants you MUST TRY in Banff and Lake Louise,TRUE,TRUE,TRUE,TRUE,2448,Indexable,Restaurants You Must Try in Banff and Lake Louise,Restaurants You Must Try in Banff and Lake Louise,TRUE,TRUE,TRUE
/articles/alberta-iron-horse-trail,/articles/alberta-iron-horse-trail,SAME,XLSX,Articles,Articles,Content,Article,,,TRUE,,Indexable,Riding the Iron Horse Trail | AMA Travel,Hidden Alberta: The Iron Horse Trail,TRUE,TRUE,TRUE,TRUE,2663,Indexable,Riding the Iron Horse Trail,Hidden Alberta: The Iron Horse Trail,TRUE,TRUE,TRUE
/cruises/river,/cruises/river,SAME,XLSX,Cruises,Cruises,Cruises,Collection Page,River Cruises,,TRUE,,Indexable,"River Cruises Best Deals - Amawaterways, Viking, Uniworld, Avalon & More | AMA Travel",River Cruising with AMA Travel,TRUE,TRUE,TRUE,TRUE,2311,Indexable,Explore River Cruises,Float to Dream Destinations on a Luxury River Cruise,TRUE,TRUE,TRUE
/articles/river-or-ocean-which-cruise-is-right-for-you,/articles/river-or-ocean-which-cruise-is-right-for-you,SAME,XLSX,Articles,Articles,Content,Article,,,TRUE,,Indexable,River or Ocean Cruises—What are the differences?,River or Ocean—Which cruise is right for you?,TRUE,TRUE,TRUE,TRUE,2795,Indexable,River or Ocean Cruises—What Are the Differences?,River or Ocean—Which Cruise Is Right for You?,TRUE,TRUE,TRUE
/articles/planning-the-best-north-america-road-trips,/articles/planning-the-best-north-america-road-trips,SAME,XLSX,Articles,Articles,Content,Article,,,TRUE,,Indexable,Road Trip Tips Across Canada & USA for Albertans,Planning the Best North America Road Trips,TRUE,TRUE,TRUE,TRUE,1864,Indexable,Road Trip Tips Across Canada & USA for Albertans,Planning the Best North America Road Trips,TRUE,TRUE,TRUE
/articles/classic-nevada-road-trip-great-basin-death-valley,/articles/classic-nevada-road-trip-great-basin-death-valley,SAME,XLSX,Articles,Articles,Content,Article,,,TRUE,,Indexable,Road tripping Nevada’s Great Basin Highway and Death Valley Rally | AMA Travel,Two classic Nevada road trips from the Great Basin to Death Valley,TRUE,TRUE,TRUE,TRUE,1587,Indexable,Nevada’s Great Basin Highway & Death Valley Rally Road-Trip,Two Classic Nevada Road Trips From the Great Basin to Death Valley,TRUE,TRUE,TRUE
/articles/triptik-road-trip-rockies-hwy-93,/articles/triptik-road-trip-rockies-hwy-93,SAME,XLSX,Articles,Articles,Content,Article,,,TRUE,,Indexable,Road Tripping through the Rockies on Highway 93 | AMA Travel,The Majesty of Road Tripping through the Rockies on Highway 93,TRUE,TRUE,TRUE,TRUE,2355,Indexable,Road Tripping Through the Rockies on Highway 93,The Majesty of Road Tripping Through the Rockies on Highway 93,TRUE,TRUE,TRUE
/vacation-packages/rocky-mountain-winter/ski-and-snowboard,/vacation-packages/rocky-mountain-winter/ski-and-snowboard,SAME,XLSX,Vacation Packages,Seasonal,Vacation Packages,Supplier,Rocky Mountain Winter (Ski/Snowboard),,TRUE,,Indexable,Rocky Mountain Winter | Ski & Snowboard | AMA Travel,SKIING & SNOWBOARDING IN THE ROCKIES,TRUE,TRUE,TRUE,TRUE,905,Indexable,AMA Travel Website,Plan a Ski & Snowboard Vacation to the Rocky Mountains,TRUE,TRUE,TRUE
/articles/rocky-mountaineer-routes,/articles/rocky-mountaineer-routes,SAME,XLSX,Articles,Articles,Content,Article,,,TRUE,,Indexable,Rocky Mountaineer Routes | AMA Travel,The Incredible Routes on the Rocky Mountaineer,TRUE,TRUE,TRUE,TRUE,2459,Indexable,Rocky Mountaineer Routes,The Incredible Routes on the Rocky Mountaineer,TRUE,TRUE,TRUE
/vacation-packages/rocky-mountaineer-train,/vacation-packages/rocky-mountaineer-train,CHANGED,XLSX,Vacation Packages,Tour Supplier,Vacation Packages,Supplier,Train Supplier (e.g. Rocky Mountaineer),,TRUE,,Indexable,"Rocky Mountaineer Train Trips - Routes, Packages & More | AMA Travel",Rocky Mountaineer - The Ultimate Train Journey,TRUE,TRUE,TRUE,TRUE,1784,Indexable,AMA Travel Website,Rocky Mountaineer,TRUE,TRUE,FALSE
/articles/rocky-mountaineer-rockies-to-the-red-rocks,/articles/rocky-mountaineer-rockies-to-the-red-rocks,SAME,XLSX,Articles,Articles,Content,Article,,,TRUE,,Indexable,Rocky Mountaineer’s Newest Route: Rockies to the Red Rocks | AMA Travel,Rocky Mountaineer’s Newest Route: Rockies to the Red Rocks,TRUE,TRUE,TRUE,TRUE,1647,Indexable,Rocky Mountaineer’s Newest Route: Rockies to the Red Rocks,Rocky Mountaineer’s Newest Route: Rockies to the Red Rocks,TRUE,TRUE,TRUE
/vacation-packages/rocky-mountain-summer,/vacation-packages/rocky-mountain-summer,SAME,XLSX,Vacation Packages,Seasonal,Vacation Packages,Collection Page,Rocky Mountain Summer,,TRUE,,Indexable,Rocky Mountains - Summer Vacations & Trips | AMA Travel,Summer & Fall Trips to the Rocky Mountains,TRUE,TRUE,TRUE,TRUE,1505,Indexable,Rocky Mountain Summer Vacation Packages,Plan Your Summer Rocky Mountain Getaway,TRUE,TRUE,FALSE
/vacation-packages/rocky-mountain-winter,/vacation-packages/rocky-mountain-winter,SAME,XLSX,Vacation Packages,Seasonal,Vacation Packages,Collection Page,Rocky Mountain Winter,,TRUE,,Indexable,"Rocky Mountains Winter Vacations & Ski Resorts, Lift Ticket Discounts | AMA Travel",Rocky Mountain Winter Getaways,TRUE,TRUE,TRUE,TRUE,913,Indexable,Rocky Mountain Winter Vacation Packages,Visit the Canadian Rocky Mountains this Winter,TRUE,TRUE,TRUE
/articles/romantic-vacations-in-victoria,/articles/romantic-vacations-in-victoria,SAME,XLSX,Articles,Articles,Content,Article,,,TRUE,,Indexable,Romantic Vacations in Victoria B.C. for Every Budget | AMA Travel,There’s a Romantic Vacation in Victoria B.C. for Every Budget,TRUE,TRUE,TRUE,TRUE,2110,Indexable,Romantic Vacations in Victoria B.C. for Every Budget,There’s a Romantic Vacation in Victoria B.C. for Every Budget,TRUE,TRUE,TRUE
/cruises/ocean/royal-caribbean,/cruises/royal-caribbean,CHANGED,XLSX,Cruises,Cruises,Cruises,Supplier,Cruise Supplier (Royal Caribbean),,TRUE,,Indexable,Royal Caribbean Cruise Deals & Information | AMA Travel,Smooth,TRUE,TRUE,FALSE,TRUE,2238,Indexable,Book Royal Caribbean Cruises with AMA Travel,Royal Caribbean®,TRUE,TRUE,TRUE
/articles/triptik-road-trip-cowboy-trail,/articles/triptik-road-trip-cowboy-trail,SAME,XLSX,Articles,Articles,Content,Article,,,TRUE,,Indexable,Saddle up to road trip across Alberta’s classic Cowboy Trail | AMA Travel,Hit the Western Vibe on Alberta’s Classic Road Trip Route: The Cowboy Trail,TRUE,TRUE,TRUE,TRUE,2455,Indexable,Saddle Up to Road Trip Across Alberta’s Classic Cowboy Trail,Hit the Western Vibe on Alberta’s Classic Road Trip Route: The Cowboy Trail,TRUE,TRUE,TRUE
/rental-vehicle-insurance,/travel-insurance/car-rental-insurance,CHANGED,XLSX,Travel Insurance,Insurance,Insurance,Landing Page,Car Rental Insurance,,TRUE,,Indexable,Save on Your Car Rental Insurance | AMA Travel,,TRUE,TRUE,TRUE,TRUE,3066,Indexable,Car Rental Insurance for Albertans,Get Rental Car Insurance through AMA Travel,TRUE,TRUE,TRUE
/vacation-packages,/vacation-packages,SAME,XLSX,Vacation Packages,Vacation Packages,Vacation Packages,Landing Page,Vacation Packages LP,,TRUE,,Indexable,Search Cheap Vacation Packages & All inclusive Vacations | AMA Travel,Why Book Your Vacation with AMA Travel,TRUE,TRUE,TRUE,TRUE,1535,Indexable,Vacation Packages from Calgary & Edmonton,Book All-Inclusive Getaways the Easy Way,TRUE,TRUE,TRUE
/cars,/car-rentals,CHANGED,XLSX,Car Rentals,Car Rentals,Car Rentals,Landing Page,Car Rentals LP,,TRUE,,Indexable,Search the Best Deals for Car Rentals & Coupons | AMA Travel,,TRUE,TRUE,TRUE,TRUE,1331,Indexable,"Car Rental Deals, Discounts & Savings",Find the best car rental deals with AMA,TRUE,TRUE,TRUE
/articles/must-eat-in-seattle,/articles/must-eat-in-seattle,SAME,XLSX,Articles,Articles,Content,Article,,,TRUE,,Indexable,Seattle Foodie Experiences You Can’t Miss | AMA Travel,The Best Foodie Experiences Seattle Has to Offer,TRUE,TRUE,TRUE,TRUE,1761,Indexable,Seattle Foodie Experiences You Can’t Miss,The Best Foodie Experiences Seattle Has to Offer,TRUE,TRUE,TRUE
/escape-artist,/escape-artist,SAME,XLSX,General Top Level,Main,General,Landing Page,Escape Artist,,TRUE,,Indexable,Sell Travel and Work from Home. Become an AMA Travel Escape Artist!,,TRUE,TRUE,TRUE,FALSE,,,,,FALSE,FALSE,TRUE
/articles/seven-california-spas-plan-trip,/articles/seven-california-spas-plan-trip,SAME,XLSX,Articles,Articles,Content,Article,,,TRUE,,Indexable,Seven amazing California spas worth planning a trip for | AMA Travel,Seven California Spas so Good You’ll Want to Plan a Trip Around Them,TRUE,TRUE,TRUE,TRUE,1719,Indexable,Seven Amazing California Spas Worth Planning a Trip For,Seven California Spas so Good You’ll Want to Plan a Trip Around Them,TRUE,TRUE,TRUE
/cruises/luxury-small-ship/silversea,/cruises/silversea,CHANGED,XLSX,Cruises,Cruises,Cruises,Supplier,Cruise Supplier (Silversea),,TRUE,,Indexable,Silversea Cruises,,TRUE,TRUE,TRUE,TRUE,2029,Indexable,Book Silversea with AMA Travel,Silversea® Cruises,TRUE,TRUE,TRUE
/vacation-packages/rocky-mountain-winter/fernie-ski-resort,/vacation-packages/rocky-mountain-winter/fernie-ski-resort,SAME,XLSX,Vacation Packages,Rocky Mountain - Seasons,Hotels,Supplier,Ski Resort Hotel Supplier (Fernie),,TRUE,,Indexable,Ski Fernie Alpine Resort | AMA Travel,Members Ski for Less at Fernie Alpine Resort,TRUE,TRUE,TRUE,TRUE,1992,Indexable,AMA Travel Website,Fernie Alpine Resort,TRUE,TRUE,FALSE
/vacation-packages/rocky-mountain-winter/kicking-horse-ski-resort,/vacation-packages/rocky-mountain-winter/kicking-horse-ski-resort,SAME,XLSX,Vacation Packages,Rocky Mountain - Seasons,Hotels,Supplier,Ski Resort Hotel Supplier (Kicking Horse),,TRUE,,Indexable,Ski Kicking Horse Mountain Resort | AMA Travel,Members Ski For Less at Kicking Horse Mountain Resort,TRUE,TRUE,TRUE,TRUE,1732,Indexable,AMA Travel Website,Kicking Horse Mountain Resort,TRUE,TRUE,FALSE
/vacation-packages/rocky-mountain-winter/kimberley-ski-resort,/vacation-packages/rocky-mountain-winter/kimberley-ski-resort,SAME,XLSX,Vacation Packages,Rocky Mountain - Seasons,Hotels,Supplier,Ski Resort Hotel Supplier (Kimberley),,TRUE,,Indexable,Ski Kimberley Alpine Resort | AMA Travel,Members Ski for Less at Kimberley Alpine Resort,TRUE,TRUE,TRUE,TRUE,1722,Indexable,AMA Travel Website,Kimberley Alpine Resort,TRUE,TRUE,FALSE
/vacation-packages/rocky-mountain-winter/ski-marmot-basin,/vacation-packages/rocky-mountain-winter/ski-marmot-basin,SAME,XLSX,Vacation Packages,Rocky Mountain - Seasons,Hotels,Supplier,Ski Resort Hotel Supplier (Marmot),,TRUE,,Indexable,Ski Marmot Basin Discount Cards & Lift Tickets | AMA Travel,Members Ski for Less at Jasper's Ski Marmot Basin,TRUE,TRUE,TRUE,TRUE,1865,Indexable,AMA Travel Website,Marmot Basin,TRUE,TRUE,FALSE
/articles/south-africa-exploring-most-diverse-country,/articles/south-africa-exploring-most-diverse-country,SAME,XLSX,Articles,Articles,Content,Article,,,TRUE,,Indexable,South Africa Top Destinations & Tips | AMA Travel,South Africa: Exploring Africa’s Most Diverse Country,TRUE,TRUE,TRUE,TRUE,2857,Indexable,South Africa Top Destinations & Tips,South Africa: Exploring Africa’s Most Diverse Country,TRUE,TRUE,TRUE
/vacation-destinations/south-america,/destinations/south-america,CHANGED,XLSX,Destinations,Destinations,Destinations,Individual Destination,South America,,TRUE,,Indexable,South America Destinations | AMA Travel,South America,TRUE,TRUE,TRUE,FALSE,,,,,FALSE,FALSE,FALSE
/articles/south-dakota-things-to-do,/articles/south-dakota-things-to-do,SAME,XLSX,Articles,Articles,Content,Article,,,TRUE,,Indexable,South Dakota’s Black Hills and Badlands | AMA Travel,What You Have to See in South Dakota’s Black Hills & Badlands,TRUE,TRUE,TRUE,TRUE,2295,Indexable,South Dakota’s Black Hills and Badlands,What You Have to See in South Dakota’s Black Hills & Badlands,TRUE,TRUE,TRUE
/articles/south-dakota-road-trips,/articles/south-dakota-road-trips,SAME,XLSX,Articles,Articles,Content,Article,,,TRUE,,Indexable,South Dakota’s Most Famous Road Trips | AMA Travel,South Dakota’s Most Famous Road Trips,TRUE,TRUE,TRUE,TRUE,2016,Indexable,South Dakota’s Most Famous Road Trips,South Dakota’s Most Famous Road Trips,TRUE,TRUE,TRUE
/vacation-destinations/asia/south-korea,/destinations/south-korea,CHANGED,XLSX,Destinations,Destinations,Destinations,Individual Destination,South Korea,,TRUE,,Indexable,"South Korea - Find Flights, Hotel Deals, and More | AMA Travel",,TRUE,TRUE,TRUE,TRUE,3893,Indexable,South Korea,South Korea,TRUE,TRUE,TRUE
/articles/reasons-to-travel-south-korea,/articles/reasons-to-travel-south-korea,SAME,XLSX,Articles,Articles,Content,Article,,,TRUE,,Indexable,South Korea Awaits: Your Must-See 2024 Travel Checklist | AMA Travel,Why You Need to Travel to South Korea in 2024,TRUE,TRUE,TRUE,TRUE,1760,Indexable,South Korea Awaits: Your Must-See 2024 Travel Checklist,Why You Need to Travel to South Korea in 2024,TRUE,TRUE,TRUE
/vacation-destinations/caribbean/st-lucia,/destinations/st-lucia,CHANGED,XLSX,Destinations,Destinations,Destinations,Individual Destination,St. Lucia,,TRUE,,Indexable,"St Lucia Vacations All Inclusive Resorts, Flights & Things to do | AMA Travel",Saint Lucia,TRUE,TRUE,TRUE,TRUE,3724,Indexable,"St. Lucia, Saint Lucia","St. Lucia, Saint Lucia",TRUE,TRUE,TRUE
/articles/stay-and-save-anaheim,/articles/stay-and-save-anaheim,SAME,XLSX,Articles,Articles,Content,Article,,,TRUE,,Indexable,Stay & Save in Anaheim: Hotels Deals and More | AMA Travel,"Stay & Save in Anaheim: Hotels Deals, Trip Inspiration and More",TRUE,TRUE,TRUE,TRUE,2034,Indexable,Stay & Save in Anaheim: Hotels Deals and More,"Stay & Save in Anaheim: Hotels Deals, Trip Inspiration and More",TRUE,TRUE,TRUE
/articles/stay-and-save-banff,/articles/stay-and-save-banff,SAME,XLSX,Articles,Articles,Content,Article,,,TRUE,,Indexable,Stay & Save in Banff: Hotels Deals and More | AMA Travel,"Stay & Save in Banff: Hotels Deals, Trip Inspiration and More",TRUE,TRUE,TRUE,TRUE,2048,Indexable,Stay & Save in Banff: Hotels Deals and More,"Stay & Save in Banff: Hotels Deals, Trip Inspiration and More",TRUE,TRUE,TRUE
/articles/stay-and-save-jasper,/articles/stay-and-save-jasper,SAME,XLSX,Articles,Articles,Content,Article,,,TRUE,,Indexable,Stay & Save in Jasper: Hotels Deals and More | AMA Travel,"Stay & Save in Jasper: Hotels Deals, Trip Inspiration and More",TRUE,TRUE,FALSE,FALSE,,,,,FALSE,FALSE,FALSE
/articles/stay-and-save-victoria,/articles/stay-and-save-victoria,SAME,XLSX,Articles,Articles,Content,Article,,,TRUE,,Indexable,Stay & Save in Victoria: Hotels Deals and More | AMA Travel,"Stay & Save in Victoria: Hotels Deals, Trip Inspiration and More",TRUE,TRUE,TRUE,TRUE,2041,Indexable,Stay & Save in Victoria: Hotels Deals and More,"Stay & Save in Victoria: Hotels Deals, Trip Inspiration and More",TRUE,TRUE,TRUE
/vacation-destinations/south-pacific/tahiti,/destinations/tahiti,CHANGED,XLSX,Destinations,Destinations,Destinations,Individual Destination,Tahiti,,TRUE,,Indexable,"Tahiti Vacation Packages, Cruises, & Activities | AMA Travel",Tahiti,TRUE,TRUE,TRUE,TRUE,3681,Indexable,Tahiti,Tahiti,TRUE,TRUE,TRUE
/articles/quick-trips-phoenix-for-families,/articles/quick-trips-phoenix-for-families,SAME,XLSX,Articles,Articles,Content,Article,,,TRUE,,Indexable,Take a Family Trip to Phoenix with AMA | AMA Travel,Phoenix for Families,TRUE,TRUE,TRUE,TRUE,2133,Indexable,Take a Family Trip to Phoenix with AMA,Phoenix for Families,TRUE,TRUE,TRUE
/articles/temple-etiquette-while-travelling,/articles/temple-etiquette-while-travelling,SAME,XLSX,Articles,Articles,Content,Article,,,TRUE,,Indexable,Temple Etiquette While Travelling | AMA Travel,Temple Etiquette While Travelling,TRUE,TRUE,TRUE,TRUE,2038,Indexable,Temple Etiquette While Travelling,Temple Etiquette While Travelling,TRUE,TRUE,TRUE
/articles/which-islands-to-visit-in-thailand,/articles/which-islands-to-visit-in-thailand,SAME,XLSX,Articles,Articles,Content,Article,,,TRUE,,Indexable,Thailand has 1430 Islands. Which Ones Should You Visit | AMA Travel,Thailand has 1430 Islands. Here’s How to Pick Which to Visit,TRUE,TRUE,TRUE,TRUE,1919,Indexable,Thailand Has 1430 Islands. Which Ones Should You Visit?,Thailand has 1430 Islands. Here’s How to Pick Which to Visit,TRUE,TRUE,TRUE
/articles/four-culinary-regions-thailand,/articles/four-culinary-regions-thailand,SAME,XLSX,Articles,Articles,Content,Article,,,TRUE,,Indexable,Thailand’s Cuisine by Region | AMA Travel,The Dishes of Thailand’s Four Culinary Regions,TRUE,TRUE,TRUE,TRUE,1811,Indexable,Thailand’s Cuisine by Region,The Dishes of Thailand’s Four Culinary Regions,TRUE,TRUE,TRUE
/articles/best-summer-tours-in-jasper,/articles/best-summer-tours-in-jasper,SAME,XLSX,Articles,Articles,Content,Article,,,TRUE,,Indexable,The 10 Best Summer Tours in Jasper | AMA Travel,The 10 Best Summer Tours in Jasper,TRUE,TRUE,TRUE,TRUE,1491,Indexable,The 10 Best Summer Tours in Jasper,The 10 Best Summer Tours in Jasper,TRUE,TRUE,TRUE
/articles/best-destinations-for-first-cruise,/articles/best-destinations-for-first-cruise,SAME,XLSX,Articles,Articles,Content,Article,,,TRUE,,Indexable,The 3 Best Destinations for First-Time Cruisers | AMA Travel,The 3 Best Destinations for First-Time Cruisers,TRUE,TRUE,TRUE,TRUE,2695,Indexable,The 3 Best Destinations for First-Time Cruisers,The 3 Best Destinations for First-Time Cruisers,TRUE,TRUE,TRUE
/articles/see-everything-phoenix-to-grand-canyon,/articles/see-everything-phoenix-to-grand-canyon,SAME,XLSX,Articles,Articles,Content,Article,,,TRUE,,Indexable,The Arizona Road Trip from Phoenix to the Grand Canyon | AMA Travel,How to See Everything Road Trip: Phoenix to the Grand Canyon,TRUE,TRUE,TRUE,TRUE,1820,Indexable,Planning Your Phoenix Arizona to Grand Canyon Road Trip,Planning Your Phoenix Arizona to Grand Canyon Road Trip,TRUE,TRUE,TRUE
/articles/best-things-you-can-do-los-cabos,/articles/best-things-you-can-do-los-cabos,SAME,XLSX,Articles,Articles,Content,Article,,,TRUE,,Indexable,The Best Activities in Los Cabos | AMA Travel,The Best Things You Can Do in Los Cabos,TRUE,TRUE,TRUE,TRUE,3269,Indexable,Top 19 Things to Do in Cabo San Lucas,Top 19 Things to Do in Cabo San Lucas,TRUE,TRUE,TRUE
/articles/anaheims-best-craft-breweries,/articles/anaheims-best-craft-breweries,SAME,XLSX,Articles,Articles,Content,Article,,,TRUE,,Indexable,The Best Breweries in Anaheim | AMA Travel,The Best Craft Beer Breweries in Anaheim,TRUE,TRUE,TRUE,TRUE,1157,Indexable,The Best Breweries in Anaheim,The Best Craft Beer Breweries in Anaheim,TRUE,TRUE,TRUE
/articles/best-banff-cocktails-spirits,/articles/best-banff-cocktails-spirits,SAME,XLSX,Articles,Articles,Content,Article,,,TRUE,,Indexable,"The Best Cocktails, Craft Beers, and Spirits in Banff National Park | AMA Travel","The Best Cocktails, Craft Beers, and Spirits in Banff National Park",TRUE,TRUE,TRUE,TRUE,2500,Indexable,"The Best Cocktails, Craft Beers & Spirits in Banff","The Best Cocktails, Craft Beers, and Spirits in Banff National Park",TRUE,TRUE,TRUE
/articles/best-communities-for-florida-snowbirds,/articles/best-communities-for-florida-snowbirds,SAME,XLSX,Articles,Articles,Content,Article,,,TRUE,,Indexable,The Best Communities in Florida for Snowbirds | AMA Travel,The Best Communities in Florida for Snowbirds,TRUE,TRUE,TRUE,TRUE,2871,Indexable,The Best Communities in Florida for Snowbirds,The Best Communities in Florida for Snowbirds,TRUE,TRUE,TRUE
/articles/travel-ideas-for-family-reunion-vacations,/articles/travel-ideas-for-family-reunion-vacations,SAME,XLSX,Articles,Articles,Content,Article,,,TRUE,,Indexable,The Best Family Reunion Vacation Ideas | AMA Travel,The Perfect Travel Ideas for Family Reunion Vacations,TRUE,TRUE,TRUE,TRUE,2883,Indexable,The Best Family Reunion Vacation Ideas,The Perfect Travel Ideas for Family Reunion Vacations,TRUE,TRUE,TRUE
/articles/halloween-events-anaheim,/articles/halloween-events-anaheim,SAME,XLSX,Articles,Articles,Content,Article,,,TRUE,,Indexable,The Best Halloween Events & Activities Across Anaheim | AMA Travel,‘Tis the Season to Go Halloweening in Anaheim,TRUE,TRUE,TRUE,TRUE,2141,Indexable,The Best Halloween Events & Activities Across Anaheim,‘Tis the Season to Go Halloweening in Anaheim,TRUE,TRUE,TRUE
/articles/instagrammable-fall-hikes-alberta,/articles/instagrammable-fall-hikes-alberta,SAME,XLSX,Articles,Articles,Content,Article,,,TRUE,,Indexable,The Best Instagrammable Fall Hikes in Alberta,The Most Instagrammable Fall Hikes in Alberta,TRUE,TRUE,TRUE,TRUE,2097,Indexable,The Best Instagrammable Fall Hikes in Alberta,The Most Instagrammable Fall Hikes in Alberta,TRUE,TRUE,TRUE
/articles/best-of-utah-mighty-five,/articles/best-of-utah-mighty-five,SAME,XLSX,Articles,Articles,Content,Article,,,TRUE,,Indexable,The Best of Utah’s Mighty 5® National Parks | AMA Travel,The Best of Utah’s Mighty 5® National Parks,TRUE,TRUE,TRUE,TRUE,1507,Indexable,The Best of Utah’s Mighty 5® National Parks,The Best of Utah’s Mighty 5® National Parks,TRUE,TRUE,TRUE
/articles/best-pools-in-vegas,/articles/best-pools-in-vegas,SAME,XLSX,Articles,Articles,Content,Article,,,TRUE,,Indexable,The Best Pools in Vegas | AMA Travel,The Best Pools in Vegas,TRUE,TRUE,TRUE,TRUE,1582,Indexable,The Best Pools in Vegas,The Best Pools in Vegas,TRUE,TRUE,TRUE
/articles/anaheim-packing-house,/articles/anaheim-packing-house,SAME,XLSX,Articles,Articles,Content,Article,,,TRUE,,Indexable,The Best Things to Try in the Anaheim Packing House | AMA Travel,What We Love about the Anaheim Packing House,TRUE,TRUE,TRUE,TRUE,2299,Indexable,The Best Things to Try in the Anaheim Packing House,What We Love About the Anaheim Packing House,TRUE,TRUE,TRUE
/articles/how-to-pick-between-north-south-utah,/articles/how-to-pick-between-north-south-utah,SAME,XLSX,Articles,Articles,Content,Article,,,TRUE,,Indexable,The Difference Between Northern and Southern Utah | AMA Travel,How Adventure Travellers Pick Between Northern and Southern Utah,TRUE,TRUE,TRUE,TRUE,1645,Indexable,The Difference Between Northern and Southern Utah,How Adventure Travellers Pick Between Northern and Southern Utah,TRUE,TRUE,TRUE
/articles/five-kinds-of-all-inclusive-resort-vacations,/articles/five-kinds-of-all-inclusive-resort-vacations,SAME,XLSX,Articles,Articles,Content,Article,,,TRUE,,Indexable,The Five Kinds of All-Inclusive Resort Vacations | AMA Trave,The Five Kinds of All-Inclusive Resort Vacations,TRUE,TRUE,TRUE,TRUE,1504,Indexable,The Five Kinds of All-Inclusive Resort Vacations,The Five Kinds of All-Inclusive Resort Vacations,TRUE,TRUE,TRUE
/articles/simple-guide-to-tipping-at-all-inclusive-resorts,/articles/simple-guide-to-tipping-at-all-inclusive-resorts,SAME,XLSX,Articles,Articles,Content,Article,Tipping at All-Inclusives,,TRUE,,Indexable,The Guide to Tipping at All-Inclusive Resorts & Hotels,A Simple Guide to Tipping at All-Inclusive Resorts,TRUE,TRUE,TRUE,TRUE,1948,Indexable,The Guide to Tipping at All-Inclusive Resorts & Hotels,A Simple Guide to Tipping at All-Inclusive Resorts,TRUE,TRUE,TRUE
/articles/alaska-highway-road-trip,/articles/alaska-highway-road-trip,SAME,XLSX,Articles,Articles,Content,Article,,,TRUE,,Indexable,The Perfect Alaska Highway Road Trip | AMA Travel,Incredible Sights and Experiences on the Alaska Highway,TRUE,TRUE,TRUE,TRUE,1501,Indexable,The Perfect Alaska Highway Road Trip,Incredible Sights and Experiences on the Alaska Highway,TRUE,TRUE,TRUE
/articles/the-best-ways-to-travel-europe,/articles/the-best-ways-to-travel-europe,SAME,XLSX,Articles,Articles,Content,Article,,,TRUE,,Indexable,The Pros and Cons of Every European Touring Style | AMA Travel,The Best Ways to Tour Europe,TRUE,TRUE,TRUE,TRUE,3330,Indexable,The Pros and Cons of Every European Touring Style,The Best Ways to Travel Europe,TRUE,TRUE,TRUE
/articles/top-10-activities-florida,/articles/top-10-activities-florida,SAME,XLSX,Articles,Articles,Content,Article,,,TRUE,,Indexable,"The Top 10, Do-Not-Miss-These Activities in Central Florida | AMA Travel","The Top 10, Do-Not-Miss-These Activities in Central Florida",TRUE,TRUE,TRUE,TRUE,1693,Indexable,"The Top 10, Do-Not-Miss-These Activities in Central Florida","The Top 10, Do-Not-Miss-These Activities in Central Florida",TRUE,TRUE,TRUE
/articles/wyomings-top-road-trip-city-stops,/articles/wyomings-top-road-trip-city-stops,SAME,XLSX,Articles,Articles,Content,Article,,,TRUE,,Indexable,The Top Cities to Experience on a Wyoming Road Trip | AMA Travel,Wyoming's Top Road Trip City Stops,TRUE,TRUE,TRUE,TRUE,3079,Indexable,The Top Cities to Experience on a Wyoming Road Trip,Wyoming's Top Road Trip City Stops,TRUE,TRUE,TRUE
/articles/top-5-highlights-southern-arizona,/articles/top-5-highlights-southern-arizona,SAME,XLSX,Articles,Articles,Content,Article,,,TRUE,,Indexable,The top five highlights of Southern Arizona | AMA Travel,The Highlights of Southern Arizona,TRUE,TRUE,TRUE,TRUE,1733,Indexable,The Top Five Highlights of Southern Arizona,The Highlights of Southern Arizona,TRUE,TRUE,TRUE
/articles/utah-road-trip-salt-lake-st-george,/articles/utah-road-trip-salt-lake-st-george,SAME,XLSX,Articles,Articles,Content,Article,,,TRUE,,Indexable,The Ultimate Cross-State Utah Road Trip | AMA Travel,The Ultimate Utah Road Trip from Salt Lake City to St. George,TRUE,TRUE,TRUE,TRUE,2520,Indexable,The Ultimate Cross-State Utah Road Trip,The Ultimate Utah Road Trip from Salt Lake City to St. George,TRUE,TRUE,TRUE
/articles/ultimate-southern-nevada-roadtrips,/articles/ultimate-southern-nevada-roadtrips,SAME,XLSX,Articles,Articles,Content,Article,,,TRUE,,Indexable,The Ultimate Southern Nevada Road Trips | AMA Travel,The Ultimate Southern Nevada Road Trips,TRUE,TRUE,TRUE,TRUE,2827,Indexable,The Ultimate Southern Nevada Road Trips,The Ultimate Southern Nevada Road Trips,TRUE,TRUE,TRUE
/articles/world-famous-gopher-hole-museum,/articles/world-famous-gopher-hole-museum,SAME,XLSX,Articles,Articles,Content,Article,,,TRUE,,Indexable,The World-Famous Torrington Gopher Hole Museum | AMA Travel,Hidden Alberta: The World-Famous Torrington Gopher Hole Museum,TRUE,TRUE,TRUE,TRUE,904,Indexable,The World-Famous Torrington Gopher Hole Museum,Hidden Alberta: The World-Famous Torrington Gopher Hole Museum,TRUE,TRUE,TRUE
/vacation-packages/theme-parks,/vacation-packages/theme-parks,SAME,XLSX,Vacation Packages,Travel Themes,Vacation Packages,Collection Page,Vacation Packages (Theme Parks),,TRUE,,Indexable,"Theme Park Vacations, Tickets & Annual Pass Deals | AMA Travel",Theme Parks,TRUE,TRUE,TRUE,TRUE,1294,Indexable,Theme Park Vacation Packages & Deals,Book Thrilling Theme Park Vacations,TRUE,TRUE,FALSE
/articles/quick-trips-oregon,/articles/quick-trips-oregon,SAME,XLSX,Articles,Articles,Content,Article,,,TRUE,,Indexable,Things to Do and Hotel Deals in Oregon | AMA Travel,How to Plan a trip to Oregon,TRUE,TRUE,TRUE,TRUE,1339,Indexable,Things to Do and Hotel Deals in Oregon,How to Plan a Trip to Oregon,TRUE,TRUE,TRUE
/articles/quick-trips-okanagan,/articles/quick-trips-okanagan,SAME,XLSX,Articles,Articles,Content,Article,,,TRUE,,Indexable,Things to Do and Hotel Deals in the Okanagan | AMA Travel,The 9 Best Places to Stay Across the Okanagan,TRUE,TRUE,TRUE,TRUE,1492,Indexable,Things to Do and Hotel Deals in the Okanagan,The 9 Best Places to Stay Across the Okanagan,TRUE,TRUE,TRUE
/articles/things-to-do-around-edmonton,/articles/things-to-do-around-edmonton,SAME,XLSX,Articles,Articles,Content,Article,,,TRUE,,Indexable,Things to Do Around Edmonton | AMA Travel,Things to Do Around Edmonton,TRUE,TRUE,TRUE,TRUE,2580,Indexable,Things to Do Around Edmonton,Things to Do Around Edmonton,TRUE,TRUE,TRUE
/articles/things-to-do-in-anaheim,/articles/things-to-do-in-anaheim,SAME,XLSX,Articles,Articles,Content,Article,,,TRUE,,Indexable,Things to Do in Anaheim | AMA Travel,Things to Do in Anaheim,TRUE,TRUE,TRUE,TRUE,1313,Indexable,Things to Do in Anaheim,Things to Do in Anaheim,TRUE,TRUE,TRUE
/articles/florida-cruise-port-cities,/articles/florida-cruise-port-cities,SAME,XLSX,Articles,Articles,Content,Article,,,TRUE,,Indexable,Things to do in Fort Lauderdale and Miami Before (or After) Your Cruise | AMA Travel,Things to do in Fort Lauderdale and Miami Before (or After) Your Cruise,TRUE,TRUE,TRUE,TRUE,2113,Indexable,Things to Do in Fort Lauderdale and Miami Before Your Cruise,Things to Do in Fort Lauderdale and Miami Before (Or After) Your Cruise,TRUE,TRUE,TRUE
/articles/best-breweries-wineries-restaurants-and-markets-in-victoria,/articles/best-breweries-wineries-restaurants-and-markets-in-victoria,SAME,XLSX,Articles,Articles,Content,Article,,,TRUE,,Indexable,"Things to Do in Victoria, British Columbia | AMA Travel","Hungry in Victoria? Here’s the Best Breweries, Wineries, Restaurants, and Markets",TRUE,TRUE,TRUE,TRUE,1246,Indexable,"Best Places to Eat & Drink in Victoria, British Columbia","Hungry in Victoria? Here’s the Best Breweries, Wineries, Restaurants, and Markets",TRUE,TRUE,TRUE
/articles/what-to-do-when-flight-cancelled,/articles/what-to-do-when-flight-cancelled,SAME,XLSX,Articles,Articles,Content,Article,,,TRUE,,Indexable,Things You Need to Do When the Airline Cancels Your Flight | AMA Travel,3 Things You Need to Do When the Airline Cancels Your Flight,TRUE,TRUE,TRUE,FALSE,,,,,FALSE,FALSE,FALSE
/articles/northern-nevada-road-trips,/articles/northern-nevada-road-trips,SAME,XLSX,Articles,Articles,Content,Article,,,TRUE,,Indexable,Three road trips you need to do in northern Nevada | AMA Travel,Three Northern Nevada Road Trips that will Inspire and Intrigue You,TRUE,TRUE,TRUE,TRUE,1953,Indexable,Three Road Trips You Need to Do in Northern Nevada,Three Northern Nevada Road Trips That Will Inspire and Intrigue You,TRUE,TRUE,TRUE
/articles/everything-you-need-to-know-about-your-first-river-cruise,/articles/everything-you-need-to-know-about-your-first-river-cruise,SAME,XLSX,Articles,Articles,Content,Article,,,TRUE,,Indexable,Tips for First Time River Cruisers | AMA Travel,Everything you need to know about your first river cruise,TRUE,TRUE,TRUE,TRUE,2891,Indexable,Tips for First Time River Cruisers,Everything You Need to Know About Your First River Cruise,TRUE,TRUE,TRUE
/articles/11-things-you-need-to-know-for-your-next-european-cruise,/articles/11-things-you-need-to-know-for-your-next-european-cruise,SAME,XLSX,Articles,Articles,Content,Article,,,TRUE,,Indexable,Top 11 European Cruise Words of Advice from AMA Travel Agents | AMA Travel,Top 11 things you need to know for your next European Cruise,TRUE,TRUE,TRUE,TRUE,2485,Indexable,Top 11 European Cruise Advice From AMA Travel Agents,Top 11 Things You Need to Know for Your Next European Cruise,TRUE,TRUE,TRUE
/articles/top-5-places-to-visit-for-canada-day,/articles/top-5-places-to-visit-for-canada-day,SAME,XLSX,Articles,Articles,Content,Article,,,TRUE,,Indexable,Top 5 Places to Visit for Canada Day | AMA Travel,Top 5 Places to Visit on Canada Day 2019,TRUE,TRUE,TRUE,TRUE,2023,Indexable,AMA Travel Website,Top 5 Places to Visit on Canada Day 2019,TRUE,TRUE,TRUE
/articles/top-5-places-to-visit-in-calgary-this-summer,/articles/top-5-places-to-visit-in-calgary-this-summer,SAME,XLSX,Articles,Articles,Content,Article,,,TRUE,,Indexable,Top 5 Places to Visit in Calgary This Summer | AMA Travel,Top 5 Places to Visit in Calgary This Summer,TRUE,TRUE,TRUE,TRUE,1964,Indexable,Top 5 Places to Visit in Calgary This Summer,Top 5 Places to Visit in Calgary This Summer,TRUE,TRUE,TRUE
/articles/adventure-time-in-puerto-vallarta,/articles/adventure-time-in-puerto-vallarta,SAME,XLSX,Articles,Articles,Content,Article,,,TRUE,,Indexable,Top Adventure Things To Do in Puerto Vallarta Mexico | AMA Travel,Adventure Time in Puerto Vallarta,TRUE,TRUE,TRUE,TRUE,2131,Indexable,Top Adventure Things To Do in Puerto Vallarta Mexico,Adventure Time in Puerto Vallarta,TRUE,TRUE,TRUE
/articles/top-spring-activities-jasper,/articles/top-spring-activities-jasper,SAME,XLSX,Articles,Articles,Content,Article,,,TRUE,,Indexable,Top Spring Activities in Jasper | AMA Travel,The Top Spring Activities in Jasper,TRUE,TRUE,TRUE,TRUE,2666,Indexable,Top Spring Activities in Jasper,The Top Spring Activities in Jasper,TRUE,TRUE,TRUE
/articles/10-things-to-try-in-thailand,/articles/10-things-to-try-in-thailand,SAME,XLSX,Articles,Articles,Content,Article,,,TRUE,,Indexable,Top Ten Things to Do in Thailand | AMA Travel,10 Things We All Need to Try in Thailand,TRUE,TRUE,TRUE,TRUE,2587,Indexable,Top Ten Things to Do in Thailand,10 Things We All Need to Try in Thailand,TRUE,TRUE,TRUE
/vacation-packages/travel-styles/coach-bus-tours/trafalgar,/vacation-packages/trafalgar,CHANGED,XLSX,Vacation Packages,Tour Supplier,Vacation Packages,Supplier,Tour Supplier (Trafalgar),,TRUE,,Indexable,Trafalgar Guided Tours l AMA Travel,,TRUE,TRUE,TRUE,TRUE,2155,Indexable,AMA Travel Website,Trafalgar,TRUE,TRUE,TRUE
/travel-updates,/help-centre/updates,CHANGED,XLSX,Travel Agent Experience (TAE),Help Centre,Support/Service,Informational Page,Help Centre/Updates,,TRUE,,Indexable,Travel Advisory Updates for Natural Disaster Destinations,Travel Advisory Updates for Natural Disaster Destinations,TRUE,TRUE,FALSE,FALSE,,,,,FALSE,FALSE,FALSE
/travel-agents,/travel-agents,SAME,XLSX,Travel Agent Experience (TAE),Travel Agents,Support/Service,Landing Page,Travel Agents,,TRUE,,Indexable,"Travel Agents In Alberta: Get Expert advice on Vacations Packages, Cruises & More | AMA Travel",,TRUE,TRUE,TRUE,TRUE,1397,Indexable,AMA Travel Website,Find Alberta Travel Agents Near Me,TRUE,TRUE,TRUE
/travel-assistance,/help-centre/support,CHANGED,XLSX,Travel Agent Experience (TAE),Help Centre,Support/Service,Contact Page,Support,,TRUE,,Indexable,Travel Assistance Services | AMA Travel,Travel Assistance,TRUE,TRUE,TRUE,FALSE,,,,,FALSE,FALSE,FALSE
/membership/travel-booking-benefit,/member-perks/benefits-and-booking,CHANGED,XLSX,Member,Members,Brand,Detail,Travel Benefits,,TRUE,,Indexable,Travel Booking Benefit | AMA Travel,$100 AMA TRAVEL BENEFIT,TRUE,TRUE,TRUE,FALSE,,,,,FALSE,FALSE,FALSE
/travel-information-sessions-events,/events,CHANGED,XLSX,General Top Level,Main,Support/Service,Informational Page,Events Page,,TRUE,,Indexable,Travel Information Sessions & Events | AMA Travel,Travel Information Sessions,TRUE,TRUE,FALSE,FALSE,,,,,FALSE,FALSE,FALSE
/articles/get-pre-existing-medical-condition-coverage,/articles/get-pre-existing-medical-condition-coverage,SAME,XLSX,Articles,Articles,Content,Article,,,TRUE,,Indexable,Travel Insurance Coverage for Pre-existing Conditions | AMA Travel,Get Pre-Existing Medical Condition Coverage,TRUE,TRUE,TRUE,TRUE,1809,Indexable,AMA Travel Website,Get Pre-Existing Medical Condition Coverage,TRUE,TRUE,TRUE
/articles/travel-medical-insurance-after-60,/articles/travel-medical-insurance-after-60,SAME,XLSX,Articles,Articles,Content,Article,,,TRUE,,Indexable,Travel Medical Insurance after 60: Tips & Info | AMA Travel,What You Need to Know about Travel Medical Insurance after 60,TRUE,TRUE,TRUE,TRUE,2260,Indexable,Travel Medical Insurance After 60: Tips & Info,What You Need to Know About Travel Medical Insurance After 60,TRUE,TRUE,TRUE
/articles/travel-tips-for-christmas-in-us,/articles/travel-tips-for-christmas-in-us,SAME,XLSX,Articles,Articles,Content,Article,,,TRUE,,Indexable,Travel Tips for a Stress-Free Christmas in the U.S. | AMA Travel,Travel Tips for a Stress-Free Christmas in the U.S.,TRUE,TRUE,TRUE,TRUE,2093,Indexable,Travel Tips for a Stress-Free Christmas in the U.S.,Travel Tips for a Stress-Free Christmas in the U.S.,TRUE,TRUE,TRUE
/articles/travel-tips-for-a-stress-free-trip,/articles/travel-tips-for-a-stress-free-trip,SAME,XLSX,Articles,Articles,Content,Article,,,TRUE,,Indexable,Travel Tips For A Stress-Free Trip | AMA Travel,Travel Tips For A Stress-Free Trip,TRUE,TRUE,TRUE,TRUE,2149,Indexable,Travel Tips for a Stress-Free Trip,Travel Tips for a Stress-Free Trip,TRUE,TRUE,TRUE
/vacation-destinations/north-america/us,/destinations/usa,CHANGED,XLSX,Destinations,Destinations,Destinations,Individual Destination,United States,,TRUE,,Indexable,Travel to USA | AMA Travel,United States,TRUE,TRUE,TRUE,TRUE,3439,Indexable,USA,USA,TRUE,TRUE,TRUE
/travel-update-and-faq,/help-centre/updates,MERGED,XLSX,Travel Agent Experience (TAE),Help Centre,Support/Service,Informational Page,Updates,,TRUE,,Non-Indexable,Travel Updates and FAQs,,TRUE,TRUE,FALSE,FALSE,,,,,FALSE,FALSE,FALSE
/articles/vacationing-jamaica-budget-to-luxury,/articles/vacationing-jamaica-budget-to-luxury,SAME,XLSX,Articles,Articles,Content,Article,,,TRUE,,Indexable,"Travelling Jamaica, from Budget to Luxury | AMA Travel",Vacationing in Jamaica — From Budget to Luxury,TRUE,TRUE,TRUE,TRUE,1587,Indexable,"Travelling Jamaica, from Budget to Luxury",Vacationing in Jamaica — From Budget to Luxury,TRUE,TRUE,TRUE
/articles/north-lake-tahoe-guide,/articles/north-lake-tahoe-guide,SAME,XLSX,Articles,Articles,Content,Article,,,TRUE,,Indexable,Ultimate North Lake Tahoe Stay Guide: Find Your Ideal Spot | AMA Travel,Ultimate North Lake Tahoe Stay Guide: Find Your Ideal Spot,TRUE,TRUE,TRUE,TRUE,1938,Indexable,Ultimate North Lake Tahoe Stay Guide: Find Your Ideal Spot,Ultimate North Lake Tahoe Stay Guide: Find Your Ideal Spot,TRUE,TRUE,TRUE
/articles/hidden-gems-of-ireland,/articles/hidden-gems-of-ireland,SAME,XLSX,Articles,Articles,Content,Article,,,TRUE,,Indexable,Uncover Ireland’s Hidden Gems | AMA Travel,Uncover Ireland’s Hidden Gems,TRUE,TRUE,TRUE,TRUE,2027,Indexable,Uncover Ireland’s Hidden Gems,Uncover Ireland’s Hidden Gems,TRUE,TRUE,TRUE
/articles/things-to-do-seoul-south-korea,/articles/things-to-do-seoul-south-korea,SAME,XLSX,Articles,Articles,Content,Article,,,TRUE,,Indexable,Uncover the Wonder of Seoul: 11 Memorable Things to Do! | AMA Travel,Uncover the Wonder of Seoul: 11 Memorable Things to Do!,TRUE,TRUE,TRUE,TRUE,1883,Indexable,Uncover the Wonder of Seoul: 11 Memorable Things to Do!,Uncover the Wonder of Seoul: 11 Memorable Things to Do!,TRUE,TRUE,TRUE
/articles/french-wine-by-region,/articles/french-wine-by-region,SAME,XLSX,Articles,Articles,Content,Article,,,TRUE,,Indexable,Understanding French Wine Region by Region | AMA Travel,Understanding French Wine Region by Region,TRUE,TRUE,TRUE,TRUE,2104,Indexable,Understanding French Wine Region by Region,Understanding French Wine Region by Region,TRUE,TRUE,TRUE
/vacation-packages/theme-parks/universal,/vacation-packages/universal,SAME,XLSX,Vacation Packages,Tour Supplier,Vacation Packages,Supplier,Universal ,,TRUE,,Indexable,Universal Theme Parks l AMA Travel,Universal Theme Parks – Experience the Magic of the Movies!,TRUE,TRUE,FALSE,TRUE,1367,Indexable,AMA Travel Website,Universal Studios Orlando & Hollywood,TRUE,TRUE,FALSE
/cruises/river/uniworld,/cruises/uniworld,CHANGED,XLSX,Cruises,Cruises,Cruises,Supplier,Cruise Supplier (Uniworld),,TRUE,,Indexable,Uniworld Boutique River Cruises l AMA Travel,Uniworld Boutique River Cruise Collection – Luxury on the River’s Flow,TRUE,TRUE,TRUE,TRUE,1970,Indexable,Book Uniworld Boutique River Cruises with AMA Travel,Uniworld Boutique River Cruises®,TRUE,TRUE,TRUE
/vacation-destinations/north-america/us/utah,/destinations/utah,CHANGED,XLSX,Destinations,Destinations,Destinations,Individual Destination,Utah,,TRUE,,Indexable,Utah,Utah,TRUE,TRUE,TRUE,TRUE,3880,Indexable,Utah,Utah,TRUE,TRUE,TRUE
/articles/utah-has-the-greatest-snow,/articles/utah-has-the-greatest-snow,SAME,XLSX,Articles,Articles,Content,Article,,,TRUE,,Indexable,Utah Has the Greatest Snow on Earth | AMA Travel,"Utah has the Greatest Snow on Earth. No, Really.",TRUE,TRUE,TRUE,TRUE,2635,Indexable,Utah Has the Greatest Snow on Earth,"Utah has the Greatest Snow on Earth. No, Really.",TRUE,TRUE,TRUE
/activities,/things-to-do,CHANGED,XLSX,Things to Do,Things to Do,Things to Do,Landing Page,Things to do LP,,TRUE,,Indexable,"Vacation Activities, Tours & Things to do | AMA Travel",Book Your Activities with AMA Travel,TRUE,TRUE,TRUE,TRUE,3311,Indexable,Things to Do Near Me - Attractions & Tours,Find fun things to do near me,TRUE,TRUE,TRUE
/articles/vacation-checklist,/articles/vacation-checklist,SAME,XLSX,Articles,Articles,Content,Article,,,TRUE,,Indexable,Vacation Checklist | AMA Travel,Vacation Checklist,TRUE,TRUE,FALSE,FALSE,,,,,FALSE,FALSE,FALSE
/,/,SAME,XLSX,General Top Level,Homepage,Brand,Landing Page,Home Page,,TRUE,,Indexable,"Vacation Deals, Cruises, Hotel, Travel Insurance & More | AMA Travel",,TRUE,TRUE,TRUE,TRUE,4057,Indexable,"AMA Travel: Vacation Deals, Cruises, Hotel, Insurance",Where in the world will you travel next?,TRUE,TRUE,FALSE
/dream,/trip-planner,CHANGED,XLSX,General Top Level,Main,Support/Service,Utility Page,My Dream Landing Page,,TRUE,,Indexable,"Vacation Deals, Cruises, Hotel, Travel Insurance & More | AMA Travel",YOU DESERVE A VACATION,TRUE,TRUE,FALSE,FALSE,,,,,FALSE,FALSE,FALSE
/vacation-destinations/north-america/canada/british-columbia/vancouver,/destinations/vancouver,CHANGED,XLSX,Destinations,Destinations,Destinations,Individual Destination,Vancouver,,TRUE,,Indexable,"Vancouver Hotels, Flights, Attractions & Things To Do | AMA Travel",Vancouver,TRUE,TRUE,TRUE,TRUE,4066,Indexable,"Vancouver, British Columbia","Vancouver, British Columbia",TRUE,TRUE,TRUE
/vacation-destinations/caribbean/cuba/varadero,/destinations/varadero,CHANGED,XLSX,Destinations,Destinations,Destinations,Individual Destination,Varadero,,TRUE,,Indexable,"Varadero Cuba All Inclusive Vacations, Resorts & Beaches | AMA Travel",Varadero,TRUE,TRUE,TRUE,FALSE,,,,,FALSE,FALSE,TRUE
/articles/best-wine-cider-distrillery-tours-in-victoria,/articles/best-wine-cider-distrillery-tours-in-victoria,SAME,XLSX,Articles,Articles,Content,Article,,,TRUE,,Indexable,"Victoria’s Best Wine, Cidery, and Distillery Tours | AMA Travel","Victoria’s Best Wine, Cidery, and Distillery Tours",TRUE,TRUE,TRUE,TRUE,1363,Indexable,"Victoria’s Best Wine, Cidery, and Distillery Tours","Victoria’s Best Wine, Cidery, and Distillery Tours",TRUE,TRUE,TRUE
/cruises/river/viking,/cruises/viking,CHANGED,XLSX,Cruises,Cruises,Cruises,Supplier,Cruise Supplier (Viking),,TRUE,,Indexable,Viking River and Ocean Cruises | AMA Travel,,TRUE,TRUE,FALSE,TRUE,1601,Indexable,Book Viking Cruises with AMA Travel,Viking,TRUE,TRUE,TRUE
/articles/best-food-to-try-in-anaheim,/articles/best-food-to-try-in-anaheim,SAME,XLSX,Articles,Articles,Content,Article,,,TRUE,,Indexable,Visiting Disneyland? Here’s the Best Foods to Try Outside the Parks | AMA Travel,The Best Food to Try on a Disneyland Trip Outside the Parks,TRUE,TRUE,TRUE,TRUE,1716,Indexable,Visiting Disneyland? The Best Foods to Try Outside the Parks,The Best Food to Try on a Disneyland Trip Outside the Parks,TRUE,TRUE,TRUE
/articles/guide-to-porto,/articles/guide-to-porto,SAME,XLSX,Articles,Articles,Content,Article,,,TRUE,,Indexable,Visiting Porto? Here’s What You Need to Know | AMA Travel,Visiting Porto? Here’s What You Need to Know,TRUE,TRUE,TRUE,TRUE,1888,Indexable,Visiting Porto? Here’s What You Need to Know,Visiting Porto? Here’s What You Need to Know,TRUE,TRUE,TRUE
/articles/summer-fall-festivals-in-victoria,/articles/summer-fall-festivals-in-victoria,SAME,XLSX,Articles,Articles,Content,Article,,,TRUE,,Indexable,Visiting Victoria? Don’t Miss These Summer & Fall Festivals | AMA Travel,Visiting Victoria? Don’t Miss These Summer & Fall Festivals,TRUE,TRUE,TRUE,TRUE,1164,Indexable,Visiting Victoria? Don’t Miss These Summer & Fall Festivals,Visiting Victoria? Don’t Miss These Summer & Fall Festivals,TRUE,TRUE,TRUE
/articles/family-friends-from-outside-country,/articles/family-friends-from-outside-country,SAME,XLSX,Articles,Articles,Content,Article,,,TRUE,,Indexable,Visitors to Canada Travel Insurance | AMA Travel,Expecting Family or Friends from outside of the Country?,TRUE,TRUE,TRUE,FALSE,,,,,FALSE,FALSE,FALSE
/vacation-packages/disney/disney-world,/vacation-packages/disney/disney-world,SAME,XLSX,Vacation Packages,Tour Supplier,Vacation Packages,Supplier,Walt Disney World ,,TRUE,,Indexable,Walt Disney World Resort,Walt Disney World Resort,TRUE,TRUE,TRUE,TRUE,2335,Indexable,AMA Travel Website,Walt Disney World,TRUE,TRUE,FALSE
/articles/water-activities-in-victoria-bc,/articles/water-activities-in-victoria-bc,SAME,XLSX,Articles,Articles,Content,Article,,,TRUE,,Indexable,Water Activities You Have to Try in Victoria B.C. | AMA Travel,Water Activities You Have to Try in Victoria B.C.,TRUE,TRUE,TRUE,TRUE,1872,Indexable,Water Activities You Have to Try in Victoria B.C.,Water Activities You Have to Try in Victoria B.C.,TRUE,TRUE,TRUE
/articles/quick-trips-drumheller,/articles/quick-trips-drumheller,SAME,XLSX,Articles,Articles,Content,Article,,,TRUE,,Indexable,Ways to Save & Things to Do in Drumheller | AMA Travel,Things to do in Drumheller,TRUE,TRUE,TRUE,TRUE,2561,Indexable,Ways to Save & Things to Do in Drumheller,Things to Do in Drumheller,TRUE,TRUE,TRUE
/articles/upcoming-jasper-park-lodge-events,/articles/upcoming-jasper-park-lodge-events,SAME,XLSX,Articles,Articles,Content,Article,,,TRUE,,Indexable,Weekend Getaway Packages at Fairmont Jasper Park Lodge | AMA Travel,The Biggest Fairmont Jasper Park Lodge Events in 2022-2023,TRUE,TRUE,TRUE,TRUE,2830,Indexable,Weekend Getaway Packages at Fairmont Jasper Park Lodge,The Biggest Fairmont Jasper Park Lodge Events in 2022-2023,TRUE,TRUE,TRUE
/articles/how-much-is-west-edmonton-mall-choice-pass,/articles/how-much-is-west-edmonton-mall-choice-pass,SAME,XLSX,Articles,Articles,Content,Article,,,TRUE,,Indexable,West Edmonton Mall Choice Pass | AMA Travel,WHERE CAN YOU GET A WEST EDMONTON MALL CHOICE PASS?,TRUE,TRUE,TRUE,FALSE,,,,,FALSE,FALSE,TRUE
/articles/quick-trips-top-6-beaches-in-western-canada,/articles/quick-trips-top-6-beaches-in-western-canada,SAME,XLSX,Articles,Articles,Content,Article,,,TRUE,,Indexable,Western Canada’s Top 6 Beaches | AMA Travel,Western Canada’s Top 6 Beaches,TRUE,TRUE,FALSE,FALSE,,,,,FALSE,FALSE,FALSE
/westjet/flights,/vacation-packages/westjet,MERGED,XLSX,Vacation Packages,Tour Supplier,,,NA,WJ,TRUE,,Indexable,WestJet Flights,,TRUE,TRUE,FALSE,FALSE,,,,,FALSE,FALSE,FALSE
/westjet/vacations,/vacation-packages/westjet-vacations,SAME,XLSX,Vacation Packages,Tour Supplier,,,WestJet Vacations,WJ,TRUE,,Indexable,WestJet Vacation Packages,,TRUE,TRUE,FALSE,FALSE,,,,,FALSE,FALSE,FALSE
/vacation-packages/travel-styles/coach-bus-tours/westworld-tours,/vacation-packages/westworld-tours,CHANGED,XLSX,Vacation Packages,Tour Supplier,Vacation Packages,Supplier,Tour Supplier (Westworld),,TRUE,,Indexable,Westworld Tours Vacations & Travel Packages | AMA Travel,,TRUE,TRUE,TRUE,TRUE,1419,Indexable,Book WestWorld Tours with AMA Travel,WestWorld Tours,TRUE,TRUE,TRUE
/articles/walt-disney-world-for-adults,/articles/walt-disney-world-for-adults,SAME,XLSX,Articles,Articles,Content,Article,,,TRUE,,Indexable,What Adults Love About Walt Disney World | AMA Travel,Walt Disney World for Adults,TRUE,TRUE,TRUE,TRUE,1876,Indexable,What Adults Love About Walt Disney World,Walt Disney World for Adults,TRUE,TRUE,TRUE
/articles/professional-consulting-fee,/articles/professional-consulting-fee,SAME,XLSX,Articles,Articles,Content,Article,,,TRUE,,Indexable,What Does the Professional Consulting Fee Cover? | AMA Travel,Everything You Get When Booking with an AMA Travel Agent,TRUE,TRUE,TRUE,TRUE,1808,Indexable,What Does the Professional Consulting Fee Cover?,Everything You Get When Booking with an AMA Travel Agent,TRUE,TRUE,TRUE
/articles/what-every-foodie-needs-to-try-florida,/articles/what-every-foodie-needs-to-try-florida,SAME,XLSX,Articles,Articles,Content,Article,,,TRUE,,Indexable,What every foodie needs to try in Florida | AMA Travel,What every foodie needs to try in Florida,TRUE,TRUE,TRUE,TRUE,2692,Indexable,What Every Foodie Needs to Try in Florida,What Every Foodie Needs to Try in Florida,TRUE,TRUE,TRUE
/articles/reasons-to-visit-the-cayman-islands,/articles/reasons-to-visit-the-cayman-islands,SAME,XLSX,Articles,Articles,Content,Article,,,TRUE,,Indexable,What Makes the Cayman Islands Amazing | AMA Travel,8 Reasons to Visit the Cayman Islands,TRUE,TRUE,TRUE,TRUE,1786,Indexable,What Makes the Cayman Islands Amazing,8 Reasons to Visit the Cayman Islands,TRUE,TRUE,TRUE
/articles/what-to-do-in-new-york,/articles/what-to-do-in-new-york,SAME,XLSX,Articles,Articles,Content,Article,,,TRUE,,Indexable,What to Do in New York | AMA Travel,What to Do in New York?,TRUE,TRUE,TRUE,TRUE,1976,Indexable,What to Do in New York,What to Do in New York?,TRUE,TRUE,TRUE
/articles/families-love-spring-in-victoria,/articles/families-love-spring-in-victoria,SAME,XLSX,Articles,Articles,Content,Article,,,TRUE,,Indexable,What to do in Victoria for families this spring | AMA Travel,Why Families Love Springtime in Victoria,TRUE,TRUE,TRUE,TRUE,1521,Indexable,What to Do in Victoria for Families This Spring,Why Families Love Springtime in Victoria,TRUE,TRUE,TRUE
/articles/wave-season-best-time-to-book-cruise,/articles/wave-season-best-time-to-book-cruise,SAME,XLSX,Articles,Articles,Content,Article,,,TRUE,,Indexable,What’s Wave Season? | AMA Travel,Wave Season: Find The Best Cruise Deals Around!,TRUE,TRUE,TRUE,TRUE,2283,Indexable,What’s Wave Season?,Wave Season: Find The Best Cruise Deals Around!,TRUE,TRUE,TRUE
/articles/what-is-lightning-lane-at-disney,/articles/what-is-lightning-lane-at-disney,SAME,XLSX,Articles,Articles,Content,Article,,,TRUE,,Indexable,"What's the Difference Between Disney's Genie, Genie+, and Individual Ride Selection?",What's the Difference Between Disney's Lightning Lane Single and Multi Pass?,TRUE,TRUE,TRUE,TRUE,2509,Indexable,The Difference Between Disney’s Lightning Lane Passes,"What’s the Difference Between Disney’s Single, Multi, and Premier Lightning Lane Passes?",TRUE,TRUE,TRUE
/articles/alberta-nhl-teams-in-vegas,/articles/alberta-nhl-teams-in-vegas,SAME,XLSX,Articles,Articles,Content,Article,,,TRUE,,Indexable,When are the Flames/Oilers Playing in Vegas? | AMA Travel,When Can Hockey Fans See the Oilers/Flames in Las Vegas in 2023,TRUE,TRUE,TRUE,TRUE,1641,Indexable,When Are the Flames/Oilers Playing in Vegas?,When Can Hockey Fans See the Oilers/Flames in Las Vegas in 2023,TRUE,TRUE,TRUE
/articles/when-you-should-get-trip-cancellation-trip-interruption-insurance,/articles/when-you-should-get-trip-cancellation-trip-interruption-insurance,SAME,XLSX,Articles,Articles,Content,Article,,,TRUE,,Indexable,When You Should Get Trip Cancellation & Trip Interruption Insurance | AMA Travel,How to Know When You Should Get Trip Cancellation Trip Interruption Insurance,TRUE,TRUE,TRUE,TRUE,2239,Indexable,What Is Flight Cancellation Insurance?,What Is Flight Cancellation Insurance?,TRUE,TRUE,TRUE
/articles/nevada-area-51-ghost-town-road-trip,/articles/nevada-area-51-ghost-town-road-trip,SAME,XLSX,Articles,Articles,Content,Article,,,TRUE,,Indexable,Where to Find Aliens and More Wild Sites on a Nevada Road Trip | AMA Travel,Discover Nevada's Supernatural and Wild Sides,TRUE,TRUE,TRUE,TRUE,1529,Indexable,Where to Find Aliens & More Wild Sites on a Nevada Road Trip,Discover Nevada's Supernatural and Wild Sides,TRUE,TRUE,TRUE
/articles/where-to-find-portugals-best-wine-and-port,/articles/where-to-find-portugals-best-wine-and-port,SAME,XLSX,Articles,Articles,Content,Article,,,TRUE,,Indexable,Where to Find Portugal’s Best Wine and Port,Where to Find Portugal’s Best Wine and Port,TRUE,TRUE,TRUE,TRUE,1178,Indexable,Where to Find Portugal’s Best Wine and Port,Where to Find Portugal’s Best Wine and Port,TRUE,TRUE,TRUE
/articles/european-tours-for-couples,/articles/european-tours-for-couples,SAME,XLSX,Articles,Articles,Content,Article,,,TRUE,,Indexable,Where to Find Romance in Europe | AMA Travel,Romantic European Tours for Couples: No Kids Edition,TRUE,TRUE,TRUE,TRUE,2836,Indexable,Where to Find Romance in Europe,Romantic European Tours for Couples: No Kids Edition,TRUE,TRUE,TRUE
/articles/outdoor-rock-climbing-bouldering-jasper,/articles/outdoor-rock-climbing-bouldering-jasper,SAME,XLSX,Articles,Articles,Content,Article,,,TRUE,,Indexable,Where to go Rock Climbing and Bouldering in Jasper| AMA Travel,Where to Go Outdoor Rock Climbing and Bouldering in Jasper,TRUE,TRUE,TRUE,TRUE,2078,Indexable,Where to Go Rock Climbing and Bouldering in Jasper,Where to Find the Best Crags for Sport Climbing in Jasper,TRUE,TRUE,TRUE
/articles/stargazing-albertas-dark-sky-reserves,/articles/stargazing-albertas-dark-sky-reserves,SAME,XLSX,Articles,Articles,Content,Article,,,TRUE,,Indexable,Where to Stargaze in Alberta Dark Sky Reserves | AMA Travel,Where to Stargaze in Alberta Dark Sky Reserves,TRUE,TRUE,TRUE,TRUE,2442,Indexable,Where to Stargaze in Alberta Dark Sky Reserves,Where to Stargaze in Alberta Dark Sky Reserves,TRUE,TRUE,TRUE
/vacation-destinations/north-america/us/california,/destinations/california,CHANGED,XLSX,Destinations,Destinations,Destinations,Bureau Destination,California,,TRUE,,Indexable,Where to Travel and Great Deals in California | AMA Travel,California,TRUE,TRUE,TRUE,TRUE,4332,Indexable,Explore California: Stays & Travel Deals,"California, USA",TRUE,TRUE,TRUE
/articles/which-hawaiian-island-are-you,/articles/which-hawaiian-island-are-you,SAME,XLSX,Articles,Articles,Content,Article,,,TRUE,,Indexable,Which Hawaiian Island Are You? | AMA Travel,Which Hawaiian Island Are You?,TRUE,TRUE,TRUE,TRUE,1481,Indexable,Which Hawaiian Island Are You?,Which Hawaiian Island Are You?,TRUE,TRUE,TRUE
/articles/the-advantages-of-vacation-packages-and-low-cost-fares,/articles/the-advantages-of-vacation-packages-and-low-cost-fares,SAME,XLSX,Articles,Articles,Content,Article,,,TRUE,,Indexable,"Which is less expensive, vacation packages or low-cost carriers | AMA Travel",The Advantages of Vacation Packages and Low-Cost Fares,TRUE,TRUE,TRUE,TRUE,2363,Indexable,"Which Costs Less, Vacation Packages or Low-Cost Carriers?",The Advantages of Vacation Packages and Low-Cost Fares,TRUE,TRUE,TRUE
/articles/ama-centres-with-foreign-currency-machines,/articles/ama-centres-with-foreign-currency-machines,SAME,XLSX,Articles,Articles,Content,Article,,,TRUE,,Indexable,Which Locations Have Foreign Currency Machines? | AMA Travel,Which AMA Centres Have Foreign Currency Machines?,TRUE,TRUE,TRUE,TRUE,1868,Indexable,Which Locations Have Foreign Currency Machines?,Which AMA Centres Have Foreign Currency Machines?,TRUE,TRUE,TRUE
/articles/why-adventure-lovers-should-visit-wyoming,/articles/why-adventure-lovers-should-visit-wyoming,SAME,XLSX,Articles,Articles,Content,Article,,,TRUE,,Indexable,Why Adventure Lovers Should Visit Wyoming | AMA Travel,Why Adventure Lovers Should Visit Wyoming,TRUE,TRUE,TRUE,TRUE,1735,Indexable,Why Adventure Lovers Should Visit Wyoming,Why Adventure Lovers Should Visit Wyoming,TRUE,TRUE,TRUE
/articles/kissimmee-great-choice-florida-theme-park-destination,/articles/kissimmee-great-choice-florida-theme-park-destination,SAME,XLSX,Articles,Articles,Content,Article,,,TRUE,,Indexable,Why Kissimmee is a Great Choice for Your Central Florida Theme Park Vacation| AMA Travel,Kissimmee: A Great Choice for Your Florida Theme Park Vacation,TRUE,TRUE,TRUE,TRUE,2478,Indexable,Why Kissimmee is a Great Choice for Your Theme Park Vacation,Kissimmee: A Great Choice for Your Florida Theme Park Vacation,TRUE,TRUE,TRUE
/articles/why-long-stay-vacations,/articles/why-long-stay-vacations,SAME,XLSX,Articles,Articles,Content,Article,,,TRUE,,Indexable,Why Long-Stay Vacations Shouldn’t Stay a Travel Secret | AMA Travel,Why Long-Stay Vacations Shouldn’t Stay a Travel Secret,TRUE,TRUE,TRUE,TRUE,718,Indexable,Why Long-Stay Vacations Shouldn’t Stay a Travel Secret,Why Long-Stay Vacations Shouldn’t Stay a Travel Secret,TRUE,TRUE,TRUE
/articles/why-use-ama-travel-agent-when-booking-vacation,/articles/why-use-ama-travel-agent-when-booking-vacation,SAME,XLSX,Articles,Articles,Content,Article,,,TRUE,,Indexable,Why Use a Travel Agent to Book Your Vacation | AMA Travel,Why Should I Use an AMA Travel Agent When I Book My Vacation?,TRUE,TRUE,TRUE,TRUE,650,Indexable,Why Use a Travel Agent to Book Your Vacation,Why Should I Use an AMA Travel Agent When I Book My Vacation?,TRUE,TRUE,TRUE
/articles/why-utah-is-a-great-snowbird-destination,/articles/why-utah-is-a-great-snowbird-destination,SAME,XLSX,Articles,Articles,Content,Article,,,TRUE,,Indexable,Why Utah is for Snowbirds | AMA Travel,Why Utah is a Great Snowbird Destination,TRUE,TRUE,TRUE,TRUE,1818,Indexable,AMA Travel Website,Why Utah is a Great Snowbird Destination,TRUE,TRUE,TRUE
/articles/discover-louisiana,/articles/discover-louisiana,SAME,XLSX,Articles,Articles,Content,Article,,,TRUE,,Indexable,Why You Must Travel to Louisiana | AMA Travel,"Mardi Gras, Bananas Foster, and Breathtaking Bayous – The Can’t-Miss Things to do in Louisiana",TRUE,TRUE,TRUE,TRUE,2135,Indexable,Why You Must Travel to Louisiana,"Mardi Gras, Bananas Foster, and Breathtaking Bayous – The Can’t-Miss Things to do in Louisiana",TRUE,TRUE,TRUE
/articles/windstar-cruise-experience,/articles/windstar-cruise-experience,SAME,XLSX,Articles,Articles,Content,Article,,,TRUE,,Indexable,Windstar Cruise Experience: Costa Rica and Panama Canal | AMA Travel,"Been There, Loved That: Windstar’s Star Breeze Cruise",TRUE,TRUE,TRUE,TRUE,2533,Indexable,Windstar Cruise Experience: Costa Rica and Panama Canal,"Been There, Loved That: Windstar’s Star Breeze Cruise",TRUE,TRUE,TRUE
/cruises/luxury-small-ship/windstar,/cruises/windstar,CHANGED,XLSX,Cruises,Cruises,Cruises,Supplier,Cruise Supplier (Windstar),,TRUE,,Indexable,Windstar Cruises | AMA Travel,,TRUE,TRUE,TRUE,TRUE,2048,Indexable,Book Windstar Cruises with AMA Travel,Windstar Cruises®,TRUE,TRUE,TRUE
/articles/storm-watching-on-vancouver-island,/articles/storm-watching-on-vancouver-island,SAME,XLSX,Articles,Articles,Content,Article,,,TRUE,,Indexable,Winter is Storm Watching Season on Vancouver Island,Winter is Storm Watching Season on Vancouver Island,TRUE,TRUE,TRUE,TRUE,2144,Indexable,Winter is Storm Watching Season on Vancouver Island,Winter is Storm Watching Season on Vancouver Island,TRUE,TRUE,TRUE
/articles/ya-ha-tinda-ranch,/articles/ya-ha-tinda-ranch,SAME,XLSX,Articles,Articles,Content,Article,,,TRUE,,Indexable,Ya Ha Tinda Ranch | AMA Travel,Hidden Alberta: Ya Ha Tinda Ranch,TRUE,TRUE,TRUE,TRUE,2205,Indexable,Ya Ha Tinda Ranch,Hidden Alberta: Ya Ha Tinda Ranch,TRUE,TRUE,TRUE
/articles/outdoor-adventure-victoria,/articles/outdoor-adventure-victoria,SAME,XLSX,Articles,Articles,Content,Article,,,TRUE,,Indexable,Year-Round Outdoor Adventures in Victoria | AMA Travel,Amazing Outdoor Adventure Ideas in Victoria,TRUE,TRUE,TRUE,TRUE,1476,Indexable,Year-Round Outdoor Adventures in Victoria,Amazing Outdoor Adventure Ideas in Victoria,TRUE,TRUE,TRUE
/articles/complete-guide-cruising-alaska,/articles/complete-guide-cruising-alaska,SAME,XLSX,Articles,Articles,Content,Article,,,TRUE,,Indexable,Your Complete Guide to Cruising Alaska | AMA Travel,Your Complete Guide to Cruising Alaska,TRUE,TRUE,TRUE,TRUE,1565,Indexable,Your Complete Guide to Cruising Alaska,Your Complete Guide to Cruising Alaska,TRUE,TRUE,TRUE
/articles/complete-guide-cruising-antarctica,/articles/complete-guide-cruising-antarctica,SAME,XLSX,Articles,Articles,Content,Article,,,TRUE,,Indexable,Your Complete Guide to Cruising Antarctica | AMA Travel,Your Complete Guide to Cruising Antarctica,TRUE,TRUE,TRUE,TRUE,1341,Indexable,Your Complete Guide to Cruising Antarctica,Your Complete Guide to Cruising Antarctica,TRUE,TRUE,TRUE
/articles/complete-guide-cruising-eastern-mexico,/articles/complete-guide-cruising-eastern-mexico,SAME,XLSX,Articles,Articles,Content,Article,,,TRUE,,Indexable,Your Complete Guide to Cruising Eastern Mexico | AMA Travel,Your Complete Guide to Cruising Eastern Mexico,TRUE,TRUE,TRUE,TRUE,1393,Indexable,Your Complete Guide to Cruising Eastern Mexico,Your Complete Guide to Cruising Eastern Mexico,TRUE,TRUE,TRUE
/articles/complete-guide-cruising-scandinavia,/articles/complete-guide-cruising-scandinavia,SAME,XLSX,Articles,Articles,Content,Article,,,TRUE,,Indexable,Your Complete Guide to Cruising Scandinavia | AMA Travel,Your Complete Guide to Cruising Scandinavia,TRUE,TRUE,TRUE,TRUE,1606,Indexable,Your Complete Guide to Cruising Scandinavia,Your Complete Guide to Cruising Scandinavia,TRUE,TRUE,TRUE
/articles/complete-guide-cruising-arctic-circle,/articles/complete-guide-cruising-arctic-circle,SAME,XLSX,Articles,Articles,Content,Article,,,TRUE,,Indexable,Your Complete Guide to Cruising the Arctic Circle | AMA Travel,Your Complete Guide to Cruising the Arctic Circle,TRUE,TRUE,TRUE,TRUE,1410,Indexable,Your Complete Guide to Cruising the Arctic Circle,Your Complete Guide to Cruising the Arctic Circle,TRUE,TRUE,TRUE
/articles/complete-guide-cruising-british-isles,/articles/complete-guide-cruising-british-isles,SAME,XLSX,Articles,Articles,Content,Article,,,TRUE,,Indexable,Your Complete Guide to Cruising the British Isles | AMA Travel,Your Complete Guide to Cruising the British Isles,TRUE,TRUE,TRUE,TRUE,1636,Indexable,Your Complete Guide to Cruising the British Isles,Your Complete Guide to Cruising the British Isles,TRUE,TRUE,TRUE
/articles/complete-guide-cruising-eastern-caribbean,/articles/complete-guide-cruising-eastern-caribbean,SAME,XLSX,Articles,Articles,Content,Article,,,TRUE,,Indexable,Your Complete Guide to Cruising the Eastern Caribbean | AMA Travel,Your Complete Guide to Cruising the Eastern Caribbean,TRUE,TRUE,TRUE,TRUE,1381,Indexable,Your Complete Guide to Cruising the Eastern Caribbean,Your Complete Guide to Cruising the Eastern Caribbean,TRUE,TRUE,TRUE
/articles/complete-guide-cruising-southern-caribbean,/articles/complete-guide-cruising-southern-caribbean,SAME,XLSX,Articles,Articles,Content,Article,,,TRUE,,Indexable,Your Complete Guide to Cruising the Southern Caribbean | AMA Travel,Your Complete Guide to Cruising the Southern Caribbean,TRUE,TRUE,TRUE,TRUE,1480,Indexable,Your Complete Guide to Cruising the Southern Caribbean,Your Complete Guide to Cruising the Southern Caribbean,TRUE,TRUE,TRUE
/articles/complete-guide-cruising-western-caribbean,/articles/complete-guide-cruising-western-caribbean,SAME,XLSX,Articles,Articles,Content,Article,,,TRUE,,Indexable,Your Complete Guide to Cruising the Western Caribbean | AMA Travel,Your Complete Guide to Cruising the Western Caribbean,TRUE,TRUE,TRUE,TRUE,2796,Indexable,Your Complete Guide to Cruising the Western Caribbean,Your Complete Guide to Cruising the Western Caribbean,TRUE,TRUE,TRUE
/articles/complete-guide-cruising-western-mediterranean,/articles/complete-guide-cruising-western-mediterranean,SAME,XLSX,Articles,Articles,Content,Article,,,TRUE,,Indexable,Your Complete Guide to Cruising the Western Mediterranean | AMA Travel,Your Complete Guide to Cruising the Western Mediterranean,TRUE,TRUE,TRUE,TRUE,1652,Indexable,Your Complete Guide to Cruising the Western Mediterranean,Your Complete Guide to Cruising the Western Mediterranean,TRUE,TRUE,TRUE
/articles/complete-guide-cruising-western-mexico,/articles/complete-guide-cruising-western-mexico,SAME,XLSX,Articles,Articles,Content,Article,,,TRUE,,Indexable,Your Complete Guide to Cruising Western Mexico | AMA Travel,Your Complete Guide to Cruising Western Mexico,TRUE,TRUE,TRUE,TRUE,1390,Indexable,Your Complete Guide to Cruising Western Mexico,Your Complete Guide to Cruising Western Mexico,TRUE,TRUE,TRUE
/articles/california-wine-regions,/articles/california-wine-regions,SAME,XLSX,Articles,Articles,Content,Article,,,TRUE,,Indexable,Your Guide to California’s Diverse Wine Regions | AMA Travel,"California’s wine regions, from the hidden gems to the five-star wonders",TRUE,TRUE,TRUE,TRUE,1903,Indexable,Your Guide to California’s Diverse Wine Regions,"California’s Wine Regions, From the Hidden Gems to the Five-Star Wonders",TRUE,TRUE,TRUE
/articles/iceland-stopover-guide,/articles/iceland-stopover-guide,SAME,XLSX,Articles,Articles,Content,Article,,,TRUE,,Indexable,Your Guide to Having the Coolest Iceland Stopover | AMA Travel,Your Guide to Having the Coolest Iceland Stopover,TRUE,TRUE,TRUE,TRUE,2692,Indexable,Iceland Stopover Guide (24–48 Hours),Iceland Stopover Guide (24-48 hours),TRUE,TRUE,TRUE
/articles/complete-guide-cruising-transocean,/articles/complete-guide-cruising-transocean,SAME,XLSX,Articles,Articles,Content,Article,,,TRUE,,Indexable,Your Guide to Transpacific and Transatlantic Cruising | AMA Travel,Your Complete Guide to Cruising Across the Ocean,TRUE,TRUE,TRUE,TRUE,1703,Indexable,Your Guide to Transpacific and Transatlantic Cruising,Your Complete Guide to Cruising Across the Ocean,TRUE,TRUE,TRUE
/articles/ask-a-travel-expert-travel-japan,/articles/ask-a-travel-expert-travel-japan,SAME,XLSX,Articles,Articles,Content,Article,,,FALSE,,,,,FALSE,FALSE,TRUE,TRUE,2169,Indexable,Japan Travel Experts: Top Things From First-Hand Experience,Ask a Japan Travel Expert: First-Hand Experience and Tips,TRUE,TRUE,TRUE
/articles/autism-friendly-family-vacations,/articles/autism-friendly-family-vacations,SAME,XLSX,Articles,Articles,Content,Article,,,FALSE,,,,,FALSE,FALSE,TRUE,TRUE,1678,Indexable,Autism Friendly Family Vacations,Autism Friendly Family Vacations,TRUE,TRUE,TRUE
/articles/best-beaches-in-canada,/articles/best-beaches-in-canada,SAME,XLSX,Articles,Articles,Content,Article,,,FALSE,,,,,FALSE,FALSE,TRUE,TRUE,2035,Indexable,21 Best Beaches to Explore in Canada,21 Best Beaches in Canada,TRUE,TRUE,TRUE
/articles/best-canadian-snowbirds-destinations-2025,/articles/best-canadian-snowbirds-destinations-2025,SAME,XLSX,Articles,Articles,Content,Article,,,FALSE,,,,,FALSE,FALSE,TRUE,TRUE,2606,Indexable,Best Snowbird Destinations: Escapes for Canadian Snowbirds,Long Stay Winter Getaways: The Best Canadian Snowbird Destinations for 2025,TRUE,TRUE,TRUE
/articles/best-caribbean-family-resorts,/articles/best-caribbean-family-resorts,SAME,XLSX,Articles,Articles,Content,Article,,,FALSE,,,,,FALSE,FALSE,TRUE,TRUE,1617,Indexable,Discover the Best Family Resorts in the Caribbean,"Caribbean Resorts for Families: The Best All-Inclusive Accommodations in Mexico, Jamaica, and More",TRUE,TRUE,TRUE
/articles/best-family-activities-victoria,/articles/best-family-activities-victoria,SAME,XLSX,Articles,Articles,Content,Article,,,FALSE,,,,,FALSE,FALSE,TRUE,TRUE,2002,Indexable,Victoria for Families: The Best Activities for Family Fun,The Best Family Activities in Victoria,TRUE,TRUE,TRUE
/articles/best-food-to-try-in-greece,/articles/best-food-to-try-in-greece,SAME,XLSX,Articles,Articles,Content,Article,,,FALSE,,,,,FALSE,FALSE,TRUE,TRUE,1442,Indexable,The Best Greek Food to Try in Greece,The Best Greek Food to Try in Greece,TRUE,TRUE,TRUE
/articles/build-your-sheridan-itinerary,/articles/build-your-sheridan-itinerary,SAME,XLSX,Articles,Articles,Content,Article,,,FALSE,,,,,FALSE,FALSE,TRUE,TRUE,1851,Indexable,Build Your Itinerary of Things to Do in Sheridan Wyoming,"Build the Perfect 3-Day Itinerary in Sheridan, Wyoming",TRUE,TRUE,TRUE
/articles/canada-lesser-known-national-parks,/articles/canada-lesser-known-national-parks,SAME,XLSX,Articles,Articles,Content,Article,,,FALSE,,,,,FALSE,FALSE,FALSE,TRUE,1990,Indexable,Discover 8 Lesser-Known National Parks in Canada,Discovering Canada’s Lesser-Known National Parks,TRUE,TRUE,TRUE
/articles/canada-most-haunted-hotels,/articles/canada-most-haunted-hotels,SAME,XLSX,Articles,Articles,Content,Article,,,FALSE,,,,,FALSE,FALSE,TRUE,TRUE,1553,Indexable,Canada’s Most Haunted Hotels - That You Can Book!,Canada’s Most Haunted Hotels – That You Can Book!,TRUE,TRUE,TRUE
/articles/denmark-travel-guide,/articles/denmark-travel-guide,SAME,XLSX,Articles,Articles,Content,Article,,,FALSE,,,,,FALSE,FALSE,FALSE,TRUE,2074,Indexable,"Things to Do in Denmark, Europe - Travel Guide",Things to Do in Denmark,TRUE,TRUE,TRUE
/articles/destination-amsterdam,/articles/destination-amsterdam,SAME,XLSX,Articles,Articles,Content,Article,,,FALSE,,,,,FALSE,FALSE,TRUE,TRUE,2257,Indexable,"Discover Amsterdam: Culture, Canals & Cafes Await","Amsterdam – Your Ticket to Culture, Canals, & Cafes",TRUE,TRUE,TRUE
/articles/destination-athens,/articles/destination-athens,SAME,XLSX,Articles,Articles,Content,Article,,,FALSE,,,,,FALSE,FALSE,TRUE,TRUE,2188,Indexable,"Athens Flights, Activities, and Destination Info",Athens – Dig Deeper,TRUE,TRUE,TRUE
/articles/destination-auckland,/articles/destination-auckland,SAME,XLSX,Articles,Articles,Content,Article,,,FALSE,,,,,FALSE,FALSE,TRUE,TRUE,2167,Indexable,"Auckland Travel Guide: Top Things to Do, Wine Tours & More",Auckland – City of Sails,TRUE,TRUE,TRUE
/articles/destination-dublin,/articles/destination-dublin,SAME,XLSX,Articles,Articles,Content,Article,,,FALSE,,,,,FALSE,FALSE,FALSE,TRUE,2136,Indexable,"Dublin Travel Guide: Top Tips, Food & Attractions",Dublin – Where Culture Meets Craic (Fun),TRUE,TRUE,TRUE
/articles/destination-paris,/articles/destination-paris,SAME,XLSX,Articles,Articles,Content,Article,,,FALSE,,,,,FALSE,FALSE,TRUE,TRUE,2167,Indexable,"Fall in Love with Paris: City of Lights, Romance & Art",Paris – Fall in Love with the City of Love,TRUE,TRUE,TRUE
/articles/destination-sydney,/articles/destination-sydney,SAME,XLSX,Articles,Articles,Content,Article,,,FALSE,,,,,FALSE,FALSE,FALSE,TRUE,2160,Indexable,"Sydney Australia Flights, Activities, and Destination Info",Sydney - Deals For Down Under,TRUE,TRUE,TRUE
/articles/destination-tokyo,/articles/destination-tokyo,SAME,XLSX,Articles,Articles,Content,Article,,,FALSE,,,,,FALSE,FALSE,TRUE,TRUE,1264,Indexable,"Tokyo Flights, Activities, and Destination Info",Tokyo – Where Tradition Meets Innovation,TRUE,TRUE,TRUE
/articles/destination-toronto,/articles/destination-toronto,SAME,XLSX,Articles,Articles,Content,Article,,,FALSE,,,,,FALSE,FALSE,FALSE,TRUE,2171,Indexable,"Toronto Flights, Activities, and Destination Info",Toronto – No Passport Required!,TRUE,TRUE,TRUE
/articles/destination-venice,/articles/destination-venice,SAME,XLSX,Articles,Articles,Content,Article,,,FALSE,,,,,FALSE,FALSE,TRUE,TRUE,2206,Indexable,"Venice Flights, Activities, and Destination Info",Venice – The City of Canals,TRUE,TRUE,TRUE
/articles/disney-lookout-cay-at-lighthouse-point,/articles/disney-lookout-cay-at-lighthouse-point,SAME,XLSX,Articles,Articles,Content,Article,,,FALSE,,,,,FALSE,FALSE,TRUE,TRUE,1506,Indexable,Discover Disney Lookout Cay at Lighthouse Point,Discover Disney Lookout Cay at Lighthouse Point: The New Disney Destination,TRUE,TRUE,TRUE
/articles/disneyland-70-anniversary,/articles/disneyland-70-anniversary,SAME,XLSX,Articles,Articles,Content,Article,,,FALSE,,,,,FALSE,FALSE,FALSE,TRUE,1560,Indexable,Celebrate 70 Years of Magic: Disneyland’s 70th Anniversary,"Disneyland’s 70th Anniversary – The Food, Merchandise, and Attractions at Disneyland Resort",TRUE,TRUE,TRUE
/articles/dog-friendly-cruise-ships,/articles/dog-friendly-cruise-ships,SAME,XLSX,Articles,Articles,Content,Article,,,FALSE,,,,,FALSE,FALSE,TRUE,TRUE,2489,Indexable,"Dog-Friendly Cruises, Pet Tips for Travel, and More!","Our Top Dog Friendly Cruises, and Tips for Travelling With Your Dog!",TRUE,TRUE,TRUE
/articles/ev-road-trip,/articles/ev-road-trip,SAME,XLSX,Articles,Articles,Content,Article,,,FALSE,,,,,FALSE,FALSE,FALSE,FALSE,,,,,FALSE,FALSE,FALSE
/articles/flying-with-dogs,/articles/flying-with-dogs,SAME,XLSX,Articles,Articles,Content,Article,,,FALSE,,,,,FALSE,FALSE,TRUE,TRUE,3344,Indexable,"Flying With a Dog, Plane Tips, Carriers & More",Everything You Need to Know When Flying With a Dog,TRUE,TRUE,TRUE
/articles/four-seasons-of-wyoming,/articles/four-seasons-of-wyoming,SAME,XLSX,Articles,Articles,Content,Article,,,FALSE,,,,,FALSE,FALSE,FALSE,TRUE,2227,Indexable,Things to Do in Wyoming All Year Round,Discover Four Seasons of Things To Do and Attractions in Wyoming,TRUE,TRUE,TRUE
/articles/guide-to-whisky-tours-scotland,/articles/guide-to-whisky-tours-scotland,SAME,XLSX,Articles,Articles,Content,Article,,,FALSE,,,,,FALSE,FALSE,TRUE,TRUE,1863,Indexable,Scotland Whisky Tour | Discover Top Distillery Tours,"The Ultimate Guide to Whisky Tours, Scotch Tasting, and Distillery Tours in Scotland!",TRUE,TRUE,TRUE
/articles/ireland-with-brendan-vacations,/articles/ireland-with-brendan-vacations,SAME,XLSX,Articles,Articles,Content,Article,,,FALSE,,,,,FALSE,FALSE,FALSE,TRUE,2456,Indexable,The Best Ireland Tour – Brendan Vacations,A Private Chaffeur Brings Out the Best of Ireland with Brendan Vacations,TRUE,TRUE,TRUE
/articles/jamaica-your-next-tropical-vacation,/articles/jamaica-your-next-tropical-vacation,SAME,XLSX,Articles,Articles,Content,Article,,,FALSE,,,,,FALSE,FALSE,TRUE,TRUE,2742,Indexable,How Jamaica Compares for Your Next Tropical Vacation,How Jamaica Compares for Your Next Tropical Vacation,TRUE,TRUE,TRUE
/articles/jasper-before-and-after-fire,/articles/jasper-before-and-after-fire,SAME,XLSX,Articles,Articles,Content,Article,,,FALSE,,,,,FALSE,FALSE,TRUE,TRUE,2782,Indexable,Ecotourism in Jasper National Park,Jasper Before and After the Fire: Discover the Ecology of the 2024 Jasper Wildfire,TRUE,TRUE,TRUE
/articles/outdoor-activities-central-florida,/articles/outdoor-activities-central-florida,SAME,XLSX,Articles,Articles,Content,Article,,,FALSE,,,,,FALSE,FALSE,TRUE,TRUE,2773,Indexable,Discover Adventure: Outdoor Activities in Central Florida,Top Ways to Explore the Outdoors in Central Florida,TRUE,TRUE,TRUE
/articles/outdoor-things-to-do-in-jasper,/articles/outdoor-things-to-do-in-jasper,SAME,XLSX,Articles,Articles,Content,Article,,,FALSE,,,,,FALSE,FALSE,TRUE,TRUE,1605,Indexable,Outdoor Things To Do in Jasper National Park After the Fires,Outdoor Things To Do in Jasper National Park in 2025 After the Fires,TRUE,TRUE,TRUE
/articles/package-travel-insurance-plans,/articles/package-travel-insurance-plans,SAME,XLSX,Articles,Articles,Content,Article,,,FALSE,,,,,FALSE,FALSE,TRUE,TRUE,2158,Indexable,Included in Our Premium Package Travel Insurance Plans,Package Travel Insurance Plans from AMA Travel,TRUE,TRUE,TRUE
/articles/sheridan-wyoming-history,/articles/sheridan-wyoming-history,SAME,XLSX,Articles,Articles,Content,Article,,,FALSE,,,,,FALSE,FALSE,FALSE,TRUE,1725,Indexable,The Fascinating History of Sheridan County Wyoming,"The Fascinating History of Sheridan County, Wyoming: Icons and Outlaws, Historic Sites, and Why It's a Tourism Goldmine",TRUE,TRUE,TRUE
/articles/south-korea-tours-2025,/articles/south-korea-tours-2025,SAME,XLSX,Articles,Articles,Content,Article,,,FALSE,,,,,FALSE,FALSE,TRUE,TRUE,1517,Indexable,The Best South Korea tours to try in 2025,The Top South Korea Tours of 2025: Find the Trip Package and Guided Tour for You!,TRUE,TRUE,TRUE
/articles/things-to-do-penticton,/articles/things-to-do-penticton,SAME,XLSX,Articles,Articles,Content,Article,,,FALSE,,,,,FALSE,FALSE,TRUE,TRUE,2022,Indexable,Best Things to Do in Penticton on a 3-Day Trip,Best Things to Do in Penticton on a 3-Day Trip,TRUE,TRUE,TRUE
/articles/top-jamaica-resorts,/articles/top-jamaica-resorts,SAME,XLSX,Articles,Articles,Content,Article,,,FALSE,,,,,FALSE,FALSE,TRUE,TRUE,2086,Indexable,The Best Places to Visit and Top Jamaica Resorts,Discover the Resort Areas and Best Places to Visit in Jamaica,TRUE,TRUE,TRUE
/articles/top-questions-costsaver,/articles/top-questions-costsaver,SAME,XLSX,Articles,Articles,Content,Article,,,FALSE,,,,,FALSE,FALSE,FALSE,TRUE,2804,Indexable,The Top Questions People Ask About Costsaver,The Top Questions People Ask About Costsaver,TRUE,TRUE,TRUE
/articles/trafalgar-river-cruise-tour,/articles/trafalgar-river-cruise-tour,SAME,XLSX,Articles,Articles,Content,Article,,,FALSE,,,,,FALSE,FALSE,FALSE,TRUE,2899,Indexable,Trafalgar River Cruises: A New Way to Tour,"See Europe’s Most Stunning Sights From the Water, With an Action-Packed Trafalgar Tours River Cruise",TRUE,TRUE,TRUE
/articles/travel-medical-insurance-after-60/,/articles/travel-medical-insurance-after-60/,SAME,XLSX,Articles,Articles,Content,Article,,,FALSE,,,,,FALSE,FALSE,FALSE,FALSE,,,,,FALSE,FALSE,FALSE
/articles/ultimate-5-day-montreal-travel-guide,/articles/ultimate-5-day-montreal-travel-guide,SAME,XLSX,Articles,Articles,Content,Article,,,FALSE,,,,,FALSE,FALSE,TRUE,TRUE,1199,Indexable,Your Ultimate Montreal Travel Guide: Things to Do in 5 Days,Ultimate 5-Day Montreal Travel Guide: Best Places to Visit & Things to Do,TRUE,TRUE,TRUE
/articles/ultimate-5-day-toronto-travel-guide,/articles/ultimate-5-day-toronto-travel-guide,SAME,XLSX,Articles,Articles,Content,Article,,,FALSE,,,,,FALSE,FALSE,TRUE,TRUE,1192,Indexable,Your Ultimate Toronto Travel Guide: Things to Do in 5 Days,Ultimate 5-Day Toronto Travel Guide: Best Places to Visit & Things to Do,TRUE,TRUE,TRUE
/articles/utah-north-ski-resorts-south-road-trips,/articles/utah-north-ski-resorts-south-road-trips,SAME,XLSX,Articles,Articles,Content,Article,,,FALSE,,,,,FALSE,FALSE,TRUE,TRUE,2079,Indexable,Utah North to South Road Trip for Snow Sports & Parks,Utah’s “Greatest Snow on Earth” Experience: Northern Utah Ski Resorts and Southern Utah Road Trips,TRUE,TRUE,TRUE
/articles/utah-north-south-road-trip,/articles/utah-north-south-road-trip,SAME,XLSX,Articles,Articles,Content,Article,,,FALSE,,,,,FALSE,FALSE,TRUE,TRUE,1661,Indexable,More Ways to Experience North & South Utah on a Road Trip,Even More Ways to Experience North and South on a Utah Road Trip,TRUE,TRUE,TRUE
/articles/victoria-activities-october-to-december,/articles/victoria-activities-october-to-december,SAME,XLSX,Articles,Articles,Content,Article,,,FALSE,,,,,FALSE,FALSE,TRUE,FALSE,,,,,FALSE,FALSE,FALSE
/articles/victoria-hotels-and-accommodations,/articles/victoria-hotels-and-accommodations,SAME,XLSX,Articles,Articles,Content,Article,,,FALSE,,,,,FALSE,FALSE,TRUE,TRUE,1609,Indexable,Victoria Hotels and Where to Stay in Victoria B.C.,"Hotels in Victoria, British Columbia: Explore Beautiful B&Bs, Downtown Retreats, and Affordable Stays",TRUE,TRUE,TRUE
/articles/walt-disney-world-strollers,/articles/walt-disney-world-strollers,SAME,XLSX,Articles,Articles,Content,Article,,,FALSE,,,,,FALSE,FALSE,TRUE,TRUE,1940,Indexable,Stroller Rules and Rentals at Walt Disney World (WDW),Guide to Stroller Use Rules and Rentals at Walt Disney World (WDW),TRUE,TRUE,TRUE
/articles/what-is-genie-service-at-disney,/articles/what-is-genie-service-at-disney,SAME,XLSX,Articles,Articles,Content,Article,,,FALSE,,,,,FALSE,FALSE,FALSE,FALSE,,,,,FALSE,FALSE,FALSE
/articles/where-do-i-need-international-driving-permit,/articles/where-do-i-need-international-driving-permit,SAME,XLSX,Articles,Articles,Content,Article,,,FALSE,,,,,FALSE,FALSE,TRUE,TRUE,1121,Indexable,Where Do I Need an International Driving Permit?,Where Do I Need an International Driving Permit?,TRUE,TRUE,TRUE
/cruises/2025-ama-president,/cruises/ama-presidents-cruise,CHANGED,XLSX,Cruises,Cruises,Cruises,Supplier,Presidents Cruise,,FALSE,,,,,FALSE,FALSE,TRUE,FALSE,,,,,FALSE,FALSE,TRUE
/cruises/expedition/hx,/cruises/hx-expeditions,CHANGED,XLSX,Cruises,Cruises,Cruises,Supplier,Cruise Supplier (HX Expeditions),,FALSE,,,,,FALSE,FALSE,FALSE,TRUE,1737,Indexable,Book HX Expeditions with AMA Travel,HX Expeditions,TRUE,TRUE,TRUE
/cruises/luxury-small-ship/seabourn,/cruises/seabourn,CHANGED,XLSX,Cruises,Cruises,Cruises,Supplier,Cruise Supplier (Seabourn),,FALSE,,,,,FALSE,FALSE,TRUE,TRUE,1550,Indexable,Book Seabourn with AMA Travel,Seabourn Cruise Line®,TRUE,TRUE,TRUE
/cruises/shore-excursions,/cruises/shore-excursions,SAME,XLSX,Cruises,Cruises,Cruises,Collection Page,Cruise (Shore excursions),,FALSE,,,,,FALSE,FALSE,TRUE,TRUE,1462,Indexable,Shore Excursions & Cruise Tours,Discover Amazing Shore Excursions,TRUE,TRUE,TRUE
/vacation-destinations,/destinations,CHANGED,XLSX,Destinations,Destinations,Destinations,Landing Page,Destinations LP,Not a real page currently,FALSE,,,,,FALSE,FALSE,FALSE,TRUE,2586,Indexable,Explore Top Travel Destinations & Travel Deals 2026,Discover the Best Travel Destinations 2026,TRUE,TRUE,TRUE
/vacation-destinations/north-america/us/california/anaheim/plan-your-stay,/destinations/anaheim,REDIRECTED,XLSX,Destinations,Destinations,Destinations,Bureau Destination,Anaheim,,FALSE,,,,,FALSE,FALSE,TRUE,TRUE,4281,Indexable,"Visit Anaheim: Stays, Attractions & Deals","Anaheim, California",TRUE,TRUE,TRUE
/vacation-destinations/north-america/us/california/anaheim/things-to-do,/destinations/anaheim/things-to-do,CHANGED,XLSX,Destinations,Destinations,Destinations,Bureau Destination,Anaheim _ Things to Do,,FALSE,,,,,FALSE,FALSE,TRUE,TRUE,2019,Indexable,AMA Travel Website,"Anaheim, California",TRUE,TRUE,FALSE
/vacation-destinations/north-america/us/california/anaheim/tips-for-your-trip,/destinations/anaheim/tips-for-your-trip,CHANGED,XLSX,Destinations,Destinations,Destinations,Bureau Destination,Anaheim _ Tips for Your Trip,,FALSE,,,,,FALSE,FALSE,TRUE,FALSE,,,,,FALSE,FALSE,FALSE
/vacation-destinations/north-america/us/california/anaheim/vacation-deals,/destinations/anaheim/vacation-deals,CHANGED,XLSX,Destinations,Destinations,Destinations,Bureau Destination,Anaheim _ Vacation Deals,,FALSE,,,,,FALSE,FALSE,TRUE,FALSE,,,,,FALSE,FALSE,FALSE
/vacation-destinations/north-america/us/california/anaheim/where-to-eat,/destinations/anaheim/where-to-eat,CHANGED,XLSX,Destinations,Destinations,Destinations,Bureau Destination,Anaheim _ Where to Eat,,FALSE,,,,,FALSE,FALSE,TRUE,TRUE,2111,Indexable,AMA Travel Website,"Anaheim, California",TRUE,TRUE,FALSE
/vacation-destinations/north-america/us/california/plan-your-stay,/destinations/california,REDIRECTED,XLSX,Destinations,Destinations,Destinations,Bureau Destination,California,,FALSE,,,,,FALSE,FALSE,TRUE,TRUE,4332,Indexable,Explore California: Stays & Travel Deals,"California, USA",TRUE,TRUE,TRUE
/vacation-destinations/north-america/us/california/things-to-do,/destinations/california/things-to-do,CHANGED,XLSX,Destinations,Destinations,Destinations,Bureau Destination,California _ Things to Do,,FALSE,,,,,FALSE,FALSE,TRUE,TRUE,1957,Indexable,AMA Travel Website,"California, USA",TRUE,TRUE,FALSE
/vacation-destinations/north-america/us/california/tips-for-your-trip,/destinations/california/tips-for-your-trip,CHANGED,XLSX,Destinations,Destinations,Destinations,Bureau Destination,California _ Tips for Your Trip,,FALSE,,,,,FALSE,FALSE,TRUE,FALSE,,,,,FALSE,FALSE,FALSE
/vacation-destinations/north-america/us/california/vacation-deals,/destinations/california/vacation-deals,CHANGED,XLSX,Destinations,Destinations,Destinations,Bureau Destination,California _ Vacation Deals,,FALSE,,,,,FALSE,FALSE,TRUE,FALSE,,,,,FALSE,FALSE,FALSE
/vacation-destinations/north-america/us/california/where-to-eat,/destinations/california/where-to-eat,CHANGED,XLSX,Destinations,Destinations,Destinations,Bureau Destination,California _ Where to Eat,,FALSE,,,,,FALSE,FALSE,TRUE,TRUE,2113,Indexable,AMA Travel Website,"California, USA",TRUE,TRUE,FALSE
/vacation-destinations/costa-rica,/destinations/costa-rica,CHANGED,XLSX,Destinations,Destinations,Destinations,Individual Destination,Costa Rica,,FALSE,,,,,FALSE,FALSE,TRUE,TRUE,3900,Indexable,Costa Rica,Costa Rica,TRUE,TRUE,TRUE
/vacation-destinations/north-america/canada/alberta/jasper/plan-your-stay,/destinations/jasper,REDIRECTED,XLSX,Destinations,Destinations,Destinations,Bureau Destination,Jasper,,FALSE,,,,,FALSE,FALSE,TRUE,TRUE,4121,Indexable,"Visit Jasper: Stays, Attractions & Deals","Jasper, Alberta",TRUE,TRUE,TRUE
/vacation-destinations/north-america/canada/alberta/jasper/things-to-do,/destinations/jasper/things-to-do,CHANGED,XLSX,Destinations,Destinations,Destinations,Bureau Destination,Jasper _ Things to Do,,FALSE,,,,,FALSE,FALSE,TRUE,TRUE,1988,Indexable,AMA Travel Website,"Jasper, Alberta",TRUE,TRUE,FALSE
/vacation-destinations/north-america/canada/alberta/jasper/tips-for-your-trip,/destinations/jasper/tips-for-your-trip,CHANGED,XLSX,Destinations,Destinations,Destinations,Bureau Destination,Jasper _ Tips for Your Trip,,FALSE,,,,,FALSE,FALSE,TRUE,FALSE,,,,,FALSE,FALSE,FALSE
/vacation-destinations/north-america/canada/alberta/jasper/vacation-deals,/destinations/jasper/vacation-deals,CHANGED,XLSX,Destinations,Destinations,Destinations,Bureau Destination,Jasper _ Vacation Deals,,FALSE,,,,,FALSE,FALSE,TRUE,FALSE,,,,,FALSE,FALSE,FALSE
/vacation-destinations/north-america/canada/alberta/jasper/where-to-eat,/destinations/jasper/where-to-eat,CHANGED,XLSX,Destinations,Destinations,Destinations,Bureau Destination,Jasper _ Where to Eat,,FALSE,,,,,FALSE,FALSE,TRUE,TRUE,2097,Indexable,AMA Travel Website,"Jasper, Alberta",TRUE,TRUE,FALSE
/vacation-destinations/mexico,/destinations/mexico,CHANGED,XLSX,Destinations,Destinations,Destinations,Individual Destination,Mexico,"Might be cut & merged, or might keep in addition to broader region page?",FALSE,,,,,FALSE,FALSE,FALSE,TRUE,4088,Indexable,Mexico,Mexico,TRUE,TRUE,TRUE
/vacation-destinations/mexico,/destinations/mexico-caribbean-hawaii,MERGED,XLSX,Destinations,Destinations,Destinations,Individual Destination,Mexico,"Might be cut & merged, or might keep in addition to broader region page?",FALSE,,,,,FALSE,FALSE,FALSE,TRUE,4038,Indexable,"Mexico, Caribbean & Hawaii","Mexico, Caribbean & Hawaii",TRUE,TRUE,TRUE
/vacation-destinations/north-america/canada/british-columbia/victoria/things-to-do,/destinations/victoria/things-to-do,CHANGED,XLSX,Destinations,Destinations,Destinations,Bureau Destination,Victoria _ Things to Do,,FALSE,,,,,FALSE,FALSE,TRUE,TRUE,1926,Indexable,AMA Travel Website,"Victoria, British Columbia",TRUE,TRUE,FALSE
/vacation-destinations/north-america/canada/british-columbia/victoria/tips-for-your-trip,/destinations/victoria/tips-for-your-trip,CHANGED,XLSX,Destinations,Destinations,Destinations,Bureau Destination,Victoria _ Tips for Your Trip,,FALSE,,,,,FALSE,FALSE,TRUE,FALSE,,,,,FALSE,FALSE,FALSE
/vacation-destinations/north-america/canada/british-columbia/victoria/where-to-eat,/destinations/victoria/where-to-eat,CHANGED,XLSX,Destinations,Destinations,Destinations,Bureau Destination,Victoria _ Where to Eat,,FALSE,,,,,FALSE,FALSE,TRUE,TRUE,2063,Indexable,AMA Travel Website,"Victoria, British Columbia",TRUE,TRUE,FALSE
/hotels/choice-hotels,/hotels/choice-hotels,SAME,XLSX,Hotels,Hotels,Hotels,Supplier,Hotel Supplier (Choice Hotels),,FALSE,,,,,FALSE,FALSE,TRUE,TRUE,308,Indexable,Book Choice Hotels with AMA Travel,Choice Hotels,TRUE,TRUE,TRUE
/travel-agents/*,/travel-agents/*,SAME,XLSX,Travel Agent Experience (TAE),Travel Agents,Support/Service,Individual Item,Travel Agents - Individual Agent,,FALSE,,,,,FALSE,FALSE,TRUE,FALSE,,,,,FALSE,FALSE,FALSE
/travel-medical-insurance/family-plan,/travel-insurance/family-plan,REMOVED,XLSX,Travel Insurance,Insurance,Insurance,Detail,Family Plan Insurance,CUT,FALSE,,,,,FALSE,FALSE,TRUE,FALSE,,,,,FALSE,FALSE,FALSE
/travel-insurance/out-of-province-travel,/travel-insurance/out-of-province-travel,CHANGED,XLSX,Travel Insurance,Insurance,Insurance,Detail,Out of Provice Insurance,,FALSE,,,,,FALSE,FALSE,FALSE,TRUE,1742,Indexable,AMA Travel Website,Out of Province Travel Medical Insurance for Albertans,TRUE,TRUE,TRUE
/travel-medical-insurance/travel-insurance-vs-credit-cards,/travel-insurance/travel-insurance-vs-credit-cards,CHANGED,XLSX,Travel Insurance,Insurance,Insurance,Content,Travel Insurance vs Credit Cards,,FALSE,,,,,FALSE,FALSE,FALSE,FALSE,,,,,FALSE,FALSE,FALSE
/vacation-packages/all-inclusives,/vacation-packages/all-inclusives,SAME,XLSX,Vacation Packages,Vacation Packages,General,Collection Page,All Inclusives,,FALSE,,,,,FALSE,FALSE,FALSE,TRUE,1018,Indexable,Book All-Inclusive Vacations from Alberta,Book All-Inclusive Vacations,TRUE,TRUE,FALSE
/vacation-packages/travel-styles/go-solo/just-you,/vacation-packages/just-you,CHANGED,XLSX,Vacation Packages,Tour Supplier,Vacation Packages,Supplier,Tour Supplier (Just You),,FALSE,,,,,FALSE,FALSE,TRUE,TRUE,595,Indexable,AMA Travel Website,Just You,TRUE,TRUE,TRUE
/vacation-packages/travel-styles/coach-bus-tours/luxury-gold,/vacation-packages/luxury-gold,CHANGED,XLSX,Vacation Packages,Tour Supplier,Vacation Packages,Supplier,Tour Supplier (Luxury Gold),MERGED TOGETHER,FALSE,,,,,FALSE,FALSE,FALSE,TRUE,1381,Indexable,Luxury Gold Vacations | Guided Luxury Gold Tours & Travel,Luxury Gold Vacations,TRUE,TRUE,TRUE
/vacation-packages/travel-styles/coach-bus-tours/onedream-travel,/vacation-packages/onedream-travel,CHANGED,XLSX,Vacation Packages,Tour Supplier,Vacation Packages,Supplier,Tour Supplier (Onedream Travel),,FALSE,,,,,FALSE,FALSE,TRUE,TRUE,1340,Indexable,Book One Dream Travel with AMA Travel,One Dream Travel,TRUE,TRUE,TRUE
/vacation-packages/travel-styles/go-solo,/vacation-packages/solo-travel,CHANGED,XLSX,Vacation Packages,Travel Styles,Vacation Packages,Collection Page,Vacation Packages (Solo Travel),,TRUE,,Non-Indexable,,,FALSE,FALSE,TRUE,TRUE,1460,Indexable,Solo Travel Packages & Planning,Plan Your Perfect Solo Travel Package,TRUE,TRUE,FALSE
/vacation-packages/guided-tours,/vacation-packages/tours,REMOVED,XLSX,Vacation Packages,Tours,Tours,Collection Page,Vacation Packages (Guided Tours),Dupe- Became Tours LP,FALSE,,,,,FALSE,FALSE,FALSE,TRUE,1538,Indexable,Guided Tours & Tour Packages,Why Book Guided Tours with AMA Travel,TRUE,TRUE,FALSE
NA,/articles/9-trip-worthy-activities-in-victoria,NEW,,,,,,,,,,,,,,,,,,,,,,,
NA,/articles/2025-tours-trafalgar,NEW,,,,,,,,,,,,,,,,,,,,,,,
NA,/articles/air-canada-europe-packages,NEW,,,,,,,,,,,,,,,,,,,,,,,
NA,/articles/alberta-u-pick-farm-experiences,NEW,,,,,,,,,,,,,,,,,,,,,,,
NA,/articles/antartica-trip-with-hx-expeditions,NEW,,,,,,,,,,,,,,,,,,,,,,,
NA,/articles/atlantic-food-tour,NEW,,,,,,,,,,,,,,,,,,,,,,,
NA,/articles/banff-and-lake-louise-winter-adventures,NEW,,,,,,,,,,,,,,,,,,,,,,,
NA,/articles/been-there-loved-that-tanzania-safari,NEW,,,,,,,,,,,,,,,,,,,,,,,
NA,/articles/best-beaches-costa-rica,NEW,,,,,,,,,,,,,,,,,,,,,,,
NA,/articles/best-canadian-amusement-parks-waterparks,NEW,,,,,,,,,,,,,,,,,,,,,,,
NA,/articles/best-family-activities-los-angeles,NEW,,,,,,,,,,,,,,,,,,,,,,,
NA,/articles/best-of-disneyland-resort,NEW,,,,,,,,,,,,,,,,,,,,,,,
NA,/articles/best-places-to-visit-in-canada-2025,NEW,,,,,,,,,,,,,,,,,,,,,,,
NA,/articles/best-price-guarantee-terms-and-conditions,NEW,,,,,,,,,,,,,,,,,,,,,,,
NA,/articles/best-solo-travel-locations,NEW,,,,,,,,,,,,,,,,,,,,,,,
NA,/articles/build-perfect-itinerary-weekend-sandiego,NEW,,,,,,,,,,,,,,,,,,,,,,,
NA,/articles/canada-golf-card,NEW,,,,,,,,,,,,,,,,,,,,,,,
NA,/articles/choose-the-mekong-your-next-river-cruise,NEW,,,,,,,,,,,,,,,,,,,,,,,
NA,/articles/choosing-mexican-cruise-adventure,NEW,,,,,,,,,,,,,,,,,,,,,,,
NA,/articles/choosing-your-expedition-cruise-adventure,NEW,,,,,,,,,,,,,,,,,,,,,,,
NA,/articles/comparing-travel-medical-insurance,NEW,,,,,,,,,,,,,,,,,,,,,,,
NA,/articles/complete-guide-eating-across-jamaica,NEW,,,,,,,,,,,,,,,,,,,,,,,
NA,/articles/crafting-expedition-cruises,NEW,,,,,,,,,,,,,,,,,,,,,,,
NA,/articles/cruise-around-the-world-244-days-with-oceania,NEW,,,,,,,,,,,,,,,,,,,,,,,
NA,/articles/cuba,NEW,,,,,,,,,,,,,,,,,,,,,,,
NA,/articles/debunking-common-travel-insurance-myths,NEW,,,,,,,,,,,,,,,,,,,,,,,
NA,/articles/destination-eloping-new-destination-wedding,NEW,,,,,,,,,,,,,,,,,,,,,,,
NA,/articles/destination-halifax,NEW,,,,,,,,,,,,,,,,,,,,,,,
NA,/articles/evs-mountain-road-trip,NEW,,,,,,,,,,,,,,,,,,,,,,,
NA,/articles/first-royal-caribbean-mediterranean-cruise,NEW,,,,,,,,,,,,,,,,,,,,,,,
NA,/articles/fly-klm-from-edmonton,NEW,,,,,,,,,,,,,,,,,,,,,,,
NA,/articles/france-road-trip-guide,NEW,,,,,,,,,,,,,,,,,,,,,,,
NA,/articles/guide-to-marmot-basin-skiing,NEW,,,,,,,,,,,,,,,,,,,,,,,
NA,/articles/high-value-destinations-canadian-travellers,NEW,,,,,,,,,,,,,,,,,,,,,,,
NA,/articles/hiking-snowshoeing-jasper,NEW,,,,,,,,,,,,,,,,,,,,,,,
NA,/articles/hotels-close-to-seaworld-orlando,NEW,,,,,,,,,,,,,,,,,,,,,,,
NA,/articles/how-long-do-you-have-to-visit-the-mekong-river,NEW,,,,,,,,,,,,,,,,,,,,,,,
NA,/articles/how-to-make-a-travel-insurance-claim,NEW,,,,,,,,,,,,,,,,,,,,,,,
NA,/articles/how-to-understand-your-travel-insurance-medical-questionnaire,NEW,,,,,,,,,,,,,,,,,,,,,,,
NA,/articles/incredible-tours-in-utah,NEW,,,,,,,,,,,,,,,,,,,,,,,
NA,/articles/intention-wellness-getaway-victoria,NEW,,,,,,,,,,,,,,,,,,,,,,,
NA,/articles/jasper-festivals-2026,NEW,,,,,,,,,,,,,,,,,,,,,,,
NA,/articles/las-vegas-is-back,NEW,,,,,,,,,,,,,,,,,,,,,,,
NA,/articles/learn-the-recipe-for-pad-thai,NEW,,,,,,,,,,,,,,,,,,,,,,,
NA,/articles/maui-road-trips,NEW,,,,,,,,,,,,,,,,,,,,,,,
NA,/articles/north-slave-road-trip-adventures,NEW,,,,,,,,,,,,,,,,,,,,,,,
NA,/articles/outdoor-activities-edmonton,NEW,,,,,,,,,,,,,,,,,,,,,,,
NA,/articles/perfect-alberta-ski-hills,NEW,,,,,,,,,,,,,,,,,,,,,,,
NA,/articles/pet-friendly-car-rentals,NEW,,,,,,,,,,,,,,,,,,,,,,,
NA,/articles/pickleball-vacation-destinations,NEW,,,,,,,,,,,,,,,,,,,,,,,
NA,/articles/plan-trip-world-cup-2026,NEW,,,,,,,,,,,,,,,,,,,,,,,
NA,/articles/portugal-road-trip-guide,NEW,,,,,,,,,,,,,,,,,,,,,,,
NA,/articles/prehistoric-south-dakota,NEW,,,,,,,,,,,,,,,,,,,,,,,
NA,/articles/pumpkin-spice-treats-for-alberta-trips,NEW,,,,,,,,,,,,,,,,,,,,,,,
NA,/articles/quick-trips-edmonton,NEW,,,,,,,,,,,,,,,,,,,,,,,
NA,/articles/quick-trips-vancouver,NEW,,,,,,,,,,,,,,,,,,,,,,,
NA,/articles/river-cruise-exensions-globus-avalon-waterways,NEW,,,,,,,,,,,,,,,,,,,,,,,
NA,/articles/sandals-resorts-air-canada,NEW,,,,,,,,,,,,,,,,,,,,,,,
NA,/articles/select-days-for-annual-travel-insurance,NEW,,,,,,,,,,,,,,,,,,,,,,,
NA,/articles/south-korea-travel-tips,NEW,,,,,,,,,,,,,,,,,,,,,,,
NA,/articles/spain-road-trip-guide,NEW,,,,,,,,,,,,,,,,,,,,,,,
NA,/articles/switzerland-top-bucket-list-items,NEW,,,,,,,,,,,,,,,,,,,,,,,
NA,/articles/terms-and-conditions-contest-almostffamous,NEW,,,,,,,,,,,,,,,,,,,,,,,
NA,/articles/terms-and-conditions-contest-drshazmamithani,NEW,,,,,,,,,,,,,,,,,,,,,,,
NA,/articles/terms-and-conditions-contest-heydylopez,NEW,,,,,,,,,,,,,,,,,,,,,,,
NA,/articles/terms-and-conditions-contest-michiewanders,NEW,,,,,,,,,,,,,,,,,,,,,,,
NA,/articles/terms-and-conditions-contest-simplymodernkolb,NEW,,,,,,,,,,,,,,,,,,,,,,,
NA,/articles/the-perfect-rocky-mountain-foodie-road-trip,NEW,,,,,,,,,,,,,,,,,,,,,,,
NA,/articles/things-to-do-atlantic-canada,NEW,,,,,,,,,,,,,,,,,,,,,,,
NA,/articles/things-to-do-nassau-paradise-island,NEW,,,,,,,,,,,,,,,,,,,,,,,
NA,/articles/things-to-do-victoria-fall,NEW,,,,,,,,,,,,,,,,,,,,,,,
NA,/articles/tips-for-galapagos-cruise-vacation-island-tour,NEW,,,,,,,,,,,,,,,,,,,,,,,
NA,/articles/tips-for-walt-disney-world-christmas,NEW,,,,,,,,,,,,,,,,,,,,,,,
NA,/articles/top-4-places-to-visit-in-edmonton-this-summer,NEW,,,,,,,,,,,,,,,,,,,,,,,
NA,/articles/top-5-things-alaskan-cruise,NEW,,,,,,,,,,,,,,,,,,,,,,,
NA,/articles/top-guided-tours-victoria-bc,NEW,,,,,,,,,,,,,,,,,,,,,,,
NA,/articles/top-mexican-adult-only-resorts,NEW,,,,,,,,,,,,,,,,,,,,,,,
NA,/articles/top-rated-hotels-nassau-bahamas,NEW,,,,,,,,,,,,,,,,,,,,,,,
NA,/articles/top-tours-activities-banff-lake-louise,NEW,,,,,,,,,,,,,,,,,,,,,,,
NA,/articles/travel-assistance,NEW,,,,,,,,,,,,,,,,,,,,,,,
NA,/articles/travel-checklist,NEW,,,,,,,,,,,,,,,,,,,,,,,
NA,/articles/travel-deals,NEW,,,,,,,,,,,,,,,,,,,,,,,
NA,/articles/travel-events,NEW,,,,,,,,,,,,,,,,,,,,,,,
NA,/articles/travel-insurance-for-families-faqs,NEW,,,,,,,,,,,,,,,,,,,,,,,
NA,/articles/unlock-victoria-historical-past,NEW,,,,,,,,,,,,,,,,,,,,,,,
NA,/articles/utah-road-trips-for-every-vehicle,NEW,,,,,,,,,,,,,,,,,,,,,,,
NA,/articles/victoria-culinary-art-outdoors,NEW,,,,,,,,,,,,,,,,,,,,,,,
NA,/articles/visit-tv-shows-resort,NEW,,,,,,,,,,,,,,,,,,,,,,,
NA,/articles/ways-to-see-victoria,NEW,,,,,,,,,,,,,,,,,,,,,,,
NA,/articles/west-coast-wellness-in-victoria,NEW,,,,,,,,,,,,,,,,,,,,,,,
NA,/articles/what-is-a-multi-trip-insurance-plan,NEW,,,,,,,,,,,,,,,,,,,,,,,
NA,/articles/what-makes-vacation-rentals-different-from-other-accommodations,NEW,,,,,,,,,,,,,,,,,,,,,,,
NA,/articles/why-book-vacation-early,NEW,,,,,,,,,,,,,,,,,,,,,,,
NA,/articles/why-you-should-choose-the-mississippi-your-next-river-cruise,NEW,,,,,,,,,,,,,,,,,,,,,,,
NA,/articles/winter-activities-northwest-territories,NEW,,,,,,,,,,,,,,,,,,,,,,,
NA,/contact-us,NEW,,,,,,,,,,,,,,,,,,,,,,,
NA,/cruises/alaska-inside-passage-roundtrip-vancouver,NEW,,,,,,,,,,,,,,,,,,,,,,,
NA,/cruises/alaska-inside-passage-vancouver-roundtrip,NEW,,,,,,,,,,,,,,,,,,,,,,,
NA,/cruises/alaska-seattle-roundtrip,NEW,,,,,,,,,,,,,,,,,,,,,,,
NA,/cruises/alaska-vancouver-roundtrip,NEW,,,,,,,,,,,,,,,,,,,,,,,
NA,/cruises/antarctic-explorer-discovering-the-7th-continent-ushuaia-roundtrip,NEW,,,,,,,,,,,,,,,,,,,,,,,
NA,/cruises/antarctica-and-patagonia-legendary-ice-and-epic-fjords,NEW,,,,,,,,,,,,,,,,,,,,,,,
NA,/cruises/australia-new-zealand-voyage-sydney-to-auckland,NEW,,,,,,,,,,,,,,,,,,,,,,,
NA,/cruises/bahamian-cruise-fort-lauderdale-roundtrip,NEW,,,,,,,,,,,,,,,,,,,,,,,
NA,/cruises/baltic-intensive-cruise,NEW,,,,,,,,,,,,,,,,,,,,,,,
NA,/cruises/best-of-japan-tokyo-roundtrip,NEW,,,,,,,,,,,,,,,,,,,,,,,
NA,/cruises/blue-danube-discovery,NEW,,,,,,,,,,,,,,,,,,,,,,,
NA,/cruises/bora-bora-tahitian-nights-explorer-papeete-roundtrip,NEW,,,,,,,,,,,,,,,,,,,,,,,
NA,/cruises/britain-sampler-with-paris-to-normandy,NEW,,,,,,,,,,,,,,,,,,,,,,,
NA,/cruises/burgundy-provence,NEW,,,,,,,,,,,,,,,,,,,,,,,
NA,/cruises/canada-explorer,NEW,,,,,,,,,,,,,,,,,,,,,,,
NA,/cruises/canada-new-england-baltimore-roundtrip,NEW,,,,,,,,,,,,,,,,,,,,,,,
NA,/cruises/canada-new-england-montreal-roundtrip,NEW,,,,,,,,,,,,,,,,,,,,,,,
NA,/cruises/canada-new-england-with-saint-john-new-york,NEW,,,,,,,,,,,,,,,,,,,,,,,
NA,/cruises/cape-horn-and-glaciers-of-patagonia,NEW,,,,,,,,,,,,,,,,,,,,,,,
NA,/cruises/caribbean-christmas-miami-roundtrip,NEW,,,,,,,,,,,,,,,,,,,,,,,
NA,/cruises/caribbean-miami-roundtrip,NEW,,,,,,,,,,,,,,,,,,,,,,,
NA,/cruises/castles-along-the-rhine-basel-to-amsterdam,NEW,,,,,,,,,,,,,,,,,,,,,,,
NA,/cruises/celtic-coasts-and-iberian-shores-voyage-from-edinburgh-to-lisbon,NEW,,,,,,,,,,,,,,,,,,,,,,,
NA,/cruises/chilean-fjords,NEW,,,,,,,,,,,,,,,,,,,,,,,
NA,/cruises/circle-japan-tokyo-roundtrip,NEW,,,,,,,,,,,,,,,,,,,,,,,
NA,/cruises/cook-islands-society-islands-papeete-roundtrip,NEW,,,,,,,,,,,,,,,,,,,,,,,
NA,/cruises/disney,NEW,,,,,,,,,,,,,,,,,,,,,,,
NA,/cruises/dreams-of-tahiti-air-hotel-package,NEW,,,,,,,,,,,,,,,,,,,,,,,
NA,/cruises/dreams-of-tahiti-papeete-roundtrip,NEW,,,,,,,,,,,,,,,,,,,,,,,
NA,/cruises/east-asian-allure-hong-kong-to-seoul,NEW,,,,,,,,,,,,,,,,,,,,,,,
NA,/cruises/eastern-caribbean-bahamas-san-juan-fort-lauderdale-roundtrip,NEW,,,,,,,,,,,,,,,,,,,,,,,
NA,/cruises/eastern-caribbean-fort-lauderdale-roundtrip,NEW,,,,,,,,,,,,,,,,,,,,,,,
NA,/cruises/eastern-caribbean-miami-roundtrip,NEW,,,,,,,,,,,,,,,,,,,,,,,
NA,/cruises/eastern-caribbean-port-canaveral-roundtrip,NEW,,,,,,,,,,,,,,,,,,,,,,,
NA,/cruises/eastern-mediterranean-athens-to-venice,NEW,,,,,,,,,,,,,,,,,,,,,,,
NA,/cruises/ensenada-cabo-and-mazatl-n-san-diego-roundtrip,NEW,,,,,,,,,,,,,,,,,,,,,,,
NA,/cruises/enticing-douro-porto-portugal-roundtrip,NEW,,,,,,,,,,,,,,,,,,,,,,,
NA,/cruises/essential-patagonia-chilean-fjords-and-torres-del-paine,NEW,,,,,,,,,,,,,,,,,,,,,,,
NA,/cruises/expedition-to-iceland,NEW,,,,,,,,,,,,,,,,,,,,,,,
NA,/cruises/france-intensive-cruise,NEW,,,,,,,,,,,,,,,,,,,,,,,
NA,/cruises/gal-pagos-islands-in-darwin-s-footsteps-plus-machu-picchu,NEW,,,,,,,,,,,,,,,,,,,,,,,
NA,/cruises/galapagos-by-catamaran-an-intimate-voyage-guayaquil-roundtrip,NEW,,,,,,,,,,,,,,,,,,,,,,,
NA,/cruises/galapagos-islands,NEW,,,,,,,,,,,,,,,,,,,,,,,
NA,/cruises/galapagos-outer-loop-isla-baltra-roundtrip,NEW,,,,,,,,,,,,,,,,,,,,,,,
NA,/cruises/greece-malta-and-turkey-athens-to-barcelona,NEW,,,,,,,,,,,,,,,,,,,,,,,
NA,/cruises/greenland-to-newfoundland-reykjavik-to-st-john-s,NEW,,,,,,,,,,,,,,,,,,,,,,,
NA,/cruises/harvest-horizons-japan-s-coastal-charms,NEW,,,,,,,,,,,,,,,,,,,,,,,
NA,/cruises/hawaii-honolulu-to-vancouver,NEW,,,,,,,,,,,,,,,,,,,,,,,
NA,/cruises/hawaiian-islands-san-francisco-roundtrip,NEW,,,,,,,,,,,,,,,,,,,,,,,
NA,/cruises/highlights-of-antarctica,NEW,,,,,,,,,,,,,,,,,,,,,,,
NA,/cruises/hokkaido-spring-flowers-tokyo-yokohama-roundtrip,NEW,,,,,,,,,,,,,,,,,,,,,,,
NA,/cruises/iceland-greenland-canada-reykjavik-to-montreal,NEW,,,,,,,,,,,,,,,,,,,,,,,
NA,/cruises/in-darwin-s-footsteps-eastern-route,NEW,,,,,,,,,,,,,,,,,,,,,,,
NA,/cruises/italian-vista-with-romantic-rhine-and-2-nights-in-lucerne,NEW,,,,,,,,,,,,,,,,,,,,,,,
NA,/cruises/kimberley-expedition-broome-to-darwin,NEW,,,,,,,,,,,,,,,,,,,,,,,
NA,/cruises/magnificent-europe-amsterdam-to-budapest,NEW,,,,,,,,,,,,,,,,,,,,,,,
NA,/cruises/marquesas-tuamotus-society-islands-papeete-roundtrip,NEW,,,,,,,,,,,,,,,,,,,,,,,
NA,/cruises/mediterranean-athens-roundtrip,NEW,,,,,,,,,,,,,,,,,,,,,,,
NA,/cruises/mediterranean-isles,NEW,,,,,,,,,,,,,,,,,,,,,,,
NA,/cruises/mediterranean-lisbon-to-rome,NEW,,,,,,,,,,,,,,,,,,,,,,,
NA,/cruises/mediterranean-medley-rome-to-monte-carlo,NEW,,,,,,,,,,,,,,,,,,,,,,,
NA,/cruises/mediterranean-with-total-solar-eclipse-athens-to-rome,NEW,,,,,,,,,,,,,,,,,,,,,,,
NA,/cruises/mekong-discover-northbound,NEW,,,,,,,,,,,,,,,,,,,,,,,
NA,/cruises/melodies-of-the-danube,NEW,,,,,,,,,,,,,,,,,,,,,,,
NA,/cruises/mexican-riviera-los-angeles-roundtrip,NEW,,,,,,,,,,,,,,,,,,,,,,,
NA,/cruises/mexican-riviera-san-diego-roundtrip,NEW,,,,,,,,,,,,,,,,,,,,,,,
NA,/cruises/montenegro-sailing,NEW,,,,,,,,,,,,,,,,,,,,,,,
NA,/cruises/new-england-and-canada-new-york-to-quebec-city,NEW,,,,,,,,,,,,,,,,,,,,,,,
NA,/cruises/newfoundland-gulf-of-st-lawrence-montreal-roundtrip,NEW,,,,,,,,,,,,,,,,,,,,,,,
NA,/cruises/north-baltic-sea-capitals-london-to-helsinki,NEW,,,,,,,,,,,,,,,,,,,,,,,
NA,/cruises/norwegian-fjords-and-hidden-gems-dover-to-rotterdam,NEW,,,,,,,,,,,,,,,,,,,,,,,
NA,/cruises/norwegian-fjords-southampton-roundtrip,NEW,,,,,,,,,,,,,,,,,,,,,,,
NA,/cruises/panama-canal-fort-lauderdale-to-los-angeles,NEW,,,,,,,,,,,,,,,,,,,,,,,
NA,/cruises/panama-canal-los-angeles-to-miami,NEW,,,,,,,,,,,,,,,,,,,,,,,
NA,/cruises/panama-canal-miami-to-san-diego,NEW,,,,,,,,,,,,,,,,,,,,,,,
NA,/cruises/paris-normandy,NEW,,,,,,,,,,,,,,,,,,,,,,,
NA,/cruises/preview-ama-cruise,NEW,,,,,,,,,,,,,,,,,,,,,,,
NA,/cruises/preview-supplier,NEW,,,,,,,,,,,,,,,,,,,,,,,
NA,/cruises/rhine-and-rhone-revealed,NEW,,,,,,,,,,,,,,,,,,,,,,,
NA,/cruises/rhine-castles-swiss-alps,NEW,,,,,,,,,,,,,,,,,,,,,,,
NA,/cruises/romantic-mediterranean-malta-to-barcelona,NEW,,,,,,,,,,,,,,,,,,,,,,,
NA,/cruises/scotland-and-iceland-s-north-coast-dover-to-reykjavik,NEW,,,,,,,,,,,,,,,,,,,,,,,
NA,/cruises/society-islands-cook-islands-tonga-fiji-papeete-to-lautoka,NEW,,,,,,,,,,,,,,,,,,,,,,,
NA,/cruises/south-america-passage-buenos-aires-to-san-antonio,NEW,,,,,,,,,,,,,,,,,,,,,,,
NA,/cruises/southern-caribbean-fort-lauderdale-roundtrip,NEW,,,,,,,,,,,,,,,,,,,,,,,
NA,/cruises/southern-caribbean-tampa-roundtrip,NEW,,,,,,,,,,,,,,,,,,,,,,,
NA,/cruises/southern-european-gems,NEW,,,,,,,,,,,,,,,,,,,,,,,
NA,/cruises/spain-intensive-cruise-barcelona-to-lisbon,NEW,,,,,,,,,,,,,,,,,,,,,,,
NA,/cruises/spendors-of-egypt-the-nile-cairo-roundtrip,NEW,,,,,,,,,,,,,,,,,,,,,,,
NA,/cruises/svalbard-explorer,NEW,,,,,,,,,,,,,,,,,,,,,,,
NA,/cruises/swiss-splendors-by-train-with-romantic-rhine,NEW,,,,,,,,,,,,,,,,,,,,,,,
NA,/cruises/tahiti-papeete-roundtrip,NEW,,,,,,,,,,,,,,,,,,,,,,,
NA,/cruises/tahiti-the-society-islands-papeete-roundtrip,NEW,,,,,,,,,,,,,,,,,,,,,,,
NA,/cruises/the-canadian-maritimes-and-newfoundland,NEW,,,,,,,,,,,,,,,,,,,,,,,
NA,/cruises/timeless-wonders-of-vietnam-cambodia-the-mekong-ho-chi-minh-city-to-hanoi,NEW,,,,,,,,,,,,,,,,,,,,,,,
NA,/cruises/total-eclipse-of-the-med-barcelona-to-rome,NEW,,,,,,,,,,,,,,,,,,,,,,,
NA,/cruises/treasures-of-the-greek-isles-athens-roundtrip,NEW,,,,,,,,,,,,,,,,,,,,,,,
NA,/cruises/ultimate-norway-at-christmas-arctic-expedition-under-the-northern-lights-roundtrip-troms,NEW,,,,,,,,,,,,,,,,,,,,,,,
NA,/cruises/venice-the-jewels-of-veneto,NEW,,,,,,,,,,,,,,,,,,,,,,,
NA,/cruises/vineyards-palaces-along-the-danube,NEW,,,,,,,,,,,,,,,,,,,,,,,
NA,/cruises/visions-of-alaska-seattle-roundtrip,NEW,,,,,,,,,,,,,,,,,,,,,,,
NA,/cruises/westbound-transatlantic-southampton-to-new-york,NEW,,,,,,,,,,,,,,,,,,,,,,,
NA,/cruises/western-caribbean-fort-lauderdale-roundtrip,NEW,,,,,,,,,,,,,,,,,,,,,,,
NA,/cruises/western-caribbean-miami-roundtrip,NEW,,,,,,,,,,,,,,,,,,,,,,,
NA,/cruises/western-caribbean-port-canaveral-roundtrip,NEW,,,,,,,,,,,,,,,,,,,,,,,
NA,/cruises/western-mediterranean-barcelona-roundtrip,NEW,,,,,,,,,,,,,,,,,,,,,,,
NA,/cruises/wild-labrador-coast,NEW,,,,,,,,,,,,,,,,,,,,,,,
NA,/cruises/wonders-of-colombia-cartagena-to-barranquilla,NEW,,,,,,,,,,,,,,,,,,,,,,,
NA,/cruises/wonders-of-iceland-reykjavik-roundtrip,NEW,,,,,,,,,,,,,,,,,,,,,,,
NA,/destinations/abbotsford,NEW,,,,,,,,,,,,,,,,,,,,,,,
NA,/destinations/africa,NEW,,,,,,,,,,,,,,,,,,,,,,,
NA,/destinations/alaska,NEW,,,,,,,,,,,,,,,,,,,,,,,
NA,/destinations/amsterdam,NEW,,,,,,,,,,,,,,,,,,,,,,,
NA,/destinations/anchorage,NEW,,,,,,,,,,,,,,,,,,,,,,,
NA,/destinations/antarctica,NEW,,,,,,,,,,,,,,,,,,,,,,,
NA,/destinations/asia-pacific,NEW,,,,,,,,,,,,,,,,,,,,,,,
NA,/destinations/athens,NEW,,,,,,,,,,,,,,,,,,,,,,,
NA,/destinations/auckland,NEW,,,,,,,,,,,,,,,,,,,,,,,
NA,/destinations/australia,NEW,,,,,,,,,,,,,,,,,,,,,,,
NA,/destinations/bahamas,NEW,,,,,,,,,,,,,,,,,,,,,,,
NA,/destinations/bali,NEW,,,,,,,,,,,,,,,,,,,,,,,
NA,/destinations/bangkok,NEW,,,,,,,,,,,,,,,,,,,,,,,
NA,/destinations/barbados,NEW,,,,,,,,,,,,,,,,,,,,,,,
NA,/destinations/barcelona,NEW,,,,,,,,,,,,,,,,,,,,,,,
NA,/destinations/basel,NEW,,,,,,,,,,,,,,,,,,,,,,,
NA,/destinations/beijing,NEW,,,,,,,,,,,,,,,,,,,,,,,
NA,/destinations/belize-city,NEW,,,,,,,,,,,,,,,,,,,,,,,
NA,/destinations/bergen,NEW,,,,,,,,,,,,,,,,,,,,,,,
NA,/destinations/berlin,NEW,,,,,,,,,,,,,,,,,,,,,,,
NA,/destinations/big-island-hawaii,NEW,,,,,,,,,,,,,,,,,,,,,,,
NA,/destinations/boston,NEW,,,,,,,,,,,,,,,,,,,,,,,
NA,/destinations/botswana,NEW,,,,,,,,,,,,,,,,,,,,,,,
NA,/destinations/brazil,NEW,,,,,,,,,,,,,,,,,,,,,,,
NA,/destinations/brisbane,NEW,,,,,,,,,,,,,,,,,,,,,,,
NA,/destinations/brussels,NEW,,,,,,,,,,,,,,,,,,,,,,,
NA,/destinations/bucharest,NEW,,,,,,,,,,,,,,,,,,,,,,,
NA,/destinations/budapest,NEW,,,,,,,,,,,,,,,,,,,,,,,
NA,/destinations/buenos-aires,NEW,,,,,,,,,,,,,,,,,,,,,,,
NA,/destinations/cabo-san-lucas,NEW,,,,,,,,,,,,,,,,,,,,,,,
NA,/destinations/cairo,NEW,,,,,,,,,,,,,,,,,,,,,,,
NA,/destinations/cambodia,NEW,,,,,,,,,,,,,,,,,,,,,,,
NA,/destinations/cancun,NEW,,,,,,,,,,,,,,,,,,,,,,,
NA,/destinations/catania,NEW,,,,,,,,,,,,,,,,,,,,,,,
NA,/destinations/cayo-santa-maria,NEW,,,,,,,,,,,,,,,,,,,,,,,
NA,/destinations/central-south-america,NEW,,,,,,,,,,,,,,,,,,,,,,,
NA,/destinations/charlottetown,NEW,,,,,,,,,,,,,,,,,,,,,,,
NA,/destinations/chicago,NEW,,,,,,,,,,,,,,,,,,,,,,,
NA,/destinations/churchill,NEW,,,,,,,,,,,,,,,,,,,,,,,
NA,/destinations/colorado,NEW,,,,,,,,,,,,,,,,,,,,,,,
NA,/destinations/comox,NEW,,,,,,,,,,,,,,,,,,,,,,,
NA,/destinations/cook-islands,NEW,,,,,,,,,,,,,,,,,,,,,,,
NA,/destinations/copenhagen,NEW,,,,,,,,,,,,,,,,,,,,,,,
NA,/destinations/croatia,NEW,,,,,,,,,,,,,,,,,,,,,,,
NA,/destinations/cuba,NEW,,,,,,,,,,,,,,,,,,,,,,,
NA,/destinations/curacao,NEW,,,,,,,,,,,,,,,,,,,,,,,
NA,/destinations/dallas,NEW,,,,,,,,,,,,,,,,,,,,,,,
NA,/destinations/dc,NEW,,,,,,,,,,,,,,,,,,,,,,,
NA,/destinations/deer-lake,NEW,,,,,,,,,,,,,,,,,,,,,,,
NA,/destinations/denpasar,NEW,,,,,,,,,,,,,,,,,,,,,,,
NA,/destinations/denver,NEW,,,,,,,,,,,,,,,,,,,,,,,
NA,/destinations/disneyland,NEW,,,,,,,,,,,,,,,,,,,,,,,
NA,/destinations/dominican-republic,NEW,,,,,,,,,,,,,,,,,,,,,,,
NA,/destinations/dover,NEW,,,,,,,,,,,,,,,,,,,,,,,
NA,/destinations/dubai,NEW,,,,,,,,,,,,,,,,,,,,,,,
NA,/destinations/dublin,NEW,,,,,,,,,,,,,,,,,,,,,,,
NA,/destinations/dubrovnik,NEW,,,,,,,,,,,,,,,,,,,,,,,
NA,/destinations/ecuador,NEW,,,,,,,,,,,,,,,,,,,,,,,
NA,/destinations/edinburgh,NEW,,,,,,,,,,,,,,,,,,,,,,,
NA,/destinations/egypt,NEW,,,,,,,,,,,,,,,,,,,,,,,
NA,/destinations/fiji,NEW,,,,,,,,,,,,,,,,,,,,,,,
NA,/destinations/finland,NEW,,,,,,,,,,,,,,,,,,,,,,,
NA,/destinations/florence,NEW,,,,,,,,,,,,,,,,,,,,,,,
NA,/destinations/fort-lauderdale,NEW,,,,,,,,,,,,,,,,,,,,,,,
NA,/destinations/fort-mcmurray,NEW,,,,,,,,,,,,,,,,,,,,,,,
NA,/destinations/france,NEW,,,,,,,,,,,,,,,,,,,,,,,
NA,/destinations/frankfurt,NEW,,,,,,,,,,,,,,,,,,,,,,,
NA,/destinations/fredericton,NEW,,,,,,,,,,,,,,,,,,,,,,,
NA,/destinations/galveston,NEW,,,,,,,,,,,,,,,,,,,,,,,
NA,/destinations/geneva,NEW,,,,,,,,,,,,,,,,,,,,,,,
NA,/destinations/germany,NEW,,,,,,,,,,,,,,,,,,,,,,,
NA,/destinations/glasgow,NEW,,,,,,,,,,,,,,,,,,,,,,,
NA,/destinations/great-falls,NEW,,,,,,,,,,,,,,,,,,,,,,,
NA,/destinations/greece,NEW,,,,,,,,,,,,,,,,,,,,,,,
NA,/destinations/greenland,NEW,,,,,,,,,,,,,,,,,,,,,,,
NA,/destinations/halifax,NEW,,,,,,,,,,,,,,,,,,,,,,,
NA,/destinations/hamilton,NEW,,,,,,,,,,,,,,,,,,,,,,,
NA,/destinations/hawaii,NEW,,,,,,,,,,,,,,,,,,,,,,,
NA,/destinations/holguin,NEW,,,,,,,,,,,,,,,,,,,,,,,
NA,/destinations/hong-kong,NEW,,,,,,,,,,,,,,,,,,,,,,,
NA,/destinations/houston,NEW,,,,,,,,,,,,,,,,,,,,,,,
NA,/destinations/huatulco,NEW,,,,,,,,,,,,,,,,,,,,,,,
NA,/destinations/idaho,NEW,,,,,,,,,,,,,,,,,,,,,,,
NA,/destinations/india,NEW,,,,,,,,,,,,,,,,,,,,,,,
NA,/destinations/indonesia,NEW,,,,,,,,,,,,,,,,,,,,,,,
NA,/destinations/ireland,NEW,,,,,,,,,,,,,,,,,,,,,,,
NA,/destinations/israel,NEW,,,,,,,,,,,,,,,,,,,,,,,
NA,/destinations/istanbul,NEW,,,,,,,,,,,,,,,,,,,,,,,
NA,/destinations/italy,NEW,,,,,,,,,,,,,,,,,,,,,,,
NA,/destinations/ixtapa-zihuatanejo,NEW,,,,,,,,,,,,,,,,,,,,,,,
NA,/destinations/jamaica,NEW,,,,,,,,,,,,,,,,,,,,,,,
NA,/destinations/japan,NEW,,,,,,,,,,,,,,,,,,,,,,,
NA,/destinations/johannesburg,NEW,,,,,,,,,,,,,,,,,,,,,,,
NA,/destinations/jordan,NEW,,,,,,,,,,,,,,,,,,,,,,,
NA,/destinations/juneau,NEW,,,,,,,,,,,,,,,,,,,,,,,
NA,/destinations/kahului,NEW,,,,,,,,,,,,,,,,,,,,,,,
NA,/destinations/kansas-city,NEW,,,,,,,,,,,,,,,,,,,,,,,
NA,/destinations/kauai,NEW,,,,,,,,,,,,,,,,,,,,,,,
NA,/destinations/kauai-island,NEW,,,,,,,,,,,,,,,,,,,,,,,
NA,/destinations/kenya,NEW,,,,,,,,,,,,,,,,,,,,,,,
NA,/destinations/kilkenny,NEW,,,,,,,,,,,,,,,,,,,,,,,
NA,/destinations/kissimmee,NEW,,,,,,,,,,,,,,,,,,,,,,,
NA,/destinations/kona,NEW,,,,,,,,,,,,,,,,,,,,,,,
NA,/destinations/kyoto,NEW,,,,,,,,,,,,,,,,,,,,,,,
NA,/destinations/lake-tahoe,NEW,,,,,,,,,,,,,,,,,,,,,,,
NA,/destinations/lamezia-terme,NEW,,,,,,,,,,,,,,,,,,,,,,,
NA,/destinations/lethbridge,NEW,,,,,,,,,,,,,,,,,,,,,,,
NA,/destinations/liberia,NEW,,,,,,,,,,,,,,,,,,,,,,,
NA,/destinations/lima,NEW,,,,,,,,,,,,,,,,,,,,,,,
NA,/destinations/lisbon,NEW,,,,,,,,,,,,,,,,,,,,,,,
NA,/destinations/london,NEW,,,,,,,,,,,,,,,,,,,,,,,
NA,/destinations/long-beach,NEW,,,,,,,,,,,,,,,,,,,,,,,
NA,/destinations/los-angeles,NEW,,,,,,,,,,,,,,,,,,,,,,,
NA,/destinations/louisiana,NEW,,,,,,,,,,,,,,,,,,,,,,,
NA,/destinations/machu-picchu,NEW,,,,,,,,,,,,,,,,,,,,,,,
NA,/destinations/madeira,NEW,,,,,,,,,,,,,,,,,,,,,,,
NA,/destinations/madrid,NEW,,,,,,,,,,,,,,,,,,,,,,,
NA,/destinations/mahe-island,NEW,,,,,,,,,,,,,,,,,,,,,,,
NA,/destinations/malaga,NEW,,,,,,,,,,,,,,,,,,,,,,,
NA,/destinations/malaysia,NEW,,,,,,,,,,,,,,,,,,,,,,,
NA,/destinations/malta,NEW,,,,,,,,,,,,,,,,,,,,,,,
NA,/destinations/manila,NEW,,,,,,,,,,,,,,,,,,,,,,,
NA,/destinations/manitoba,NEW,,,,,,,,,,,,,,,,,,,,,,,
NA,/destinations/marrakech,NEW,,,,,,,,,,,,,,,,,,,,,,,
NA,/destinations/mazatlan,NEW,,,,,,,,,,,,,,,,,,,,,,,
NA,/destinations/melbourne,NEW,,,,,,,,,,,,,,,,,,,,,,,
NA,/destinations/mexico-city,NEW,,,,,,,,,,,,,,,,,,,,,,,
NA,/destinations/miami,NEW,,,,,,,,,,,,,,,,,,,,,,,
NA,/destinations/middle-east,NEW,,,,,,,,,,,,,,,,,,,,,,,
NA,/destinations/milan,NEW,,,,,,,,,,,,,,,,,,,,,,,
NA,/destinations/moncton,NEW,,,,,,,,,,,,,,,,,,,,,,,
NA,/destinations/mont-blanc,NEW,,,,,,,,,,,,,,,,,,,,,,,
NA,/destinations/monte-carlo,NEW,,,,,,,,,,,,,,,,,,,,,,,
NA,/destinations/montego-bay,NEW,,,,,,,,,,,,,,,,,,,,,,,
NA,/destinations/montenegro,NEW,,,,,,,,,,,,,,,,,,,,,,,
NA,/destinations/montreal,NEW,,,,,,,,,,,,,,,,,,,,,,,
NA,/destinations/morocco,NEW,,,,,,,,,,,,,,,,,,,,,,,
NA,/destinations/munich,NEW,,,,,,,,,,,,,,,,,,,,,,,
NA,/destinations/myrtle-beach,NEW,,,,,,,,,,,,,,,,,,,,,,,
NA,/destinations/nanaimo,NEW,,,,,,,,,,,,,,,,,,,,,,,
NA,/destinations/naples,NEW,,,,,,,,,,,,,,,,,,,,,,,
NA,/destinations/nashville,NEW,,,,,,,,,,,,,,,,,,,,,,,
NA,/destinations/nassau,NEW,,,,,,,,,,,,,,,,,,,,,,,
NA,/destinations/netherlands,NEW,,,,,,,,,,,,,,,,,,,,,,,
NA,/destinations/new-brunswick,NEW,,,,,,,,,,,,,,,,,,,,,,,
NA,/destinations/new-orleans,NEW,,,,,,,,,,,,,,,,,,,,,,,
NA,/destinations/new-york,NEW,,,,,,,,,,,,,,,,,,,,,,,
NA,/destinations/new-zealand,NEW,,,,,,,,,,,,,,,,,,,,,,,
NA,/destinations/newfoundland-and-labrador,NEW,,,,,,,,,,,,,,,,,,,,,,,
NA,/destinations/niagara-falls,NEW,,,,,,,,,,,,,,,,,,,,,,,
NA,/destinations/nice,NEW,,,,,,,,,,,,,,,,,,,,,,,
NA,/destinations/nova-scotia,NEW,,,,,,,,,,,,,,,,,,,,,,,
NA,/destinations/nuremburg,NEW,,,,,,,,,,,,,,,,,,,,,,,
NA,/destinations/oahu,NEW,,,,,,,,,,,,,,,,,,,,,,,
NA,/destinations/ontario,NEW,,,,,,,,,,,,,,,,,,,,,,,
NA,/destinations/orlando-walt-disney-world,NEW,,,,,,,,,,,,,,,,,,,,,,,
NA,/destinations/osaka,NEW,,,,,,,,,,,,,,,,,,,,,,,
NA,/destinations/oslo,NEW,,,,,,,,,,,,,,,,,,,,,,,
NA,/destinations/ottawa,NEW,,,,,,,,,,,,,,,,,,,,,,,
NA,/destinations/panama,NEW,,,,,,,,,,,,,,,,,,,,,,,
NA,/destinations/panama-city,NEW,,,,,,,,,,,,,,,,,,,,,,,
NA,/destinations/papeete,NEW,,,,,,,,,,,,,,,,,,,,,,,
NA,/destinations/paris,NEW,,,,,,,,,,,,,,,,,,,,,,,
NA,/destinations/passau,NEW,,,,,,,,,,,,,,,,,,,,,,,
NA,/destinations/pattaya,NEW,,,,,,,,,,,,,,,,,,,,,,,
NA,/destinations/penticton,NEW,,,,,,,,,,,,,,,,,,,,,,,
NA,/destinations/peru,NEW,,,,,,,,,,,,,,,,,,,,,,,
NA,/destinations/philippines,NEW,,,,,,,,,,,,,,,,,,,,,,,
NA,/destinations/portland,NEW,,,,,,,,,,,,,,,,,,,,,,,
NA,/destinations/porto,NEW,,,,,,,,,,,,,,,,,,,,,,,
NA,/destinations/portugal,NEW,,,,,,,,,,,,,,,,,,,,,,,
NA,/destinations/prague,NEW,,,,,,,,,,,,,,,,,,,,,,,
NA,/destinations/preview-destination,NEW,,,,,,,,,,,,,,,,,,,,,,,
NA,/destinations/prince-edward-island,NEW,,,,,,,,,,,,,,,,,,,,,,,
NA,/destinations/puerto-vallarta,NEW,,,,,,,,,,,,,,,,,,,,,,,
NA,/destinations/punta-arenas,NEW,,,,,,,,,,,,,,,,,,,,,,,
NA,/destinations/quebec,NEW,,,,,,,,,,,,,,,,,,,,,,,
NA,/destinations/quebec-city,NEW,,,,,,,,,,,,,,,,,,,,,,,
NA,/destinations/quito,NEW,,,,,,,,,,,,,,,,,,,,,,,
NA,/destinations/red-deer,NEW,,,,,,,,,,,,,,,,,,,,,,,
NA,/destinations/resolute,NEW,,,,,,,,,,,,,,,,,,,,,,,
NA,/destinations/reykjavik,NEW,,,,,,,,,,,,,,,,,,,,,,,
NA,/destinations/riviera-maya,NEW,,,,,,,,,,,,,,,,,,,,,,,
NA,/destinations/riviera-nayarit,NEW,,,,,,,,,,,,,,,,,,,,,,,
NA,/destinations/rocky-mountains,NEW,,,,,,,,,,,,,,,,,,,,,,,
NA,/destinations/rome,NEW,,,,,,,,,,,,,,,,,,,,,,,
NA,/destinations/saint-martin,NEW,,,,,,,,,,,,,,,,,,,,,,,
NA,/destinations/salzburg,NEW,,,,,,,,,,,,,,,,,,,,,,,
NA,/destinations/samara,NEW,,,,,,,,,,,,,,,,,,,,,,,
NA,/destinations/san-diego,NEW,,,,,,,,,,,,,,,,,,,,,,,
NA,/destinations/san-francisco,NEW,,,,,,,,,,,,,,,,,,,,,,,
NA,/destinations/san-jose-costa-rica,NEW,,,,,,,,,,,,,,,,,,,,,,,
NA,/destinations/san-jose-del-cabo,NEW,,,,,,,,,,,,,,,,,,,,,,,
NA,/destinations/san-jose-usa,NEW,,,,,,,,,,,,,,,,,,,,,,,
NA,/destinations/santa-ana,NEW,,,,,,,,,,,,,,,,,,,,,,,
NA,/destinations/santiago,NEW,,,,,,,,,,,,,,,,,,,,,,,
NA,/destinations/saskatoon,NEW,,,,,,,,,,,,,,,,,,,,,,,
NA,/destinations/scotland,NEW,,,,,,,,,,,,,,,,,,,,,,,
NA,/destinations/seattle,NEW,,,,,,,,,,,,,,,,,,,,,,,
NA,/destinations/shannon,NEW,,,,,,,,,,,,,,,,,,,,,,,
NA,/destinations/singapore,NEW,,,,,,,,,,,,,,,,,,,,,,,
NA,/destinations/slovenia,NEW,,,,,,,,,,,,,,,,,,,,,,,
NA,/destinations/south-africa,NEW,,,,,,,,,,,,,,,,,,,,,,,
NA,/destinations/south-dakota,NEW,,,,,,,,,,,,,,,,,,,,,,,
NA,/destinations/southampton,NEW,,,,,,,,,,,,,,,,,,,,,,,
NA,/destinations/spain,NEW,,,,,,,,,,,,,,,,,,,,,,,
NA,/destinations/sri-lanka,NEW,,,,,,,,,,,,,,,,,,,,,,,
NA,/destinations/st-john-s,NEW,,,,,,,,,,,,,,,,,,,,,,,
NA,/destinations/st-maarten,NEW,,,,,,,,,,,,,,,,,,,,,,,
NA,/destinations/st-pete-clearwater,NEW,,,,,,,,,,,,,,,,,,,,,,,
NA,/destinations/strathmore,NEW,,,,,,,,,,,,,,,,,,,,,,,
NA,/destinations/sun-peaks,NEW,,,,,,,,,,,,,,,,,,,,,,,
NA,/destinations/switzerland,NEW,,,,,,,,,,,,,,,,,,,,,,,
NA,/destinations/sydney,NEW,,,,,,,,,,,,,,,,,,,,,,,
NA,/destinations/taiwan,NEW,,,,,,,,,,,,,,,,,,,,,,,
NA,/destinations/tampa,NEW,,,,,,,,,,,,,,,,,,,,,,,
NA,/destinations/thailand,NEW,,,,,,,,,,,,,,,,,,,,,,,
NA,/destinations/tokyo,NEW,,,,,,,,,,,,,,,,,,,,,,,
NA,/destinations/toronto,NEW,,,,,,,,,,,,,,,,,,,,,,,
NA,/destinations/turkey,NEW,,,,,,,,,,,,,,,,,,,,,,,
NA,/destinations/turks-and-caicos-islands,NEW,,,,,,,,,,,,,,,,,,,,,,,
NA,/destinations/united-kingdom,NEW,,,,,,,,,,,,,,,,,,,,,,,
NA,/destinations/ushuaia,NEW,,,,,,,,,,,,,,,,,,,,,,,
NA,/destinations/vancouver-island,NEW,,,,,,,,,,,,,,,,,,,,,,,
NA,/destinations/venice,NEW,,,,,,,,,,,,,,,,,,,,,,,
NA,/destinations/vernon,NEW,,,,,,,,,,,,,,,,,,,,,,,
NA,/destinations/vienna,NEW,,,,,,,,,,,,,,,,,,,,,,,
NA,/destinations/vietnam,NEW,,,,,,,,,,,,,,,,,,,,,,,
NA,/destinations/washington,NEW,,,,,,,,,,,,,,,,,,,,,,,
NA,/destinations/whistler,NEW,,,,,,,,,,,,,,,,,,,,,,,
NA,/destinations/windhoek,NEW,,,,,,,,,,,,,,,,,,,,,,,
NA,/destinations/winnipeg,NEW,,,,,,,,,,,,,,,,,,,,,,,
NA,/destinations/wyoming,NEW,,,,,,,,,,,,,,,,,,,,,,,
NA,/destinations/yellowknife,NEW,,,,,,,,,,,,,,,,,,,,,,,
NA,/destinations/yukon,NEW,,,,,,,,,,,,,,,,,,,,,,,
NA,/destinations/zambia,NEW,,,,,,,,,,,,,,,,,,,,,,,
NA,/destinations/zanzibar,NEW,,,,,,,,,,,,,,,,,,,,,,,
NA,/destinations/zimbabwe,NEW,,,,,,,,,,,,,,,,,,,,,,,
NA,/destinations/zurich,NEW,,,,,,,,,,,,,,,,,,,,,,,
NA,/flights/westjet,NEW,,,,,,,,,,,,,,,,,,,,,,,
NA,/hotels/staycation,NEW,,,,,,,,,,,,,,,,,,,,,,,
NA,/maps-guides,NEW,,,,,,,,,,,,,,,,,,,,,,,
NA,/member-perks,NEW,,,,,,,,,,,,,,,,,,,,,,,
NA,/member-perks/airport-parking-discount,NEW,,,,,,,,,,,,,,,,,,,,,,,
NA,/privacy-policy,NEW,,,,,,,,,,,,,,,,,,,,,,,
NA,/restrictions-map,NEW,,,,,,,,,,,,,,,,,,,,,,,
NA,/terms-and-conditions,NEW,,,,,,,,,,,,,,,,,,,,,,,
NA,/things-to-do/accessible,NEW,,,,,,,,,,,,,,,,,,,,,,,
NA,/things-to-do/bike,NEW,,,,,,,,,,,,,,,,,,,,,,,
NA,/things-to-do/boat,NEW,,,,,,,,,,,,,,,,,,,,,,,
NA,/things-to-do/bus-tours,NEW,,,,,,,,,,,,,,,,,,,,,,,
NA,/things-to-do/couples,NEW,,,,,,,,,,,,,,,,,,,,,,,
NA,/things-to-do/day-tours,NEW,,,,,,,,,,,,,,,,,,,,,,,
NA,/things-to-do/family,NEW,,,,,,,,,,,,,,,,,,,,,,,
NA,/things-to-do/friends,NEW,,,,,,,,,,,,,,,,,,,,,,,
NA,/things-to-do/luxury,NEW,,,,,,,,,,,,,,,,,,,,,,,
NA,/things-to-do/tours/luxury,NEW,,,,,,,,,,,,,,,,,,,,,,,
NA,/things-to-do/walking-tours,NEW,,,,,,,,,,,,,,,,,,,,,,,
NA,/things-to-do/wine-food,NEW,,,,,,,,,,,,,,,,,,,,,,,
NA,/travel-agents/alexis-blackburn,NEW,,,,,,,,,,,,,,,,,,,,,,,
NA,/travel-agents/alexis-jandrae-gopez,NEW,,,,,,,,,,,,,,,,,,,,,,,
NA,/travel-agents/alisa-ivanytska,NEW,,,,,,,,,,,,,,,,,,,,,,,
NA,/travel-agents/alisande-mcneish,NEW,,,,,,,,,,,,,,,,,,,,,,,
NA,/travel-agents/allison-knaap,NEW,,,,,,,,,,,,,,,,,,,,,,,
NA,/travel-agents/alyssa-wickman,NEW,,,,,,,,,,,,,,,,,,,,,,,
NA,/travel-agents/angela-escarilla,NEW,,,,,,,,,,,,,,,,,,,,,,,
NA,/travel-agents/ashley-reid,NEW,,,,,,,,,,,,,,,,,,,,,,,
NA,/travel-agents/bev-draho,NEW,,,,,,,,,,,,,,,,,,,,,,,
NA,/travel-agents/brad-novak,NEW,,,,,,,,,,,,,,,,,,,,,,,
NA,/travel-agents/brianna-lowe,NEW,,,,,,,,,,,,,,,,,,,,,,,
NA,/travel-agents/candace-paton,NEW,,,,,,,,,,,,,,,,,,,,,,,
NA,/travel-agents/claire-maliphunte,NEW,,,,,,,,,,,,,,,,,,,,,,,
NA,/travel-agents/colleen-hodgson,NEW,,,,,,,,,,,,,,,,,,,,,,,
NA,/travel-agents/colleen-saltys,NEW,,,,,,,,,,,,,,,,,,,,,,,
NA,/travel-agents/courtenay-cooper,NEW,,,,,,,,,,,,,,,,,,,,,,,
NA,/travel-agents/crystal-pajunen,NEW,,,,,,,,,,,,,,,,,,,,,,,
NA,/travel-agents/dalpreet-kaur-bindra,NEW,,,,,,,,,,,,,,,,,,,,,,,
NA,/travel-agents/darlene-droboth,NEW,,,,,,,,,,,,,,,,,,,,,,,
NA,/travel-agents/dave-zolis,NEW,,,,,,,,,,,,,,,,,,,,,,,
NA,/travel-agents/deb-fong,NEW,,,,,,,,,,,,,,,,,,,,,,,
NA,/travel-agents/deb-palichuk,NEW,,,,,,,,,,,,,,,,,,,,,,,
NA,/travel-agents/denise-beierbach,NEW,,,,,,,,,,,,,,,,,,,,,,,
NA,/travel-agents/denise-d-aversa,NEW,,,,,,,,,,,,,,,,,,,,,,,
NA,/travel-agents/denise-madula,NEW,,,,,,,,,,,,,,,,,,,,,,,
NA,/travel-agents/diana-bergh,NEW,,,,,,,,,,,,,,,,,,,,,,,
NA,/travel-agents/diana-dzikowski,NEW,,,,,,,,,,,,,,,,,,,,,,,
NA,/travel-agents/elaine-dyrda,NEW,,,,,,,,,,,,,,,,,,,,,,,
NA,/travel-agents/emmerson-winslow,NEW,,,,,,,,,,,,,,,,,,,,,,,
NA,/travel-agents/erica-dobashi,NEW,,,,,,,,,,,,,,,,,,,,,,,
NA,/travel-agents/erin-thurston,NEW,,,,,,,,,,,,,,,,,,,,,,,
NA,/travel-agents/fatima-laeeq,NEW,,,,,,,,,,,,,,,,,,,,,,,
NA,/travel-agents/gil-donily,NEW,,,,,,,,,,,,,,,,,,,,,,,
NA,/travel-agents/grace-hawrylak,NEW,,,,,,,,,,,,,,,,,,,,,,,
NA,/travel-agents/hailey-matthews,NEW,,,,,,,,,,,,,,,,,,,,,,,
NA,/travel-agents/hansen-yau,NEW,,,,,,,,,,,,,,,,,,,,,,,
NA,/travel-agents/haylee-madison,NEW,,,,,,,,,,,,,,,,,,,,,,,
NA,/travel-agents/heather-gibson,NEW,,,,,,,,,,,,,,,,,,,,,,,
NA,/travel-agents/jane-walker,NEW,,,,,,,,,,,,,,,,,,,,,,,
NA,/travel-agents/jean-irving,NEW,,,,,,,,,,,,,,,,,,,,,,,
NA,/travel-agents/jen-fietz,NEW,,,,,,,,,,,,,,,,,,,,,,,
NA,/travel-agents/jenifer-zacher-hollister,NEW,,,,,,,,,,,,,,,,,,,,,,,
NA,/travel-agents/jesse-johnson,NEW,,,,,,,,,,,,,,,,,,,,,,,
NA,/travel-agents/jordan-galdames,NEW,,,,,,,,,,,,,,,,,,,,,,,
NA,/travel-agents/jordana-foran,NEW,,,,,,,,,,,,,,,,,,,,,,,
NA,/travel-agents/joye-wichuk,NEW,,,,,,,,,,,,,,,,,,,,,,,
NA,/travel-agents/justine-yee,NEW,,,,,,,,,,,,,,,,,,,,,,,
NA,/travel-agents/karen-baker,NEW,,,,,,,,,,,,,,,,,,,,,,,
NA,/travel-agents/karen-bukowicki,NEW,,,,,,,,,,,,,,,,,,,,,,,
NA,/travel-agents/karen-claxton,NEW,,,,,,,,,,,,,,,,,,,,,,,
NA,/travel-agents/karyn-gora,NEW,,,,,,,,,,,,,,,,,,,,,,,
NA,/travel-agents/kat-strachan,NEW,,,,,,,,,,,,,,,,,,,,,,,
NA,/travel-agents/kelly-dibben,NEW,,,,,,,,,,,,,,,,,,,,,,,
NA,/travel-agents/kelsey-pruden,NEW,,,,,,,,,,,,,,,,,,,,,,,
NA,/travel-agents/keren-gregg,NEW,,,,,,,,,,,,,,,,,,,,,,,
NA,/travel-agents/kim-schacher,NEW,,,,,,,,,,,,,,,,,,,,,,,
NA,/travel-agents/laila-tahan,NEW,,,,,,,,,,,,,,,,,,,,,,,
NA,/travel-agents/laureen-aliberti,NEW,,,,,,,,,,,,,,,,,,,,,,,
NA,/travel-agents/lauren-derzaph,NEW,,,,,,,,,,,,,,,,,,,,,,,
NA,/travel-agents/lauren-gauthier,NEW,,,,,,,,,,,,,,,,,,,,,,,
NA,/travel-agents/leann-lamontagna,NEW,,,,,,,,,,,,,,,,,,,,,,,
NA,/travel-agents/leona-manna,NEW,,,,,,,,,,,,,,,,,,,,,,,
NA,/travel-agents/leticia-leandro-barbosa,NEW,,,,,,,,,,,,,,,,,,,,,,,
NA,/travel-agents/lindsay-dwernychuk,NEW,,,,,,,,,,,,,,,,,,,,,,,
NA,/travel-agents/lindsay-hodgson,NEW,,,,,,,,,,,,,,,,,,,,,,,
NA,/travel-agents/lois-clark,NEW,,,,,,,,,,,,,,,,,,,,,,,
NA,/travel-agents/lori-niwa,NEW,,,,,,,,,,,,,,,,,,,,,,,
NA,/travel-agents/lorissa-schmidt,NEW,,,,,,,,,,,,,,,,,,,,,,,
NA,/travel-agents/ludy-mennie,NEW,,,,,,,,,,,,,,,,,,,,,,,
NA,/travel-agents/lynsey-kendall,NEW,,,,,,,,,,,,,,,,,,,,,,,
NA,/travel-agents/maria-blomme,NEW,,,,,,,,,,,,,,,,,,,,,,,
NA,/travel-agents/mariana-vega-de-la-ossa,NEW,,,,,,,,,,,,,,,,,,,,,,,
NA,/travel-agents/martha-colorado,NEW,,,,,,,,,,,,,,,,,,,,,,,
NA,/travel-agents/megan-aylesworth,NEW,,,,,,,,,,,,,,,,,,,,,,,
NA,/travel-agents/megan-looker,NEW,,,,,,,,,,,,,,,,,,,,,,,
NA,/travel-agents/megan-schmidt,NEW,,,,,,,,,,,,,,,,,,,,,,,
NA,/travel-agents/melanie-gatzke,NEW,,,,,,,,,,,,,,,,,,,,,,,
NA,/travel-agents/myrna-contreras,NEW,,,,,,,,,,,,,,,,,,,,,,,
NA,/travel-agents/nery-medina,NEW,,,,,,,,,,,,,,,,,,,,,,,
NA,/travel-agents/nicole-deibert,NEW,,,,,,,,,,,,,,,,,,,,,,,
NA,/travel-agents/oleksandra-petrenko,NEW,,,,,,,,,,,,,,,,,,,,,,,
NA,/travel-agents/oleksandra-zorgach,NEW,,,,,,,,,,,,,,,,,,,,,,,
NA,/travel-agents/paul-gilmore,NEW,,,,,,,,,,,,,,,,,,,,,,,
NA,/travel-agents/prudence-lobarbio,NEW,,,,,,,,,,,,,,,,,,,,,,,
NA,/travel-agents/quinn-o-hara,NEW,,,,,,,,,,,,,,,,,,,,,,,
NA,/travel-agents/ramona-lisell,NEW,,,,,,,,,,,,,,,,,,,,,,,
NA,/travel-agents/rosetta-giampa,NEW,,,,,,,,,,,,,,,,,,,,,,,
NA,/travel-agents/rruchi-bhatnaggar,NEW,,,,,,,,,,,,,,,,,,,,,,,
NA,/travel-agents/sandra-vanderwal,NEW,,,,,,,,,,,,,,,,,,,,,,,
NA,/travel-agents/shannon-reidy,NEW,,,,,,,,,,,,,,,,,,,,,,,
NA,/travel-agents/sharol-zalaski,NEW,,,,,,,,,,,,,,,,,,,,,,,
NA,/travel-agents/shauna-dube,NEW,,,,,,,,,,,,,,,,,,,,,,,
NA,/travel-agents/shawnda-beaudoin,NEW,,,,,,,,,,,,,,,,,,,,,,,
NA,/travel-agents/shelli-evans,NEW,,,,,,,,,,,,,,,,,,,,,,,
NA,/travel-agents/siraj-paudyal,NEW,,,,,,,,,,,,,,,,,,,,,,,
NA,/travel-agents/skylar-sawatzky,NEW,,,,,,,,,,,,,,,,,,,,,,,
NA,/travel-agents/sophia-david,NEW,,,,,,,,,,,,,,,,,,,,,,,
NA,/travel-agents/sophie-wiseman,NEW,,,,,,,,,,,,,,,,,,,,,,,
NA,/travel-agents/stephanie-robichaud,NEW,,,,,,,,,,,,,,,,,,,,,,,
NA,/travel-agents/stephanie-supino,NEW,,,,,,,,,,,,,,,,,,,,,,,
NA,/travel-agents/suzanne-tesanovic,NEW,,,,,,,,,,,,,,,,,,,,,,,
NA,/travel-agents/sylvia-wells,NEW,,,,,,,,,,,,,,,,,,,,,,,
NA,/travel-agents/taj-kaur,NEW,,,,,,,,,,,,,,,,,,,,,,,
NA,/travel-agents/tammy-allen,NEW,,,,,,,,,,,,,,,,,,,,,,,
NA,/travel-agents/tanya-wilms,NEW,,,,,,,,,,,,,,,,,,,,,,,
NA,/travel-agents/tierney-monaghan,NEW,,,,,,,,,,,,,,,,,,,,,,,
NA,/travel-agents/tori-nielsen,NEW,,,,,,,,,,,,,,,,,,,,,,,
NA,/travel-agents/tracey-zipp,NEW,,,,,,,,,,,,,,,,,,,,,,,
NA,/travel-agents/vesna-bozunovic,NEW,,,,,,,,,,,,,,,,,,,,,,,
NA,/travel-agents/vikram-chahil,NEW,,,,,,,,,,,,,,,,,,,,,,,
NA,/travel-agents/vince-jackman,NEW,,,,,,,,,,,,,,,,,,,,,,,
NA,/travel-agents/yuliia-kyselova,NEW,,,,,,,,,,,,,,,,,,,,,,,
NA,/travel-deals,NEW,,,,,,,,,,,,,,,,,,,,,,,
NA,/travel-insurance,NEW,,,,,,,,,,,,,,,,,,,,,,,
NA,/travel-insurance/emergency-travel-medical,NEW,,,,,,,,,,,,,,,,,,,,,,,
NA,/travel-insurance/snowbirds,NEW,,,,,,,,,,,,,,,,,,,,,,,
NA,/travel-insurance/trip-cancellation,NEW,,,,,,,,,,,,,,,,,,,,,,,
NA,/travel-insurance/visitors-to-canada,NEW,,,,,,,,,,,,,,,,,,,,,,,
NA,/vacation-packages/ama-travel-departures,NEW,,,,,,,,,,,,,,,,,,,,,,,
NA,/vacation-packages/canyon-spirit,NEW,,,,,,,,,,,,,,,,,,,,,,,
NA,/vacation-packages/cie-tours,NEW,,,,,,,,,,,,,,,,,,,,,,,
NA,/vacation-packages/couples,NEW,,,,,,,,,,,,,,,,,,,,,,,
NA,/vacation-packages/disney/disney-aulani,NEW,,,,,,,,,,,,,,,,,,,,,,,
NA,/vacation-packages/disney/disney-cruise-line,NEW,,,,,,,,,,,,,,,,,,,,,,,
NA,/vacation-packages/intrepid,NEW,,,,,,,,,,,,,,,,,,,,,,,
NA,/vacation-packages/ski-and-snowboard,NEW,,,,,,,,,,,,,,,,,,,,,,,
NA,/vacation-packages/tours/a-journey-through-the-netherlands-belgium-france-canals-champagne-culture-2026,NEW,,,,,,,,,,,,,,,,,,,,,,,
NA,/vacation-packages/tours/a-journey-through-the-netherlands-belgium-france-canals-champagne-culture-featuring-the-keukenhof-tulip-gardens-2026,NEW,,,,,,,,,,,,,,,,,,,,,,,
NA,/vacation-packages/tours/a-portrait-of-india-2026-09-30,NEW,,,,,,,,,,,,,,,,,,,,,,,
NA,/vacation-packages/tours/a-portrait-of-india-2027-01-06,NEW,,,,,,,,,,,,,,,,,,,,,,,
NA,/vacation-packages/tours/a-sicilian-odyssey,NEW,,,,,,,,,,,,,,,,,,,,,,,
NA,/vacation-packages/tours/a-week-in-copenhagen-oslo,NEW,,,,,,,,,,,,,,,,,,,,,,,
NA,/vacation-packages/tours/a-week-in-ireland,NEW,,,,,,,,,,,,,,,,,,,,,,,
NA,/vacation-packages/tours/a-week-in-japan,NEW,,,,,,,,,,,,,,,,,,,,,,,
NA,/vacation-packages/tours/a-week-in-japan-with-hakone,NEW,,,,,,,,,,,,,,,,,,,,,,,
NA,/vacation-packages/tours/a-week-in-london-and-paris,NEW,,,,,,,,,,,,,,,,,,,,,,,
NA,/vacation-packages/tours/a-week-in-mexico-city-and-oaxaca-2026-10-10,NEW,,,,,,,,,,,,,,,,,,,,,,,
NA,/vacation-packages/tours/a-week-in-mexico-city-and-oaxaca-2027-01-16,NEW,,,,,,,,,,,,,,,,,,,,,,,
NA,/vacation-packages/tours/a-week-in-naples-capri-amalfi,NEW,,,,,,,,,,,,,,,,,,,,,,,
NA,/vacation-packages/tours/a-week-in-nova-scotia,NEW,,,,,,,,,,,,,,,,,,,,,,,
NA,/vacation-packages/tours/a-week-in-piedmont,NEW,,,,,,,,,,,,,,,,,,,,,,,
NA,/vacation-packages/tours/a-week-in-portugal,NEW,,,,,,,,,,,,,,,,,,,,,,,
NA,/vacation-packages/tours/a-week-in-puglia,NEW,,,,,,,,,,,,,,,,,,,,,,,
NA,/vacation-packages/tours/a-week-in-scotland,NEW,,,,,,,,,,,,,,,,,,,,,,,
NA,/vacation-packages/tours/a-week-in-spain,NEW,,,,,,,,,,,,,,,,,,,,,,,
NA,/vacation-packages/tours/a-week-in-switzerland,NEW,,,,,,,,,,,,,,,,,,,,,,,
NA,/vacation-packages/tours/a-week-in-the-amalfi-coast-capri-rome,NEW,,,,,,,,,,,,,,,,,,,,,,,
NA,/vacation-packages/tours/a-week-in-the-french-riviera-provence-and-paris,NEW,,,,,,,,,,,,,,,,,,,,,,,
NA,/vacation-packages/tours/a-week-in-tuscany-umbria,NEW,,,,,,,,,,,,,,,,,,,,,,,
NA,/vacation-packages/tours/a-week-in-venice-florence-rome,NEW,,,,,,,,,,,,,,,,,,,,,,,
NA,/vacation-packages/tours/abu-dhabi,NEW,,,,,,,,,,,,,,,,,,,,,,,
NA,/vacation-packages/tours/active-alps,NEW,,,,,,,,,,,,,,,,,,,,,,,
NA,/vacation-packages/tours/active-austrian-alps,NEW,,,,,,,,,,,,,,,,,,,,,,,
NA,/vacation-packages/tours/active-canada-canoeing-quebecs-rivers-lakes,NEW,,,,,,,,,,,,,,,,,,,,,,,
NA,/vacation-packages/tours/active-swiss-alps,NEW,,,,,,,,,,,,,,,,,,,,,,,
NA,/vacation-packages/tours/active-west-coast-canada-discovery,NEW,,,,,,,,,,,,,,,,,,,,,,,
NA,/vacation-packages/tours/adriatic-escape,NEW,,,,,,,,,,,,,,,,,,,,,,,
NA,/vacation-packages/tours/adriatic-treasures-croatia-to-venice,NEW,,,,,,,,,,,,,,,,,,,,,,,
NA,/vacation-packages/tours/adventures-across-iceland,NEW,,,,,,,,,,,,,,,,,,,,,,,
NA,/vacation-packages/tours/adventures-in-costa-rica,NEW,,,,,,,,,,,,,,,,,,,,,,,
NA,/vacation-packages/tours/aegean-voyage-athens-to-istanbul-northbound-2026-04-22,NEW,,,,,,,,,,,,,,,,,,,,,,,
NA,/vacation-packages/tours/aegean-voyage-athens-to-istanbul-northbound-2027-04-07,NEW,,,,,,,,,,,,,,,,,,,,,,,
NA,/vacation-packages/tours/aegean-voyage-istanbul-to-athens-southbound-2026-04-13,NEW,,,,,,,,,,,,,,,,,,,,,,,
NA,/vacation-packages/tours/aegean-voyage-istanbul-to-athens-southbound-2027-04-14,NEW,,,,,,,,,,,,,,,,,,,,,,,
NA,/vacation-packages/tours/african-safari-kenya-and-tanzania-2026,NEW,,,,,,,,,,,,,,,,,,,,,,,
NA,/vacation-packages/tours/alaska-america-s-last-frontier-2026,NEW,,,,,,,,,,,,,,,,,,,,,,,
NA,/vacation-packages/tours/alaska-america-s-last-frontier-2027,NEW,,,,,,,,,,,,,,,,,,,,,,,
NA,/vacation-packages/tours/alaska-and-the-yukon,NEW,,,,,,,,,,,,,,,,,,,,,,,
NA,/vacation-packages/tours/alaska-call-of-the-wild,NEW,,,,,,,,,,,,,,,,,,,,,,,
NA,/vacation-packages/tours/alaska-discovery-land-cruise-featuring-a-7-night-holland-america-cruise-2026-2026-05-20,NEW,,,,,,,,,,,,,,,,,,,,,,,
NA,/vacation-packages/tours/alaska-discovery-land-cruise-featuring-a-7-night-holland-america-cruise-2026-2026-09-02,NEW,,,,,,,,,,,,,,,,,,,,,,,
NA,/vacation-packages/tours/alaska-discovery-land-cruise-featuring-a-7-night-holland-america-cruise-2027-2027-05-12,NEW,,,,,,,,,,,,,,,,,,,,,,,
NA,/vacation-packages/tours/alaska-discovery-land-cruise-featuring-a-7-night-holland-america-cruise-2027-2027-09-01,NEW,,,,,,,,,,,,,,,,,,,,,,,
NA,/vacation-packages/tours/alaska-northern-lights,NEW,,,,,,,,,,,,,,,,,,,,,,,
NA,/vacation-packages/tours/alaska-s-inside-passage-cruise-featuring-a-7-night-holland-america-cruise-2026,NEW,,,,,,,,,,,,,,,,,,,,,,,
NA,/vacation-packages/tours/alaska-s-inside-passage-northbound,NEW,,,,,,,,,,,,,,,,,,,,,,,
NA,/vacation-packages/tours/alaska-s-inside-passage-southbound,NEW,,,,,,,,,,,,,,,,,,,,,,,
NA,/vacation-packages/tours/alaska-s-northern-lights-2026-2027-02-28,NEW,,,,,,,,,,,,,,,,,,,,,,,
NA,/vacation-packages/tours/alaska-s-northern-lights-2026-2027-03-01,NEW,,,,,,,,,,,,,,,,,,,,,,,
NA,/vacation-packages/tours/albania-beaches-and-peaks,NEW,,,,,,,,,,,,,,,,,,,,,,,
NA,/vacation-packages/tours/alexandria,NEW,,,,,,,,,,,,,,,,,,,,,,,
NA,/vacation-packages/tours/aloha-hawaii-discovering-kauai-and-maui-2026,NEW,,,,,,,,,,,,,,,,,,,,,,,
NA,/vacation-packages/tours/aloha-hawaii-discovering-kauai-and-maui-2027,NEW,,,,,,,,,,,,,,,,,,,,,,,
NA,/vacation-packages/tours/along-the-nile-in-luxury,NEW,,,,,,,,,,,,,,,,,,,,,,,
NA,/vacation-packages/tours/alpine-adventure,NEW,,,,,,,,,,,,,,,,,,,,,,,
NA,/vacation-packages/tours/alpine-christmas-markets,NEW,,,,,,,,,,,,,,,,,,,,,,,
NA,/vacation-packages/tours/alpine-lakes-scenic-trains-featuring-a-cruise-on-lake-maggiore-and-scenic-trains-in-switzerland-italy-2025,NEW,,,,,,,,,,,,,,,,,,,,,,,
NA,/vacation-packages/tours/alpine-lakes-scenic-trains-featuring-a-cruise-on-lake-maggiore-and-scenic-trains-in-switzerland-italy-2026,NEW,,,,,,,,,,,,,,,,,,,,,,,
NA,/vacation-packages/tours/amazing-britain,NEW,,,,,,,,,,,,,,,,,,,,,,,
NA,/vacation-packages/tours/amazing-ireland,NEW,,,,,,,,,,,,,,,,,,,,,,,
NA,/vacation-packages/tours/amazing-spain-and-portugal,NEW,,,,,,,,,,,,,,,,,,,,,,,
NA,/vacation-packages/tours/amazon-adventure-in-peru,NEW,,,,,,,,,,,,,,,,,,,,,,,
NA,/vacation-packages/tours/america-s-canyonlands,NEW,,,,,,,,,,,,,,,,,,,,,,,
NA,/vacation-packages/tours/america-s-cowboy-country-2026,NEW,,,,,,,,,,,,,,,,,,,,,,,
NA,/vacation-packages/tours/america-s-cowboy-country-2027,NEW,,,,,,,,,,,,,,,,,,,,,,,
NA,/vacation-packages/tours/america-s-magnificent-national-parks,NEW,,,,,,,,,,,,,,,,,,,,,,,
NA,/vacation-packages/tours/america-s-music-cities-featuring-new-orleans-memphis-nashville-2025,NEW,,,,,,,,,,,,,,,,,,,,,,,
NA,/vacation-packages/tours/america-s-music-cities-featuring-new-orleans-memphis-nashville-2026,NEW,,,,,,,,,,,,,,,,,,,,,,,
NA,/vacation-packages/tours/america-s-music-cities-holiday-featuring-new-orleans-memphis-nashville-2026,NEW,,,,,,,,,,,,,,,,,,,,,,,
NA,/vacation-packages/tours/america-s-national-parks-denver-2026,NEW,,,,,,,,,,,,,,,,,,,,,,,
NA,/vacation-packages/tours/america-s-national-parks-denver-2027,NEW,,,,,,,,,,,,,,,,,,,,,,,
NA,/vacation-packages/tours/american-heritage-featuring-the-greenbrier-resort-2025,NEW,,,,,,,,,,,,,,,,,,,,,,,
NA,/vacation-packages/tours/american-heritage-featuring-the-greenbrier-resort-2026,NEW,,,,,,,,,,,,,,,,,,,,,,,
NA,/vacation-packages/tours/american-heritage-featuring-the-greenbrier-resort-2027,NEW,,,,,,,,,,,,,,,,,,,,,,,
NA,/vacation-packages/tours/american-heritage-holiday-featuring-the-greenbrier-resort-2026,NEW,,,,,,,,,,,,,,,,,,,,,,,
NA,/vacation-packages/tours/american-heritage-holiday-featuring-the-greenbrier-resort-2027,NEW,,,,,,,,,,,,,,,,,,,,,,,
NA,/vacation-packages/tours/american-parks-trail,NEW,,,,,,,,,,,,,,,,,,,,,,,
NA,/vacation-packages/tours/amsterdam-for-christmas,NEW,,,,,,,,,,,,,,,,,,,,,,,
NA,/vacation-packages/tours/amsterdam-for-new-year,NEW,,,,,,,,,,,,,,,,,,,,,,,
NA,/vacation-packages/tours/amsterdam-to-budapest-by-riverboat-southbound-2026-05-11,NEW,,,,,,,,,,,,,,,,,,,,,,,
NA,/vacation-packages/tours/amsterdam-to-budapest-by-riverboat-southbound-2026-05-17,NEW,,,,,,,,,,,,,,,,,,,,,,,
NA,/vacation-packages/tours/amsterdam-to-budapest-by-riverboat-southbound-2027-05-10,NEW,,,,,,,,,,,,,,,,,,,,,,,
NA,/vacation-packages/tours/amsterdam-to-budapest-by-riverboat-southbound-2027-05-16,NEW,,,,,,,,,,,,,,,,,,,,,,,
NA,/vacation-packages/tours/ancient-crossroads-albania-greece-macedonia,NEW,,,,,,,,,,,,,,,,,,,,,,,
NA,/vacation-packages/tours/ancient-cultures-armenia-and-georgia,NEW,,,,,,,,,,,,,,,,,,,,,,,
NA,/vacation-packages/tours/ancient-cultures-of-java,NEW,,,,,,,,,,,,,,,,,,,,,,,
NA,/vacation-packages/tours/ancient-lands-of-the-himalayas-a-journey-to-nepal-bhutan,NEW,,,,,,,,,,,,,,,,,,,,,,,
NA,/vacation-packages/tours/ancient-wonders-of-greece,NEW,,,,,,,,,,,,,,,,,,,,,,,
NA,/vacation-packages/tours/ancient-wonders-rome-athens-cairo,NEW,,,,,,,,,,,,,,,,,,,,,,,
NA,/vacation-packages/tours/ancient-wonders-rome-athens-cairo-35-to-45,NEW,,,,,,,,,,,,,,,,,,,,,,,
NA,/vacation-packages/tours/angkor-wat,NEW,,,,,,,,,,,,,,,,,,,,,,,
NA,/vacation-packages/tours/antarctica,NEW,,,,,,,,,,,,,,,,,,,,,,,
NA,/vacation-packages/tours/antarctica-aboard-the-classic-mv-ushuaia-11-day-adventure,NEW,,,,,,,,,,,,,,,,,,,,,,,
NA,/vacation-packages/tours/antarctica-aboard-the-classic-mv-ushuaia-12-day-adventure,NEW,,,,,,,,,,,,,,,,,,,,,,,
NA,/vacation-packages/tours/antarctica-polar-circle-quest-aboard-the-classic-mv-ushuaia,NEW,,,,,,,,,,,,,,,,,,,,,,,
NA,/vacation-packages/tours/antarctica-south-georgia-aboard-the-classic-mv-ushuaia,NEW,,,,,,,,,,,,,,,,,,,,,,,
NA,/vacation-packages/tours/antarctica-the-white-continent-2026,NEW,,,,,,,,,,,,,,,,,,,,,,,
NA,/vacation-packages/tours/antarctica-weddell-sea-adventure-aboard-the-classic-mv-ushuaia,NEW,,,,,,,,,,,,,,,,,,,,,,,
NA,/vacation-packages/tours/arctic-days-northern-lights,NEW,,,,,,,,,,,,,,,,,,,,,,,
NA,/vacation-packages/tours/arequipa-colca-canyon,NEW,,,,,,,,,,,,,,,,,,,,,,,
NA,/vacation-packages/tours/argentina-and-brazil-highlights,NEW,,,,,,,,,,,,,,,,,,,,,,,
NA,/vacation-packages/tours/atacama-desert,NEW,,,,,,,,,,,,,,,,,,,,,,,
NA,/vacation-packages/tours/athens-to-santorini-island-hopping,NEW,,,,,,,,,,,,,,,,,,,,,,,
NA,/vacation-packages/tours/athens-to-santorini-island-hopping-plus-35-to-45,NEW,,,,,,,,,,,,,,,,,,,,,,,
NA,/vacation-packages/tours/aurora-adventure-winter-in-the-canadian-rockies-the-yukon-2026,NEW,,,,,,,,,,,,,,,,,,,,,,,
NA,/vacation-packages/tours/australia-and-new-zealand,NEW,,,,,,,,,,,,,,,,,,,,,,,
NA,/vacation-packages/tours/australia-and-new-zealand-panorama-2026-08-27,NEW,,,,,,,,,,,,,,,,,,,,,,,
NA,/vacation-packages/tours/australia-and-new-zealand-panorama-2026-08-27-22_168_QPACA1M26,NEW,,,,,,,,,,,,,,,,,,,,,,,
NA,/vacation-packages/tours/australia-and-new-zealand-uncovered-2025,NEW,,,,,,,,,,,,,,,,,,,,,,,
NA,/vacation-packages/tours/australia-and-new-zealand-uncovered-2026,NEW,,,,,,,,,,,,,,,,,,,,,,,
NA,/vacation-packages/tours/australia-beaches-and-reefs,NEW,,,,,,,,,,,,,,,,,,,,,,,
NA,/vacation-packages/tours/australia-city-to-surf,NEW,,,,,,,,,,,,,,,,,,,,,,,
NA,/vacation-packages/tours/australia-explorer,NEW,,,,,,,,,,,,,,,,,,,,,,,
NA,/vacation-packages/tours/australia-north-queensland-adventure,NEW,,,,,,,,,,,,,,,,,,,,,,,
NA,/vacation-packages/tours/australia-north-queensland-to-uluru,NEW,,,,,,,,,,,,,,,,,,,,,,,
NA,/vacation-packages/tours/australia-s-outback-and-alice-springs-to-new-zealand-s-south-island-2026,NEW,,,,,,,,,,,,,,,,,,,,,,,
NA,/vacation-packages/tours/australia-s-outback-to-new-zealand-s-south-island-2025,NEW,,,,,,,,,,,,,,,,,,,,,,,
NA,/vacation-packages/tours/australia-s-outback-to-new-zealand-s-south-island-2026,NEW,,,,,,,,,,,,,,,,,,,,,,,
NA,/vacation-packages/tours/australia-uluru-explorer,NEW,,,,,,,,,,,,,,,,,,,,,,,
NA,/vacation-packages/tours/australian-highlights-2026-06-21,NEW,,,,,,,,,,,,,,,,,,,,,,,
NA,/vacation-packages/tours/australian-highlights-2026-06-21-410_290_IMSEM26,NEW,,,,,,,,,,,,,,,,,,,,,,,
NA,/vacation-packages/tours/autumn-along-the-rhine-munich-s-oktoberfest,NEW,,,,,,,,,,,,,,,,,,,,,,,
NA,/vacation-packages/tours/autumn-colours,NEW,,,,,,,,,,,,,,,,,,,,,,,
NA,/vacation-packages/tours/balkan-adventure,NEW,,,,,,,,,,,,,,,,,,,,,,,
NA,/vacation-packages/tours/balkan-delight,NEW,,,,,,,,,,,,,,,,,,,,,,,
NA,/vacation-packages/tours/balkans-coast-explorer,NEW,,,,,,,,,,,,,,,,,,,,,,,
NA,/vacation-packages/tours/balkans-discovery,NEW,,,,,,,,,,,,,,,,,,,,,,,
NA,/vacation-packages/tours/balkans-escape,NEW,,,,,,,,,,,,,,,,,,,,,,,
NA,/vacation-packages/tours/bangkok,NEW,,,,,,,,,,,,,,,,,,,,,,,
NA,/vacation-packages/tours/bangkok-to-singapore-adventure,NEW,,,,,,,,,,,,,,,,,,,,,,,
NA,/vacation-packages/tours/barcelona-ibiza-and-mallorca,NEW,,,,,,,,,,,,,,,,,,,,,,,
NA,/vacation-packages/tours/barcelona-madrid,NEW,,,,,,,,,,,,,,,,,,,,,,,
NA,/vacation-packages/tours/barcelona-to-london-quest,NEW,,,,,,,,,,,,,,,,,,,,,,,
NA,/vacation-packages/tours/barcelona-to-rome-quest,NEW,,,,,,,,,,,,,,,,,,,,,,,
NA,/vacation-packages/tours/bariloche,NEW,,,,,,,,,,,,,,,,,,,,,,,
NA,/vacation-packages/tours/battlefields-of-wwi-wwii,NEW,,,,,,,,,,,,,,,,,,,,,,,
NA,/vacation-packages/tours/be-a-beijing-insider,NEW,,,,,,,,,,,,,,,,,,,,,,,
NA,/vacation-packages/tours/beijing-xian-shanghai,NEW,,,,,,,,,,,,,,,,,,,,,,,
NA,/vacation-packages/tours/belgium-holland-in-spring-northbound-2026-04-09,NEW,,,,,,,,,,,,,,,,,,,,,,,
NA,/vacation-packages/tours/belgium-holland-in-spring-northbound-2027-03-26,NEW,,,,,,,,,,,,,,,,,,,,,,,
NA,/vacation-packages/tours/belgium-holland-in-spring-northbound-2027-04-08,NEW,,,,,,,,,,,,,,,,,,,,,,,
NA,/vacation-packages/tours/belize-family-journey-rainforests-beaches-ancient-caves,NEW,,,,,,,,,,,,,,,,,,,,,,,
NA,/vacation-packages/tours/bellissima-northern-italy,NEW,,,,,,,,,,,,,,,,,,,,,,,
NA,/vacation-packages/tours/belmond-royal-scotsman-highland-journey,NEW,,,,,,,,,,,,,,,,,,,,,,,
NA,/vacation-packages/tours/berlin-to-budapest-by-train,NEW,,,,,,,,,,,,,,,,,,,,,,,
NA,/vacation-packages/tours/bern-the-matterhorn,NEW,,,,,,,,,,,,,,,,,,,,,,,
NA,/vacation-packages/tours/best-of-balkans,NEW,,,,,,,,,,,,,,,,,,,,,,,
NA,/vacation-packages/tours/best-of-balkans-start-dubrovnik,NEW,,,,,,,,,,,,,,,,,,,,,,,
NA,/vacation-packages/tours/best-of-baltics,NEW,,,,,,,,,,,,,,,,,,,,,,,
NA,/vacation-packages/tours/best-of-baltics-35-to-45,NEW,,,,,,,,,,,,,,,,,,,,,,,
NA,/vacation-packages/tours/best-of-brisbane-and-the-northern-territory,NEW,,,,,,,,,,,,,,,,,,,,,,,
NA,/vacation-packages/tours/best-of-britain,NEW,,,,,,,,,,,,,,,,,,,,,,,
NA,/vacation-packages/tours/best-of-britain-2026-04-16,NEW,,,,,,,,,,,,,,,,,,,,,,,
NA,/vacation-packages/tours/best-of-china-with-yangtze-cruise,NEW,,,,,,,,,,,,,,,,,,,,,,,
NA,/vacation-packages/tours/best-of-croatia-and-slovenia,NEW,,,,,,,,,,,,,,,,,,,,,,,
NA,/vacation-packages/tours/best-of-danube,NEW,,,,,,,,,,,,,,,,,,,,,,,
NA,/vacation-packages/tours/best-of-devon-and-cornwall,NEW,,,,,,,,,,,,,,,,,,,,,,,
NA,/vacation-packages/tours/best-of-eastern-canada,NEW,,,,,,,,,,,,,,,,,,,,,,,
NA,/vacation-packages/tours/best-of-eastern-canada-and-usa,NEW,,,,,,,,,,,,,,,,,,,,,,,
NA,/vacation-packages/tours/best-of-eastern-canadian-cities-featuring-niagara-falls-ottawa-quebec-city-montreal-2026,NEW,,,,,,,,,,,,,,,,,,,,,,,
NA,/vacation-packages/tours/best-of-eastern-canadian-cities-featuring-niagara-falls-ottawa-quebec-city-montreal-2027,NEW,,,,,,,,,,,,,,,,,,,,,,,
NA,/vacation-packages/tours/best-of-egypt,NEW,,,,,,,,,,,,,,,,,,,,,,,
NA,/vacation-packages/tours/best-of-france,NEW,,,,,,,,,,,,,,,,,,,,,,,
NA,/vacation-packages/tours/best-of-georgia,NEW,,,,,,,,,,,,,,,,,,,,,,,
NA,/vacation-packages/tours/best-of-germany-2026-04-18,NEW,,,,,,,,,,,,,,,,,,,,,,,
NA,/vacation-packages/tours/best-of-germany-2026-05-01,NEW,,,,,,,,,,,,,,,,,,,,,,,
NA,/vacation-packages/tours/best-of-germany-and-austria,NEW,,,,,,,,,,,,,,,,,,,,,,,
NA,/vacation-packages/tours/best-of-greece,NEW,,,,,,,,,,,,,,,,,,,,,,,
NA,/vacation-packages/tours/best-of-hawaii,NEW,,,,,,,,,,,,,,,,,,,,,,,
NA,/vacation-packages/tours/best-of-holland,NEW,,,,,,,,,,,,,,,,,,,,,,,
NA,/vacation-packages/tours/best-of-holland-belgium-and-luxembourg-2026-04-11,NEW,,,,,,,,,,,,,,,,,,,,,,,
NA,/vacation-packages/tours/best-of-holland-belgium-and-luxembourg-2026-04-18,NEW,,,,,,,,,,,,,,,,,,,,,,,
NA,/vacation-packages/tours/best-of-iceland,NEW,,,,,,,,,,,,,,,,,,,,,,,
NA,/vacation-packages/tours/best-of-iceland-2025,NEW,,,,,,,,,,,,,,,,,,,,,,,
NA,/vacation-packages/tours/best-of-iceland-2026,NEW,,,,,,,,,,,,,,,,,,,,,,,
NA,/vacation-packages/tours/best-of-iceland-2027,NEW,,,,,,,,,,,,,,,,,,,,,,,
NA,/vacation-packages/tours/best-of-iceland-featuring-the-northern-lights-2026,NEW,,,,,,,,,,,,,,,,,,,,,,,
NA,/vacation-packages/tours/best-of-india,NEW,,,,,,,,,,,,,,,,,,,,,,,
NA,/vacation-packages/tours/best-of-ireland-and-scotland,NEW,,,,,,,,,,,,,,,,,,,,,,,
NA,/vacation-packages/tours/best-of-ireland-scotland,NEW,,,,,,,,,,,,,,,,,,,,,,,
NA,/vacation-packages/tours/best-of-italy-2025-2026-04-18,NEW,,,,,,,,,,,,,,,,,,,,,,,
NA,/vacation-packages/tours/best-of-italy-2025-2026-05-11,NEW,,,,,,,,,,,,,,,,,,,,,,,
NA,/vacation-packages/tours/best-of-italy-2026,NEW,,,,,,,,,,,,,,,,,,,,,,,
NA,/vacation-packages/tours/best-of-italy-2026-04-16,NEW,,,,,,,,,,,,,,,,,,,,,,,
NA,/vacation-packages/tours/best-of-italy-and-greece,NEW,,,,,,,,,,,,,,,,,,,,,,,
NA,/vacation-packages/tours/best-of-italy-and-sicily,NEW,,,,,,,,,,,,,,,,,,,,,,,
NA,/vacation-packages/tours/best-of-japan,NEW,,,,,,,,,,,,,,,,,,,,,,,
NA,/vacation-packages/tours/best-of-morocco-2026-04-17,NEW,,,,,,,,,,,,,,,,,,,,,,,
NA,/vacation-packages/tours/best-of-morocco-2026-04-18,NEW,,,,,,,,,,,,,,,,,,,,,,,
NA,/vacation-packages/tours/best-of-norway,NEW,,,,,,,,,,,,,,,,,,,,,,,
NA,/vacation-packages/tours/best-of-poland,NEW,,,,,,,,,,,,,,,,,,,,,,,
NA,/vacation-packages/tours/best-of-portugal,NEW,,,,,,,,,,,,,,,,,,,,,,,
NA,/vacation-packages/tours/best-of-romania-transylvania-hungary,NEW,,,,,,,,,,,,,,,,,,,,,,,
NA,/vacation-packages/tours/best-of-scotland,NEW,,,,,,,,,,,,,,,,,,,,,,,
NA,/vacation-packages/tours/best-of-seoul-south-korea,NEW,,,,,,,,,,,,,,,,,,,,,,,
NA,/vacation-packages/tours/best-of-south-africa,NEW,,,,,,,,,,,,,,,,,,,,,,,
NA,/vacation-packages/tours/best-of-south-australia,NEW,,,,,,,,,,,,,,,,,,,,,,,
NA,/vacation-packages/tours/best-of-south-korea,NEW,,,,,,,,,,,,,,,,,,,,,,,
NA,/vacation-packages/tours/best-of-spain-2026-04-24,NEW,,,,,,,,,,,,,,,,,,,,,,,
NA,/vacation-packages/tours/best-of-spain-2026-04-24-237_287_SBESN26,NEW,,,,,,,,,,,,,,,,,,,,,,,
NA,/vacation-packages/tours/best-of-spain-and-portugal-2026-04-17,NEW,,,,,,,,,,,,,,,,,,,,,,,
NA,/vacation-packages/tours/best-of-spain-and-portugal-2026-04-24,NEW,,,,,,,,,,,,,,,,,,,,,,,
NA,/vacation-packages/tours/best-of-spain-portugal-and-morocco,NEW,,,,,,,,,,,,,,,,,,,,,,,
NA,/vacation-packages/tours/best-of-sri-lanka,NEW,,,,,,,,,,,,,,,,,,,,,,,
NA,/vacation-packages/tours/best-of-switzerland,NEW,,,,,,,,,,,,,,,,,,,,,,,
NA,/vacation-packages/tours/best-of-the-balkans,NEW,,,,,,,,,,,,,,,,,,,,,,,
NA,/vacation-packages/tours/best-of-the-canadian-rockies,NEW,,,,,,,,,,,,,,,,,,,,,,,
NA,/vacation-packages/tours/best-of-the-canyonlands,NEW,,,,,,,,,,,,,,,,,,,,,,,
NA,/vacation-packages/tours/best-of-the-northern-territory,NEW,,,,,,,,,,,,,,,,,,,,,,,
NA,/vacation-packages/tours/best-of-the-pacific-northwest,NEW,,,,,,,,,,,,,,,,,,,,,,,
NA,/vacation-packages/tours/best-of-the-rhine-and-amsterdam,NEW,,,,,,,,,,,,,,,,,,,,,,,
NA,/vacation-packages/tours/best-of-the-west,NEW,,,,,,,,,,,,,,,,,,,,,,,
NA,/vacation-packages/tours/best-of-turkey,NEW,,,,,,,,,,,,,,,,,,,,,,,
NA,/vacation-packages/tours/best-of-usa,NEW,,,,,,,,,,,,,,,,,,,,,,,
NA,/vacation-packages/tours/between-the-paws-of-the-sphinx,NEW,,,,,,,,,,,,,,,,,,,,,,,
NA,/vacation-packages/tours/blue-danube-family-riverboat-adventure-eastbound-2026-06-18,NEW,,,,,,,,,,,,,,,,,,,,,,,
NA,/vacation-packages/tours/blue-danube-family-riverboat-adventure-eastbound-2027-06-17,NEW,,,,,,,,,,,,,,,,,,,,,,,
NA,/vacation-packages/tours/blue-danube-family-riverboat-adventure-westbound-2026-06-25,NEW,,,,,,,,,,,,,,,,,,,,,,,
NA,/vacation-packages/tours/blue-danube-family-riverboat-adventure-westbound-2027-06-24,NEW,,,,,,,,,,,,,,,,,,,,,,,
NA,/vacation-packages/tours/blue-jays-ticket-and-hotel-packages,NEW,,,,,,,,,,,,,,,,,,,,,,,
NA,/vacation-packages/tours/bluegrass-country-the-smoky-mountains-featuring-louisville-lexington-gatlinburg-asheville-2026,NEW,,,,,,,,,,,,,,,,,,,,,,,
NA,/vacation-packages/tours/bluegrass-country-the-smoky-mountains-featuring-louisville-lexington-gatlinburg-asheville-2027,NEW,,,,,,,,,,,,,,,,,,,,,,,
NA,/vacation-packages/tours/bohemian-highlights,NEW,,,,,,,,,,,,,,,,,,,,,,,
NA,/vacation-packages/tours/bolivia-in-a-week,NEW,,,,,,,,,,,,,,,,,,,,,,,
NA,/vacation-packages/tours/bolivia-sojourn,NEW,,,,,,,,,,,,,,,,,,,,,,,
NA,/vacation-packages/tours/bon-voyage-france-family-river-cruise-2026-06-16,NEW,,,,,,,,,,,,,,,,,,,,,,,
NA,/vacation-packages/tours/bon-voyage-france-family-river-cruise-2027-06-16,NEW,,,,,,,,,,,,,,,,,,,,,,,
NA,/vacation-packages/tours/bordeaux-paris-the-seine-2026-04-19,NEW,,,,,,,,,,,,,,,,,,,,,,,
NA,/vacation-packages/tours/bordeaux-paris-the-seine-2026-05-27,NEW,,,,,,,,,,,,,,,,,,,,,,,
NA,/vacation-packages/tours/bordeaux-paris-the-seine-2027-04-12,NEW,,,,,,,,,,,,,,,,,,,,,,,
NA,/vacation-packages/tours/bordeaux-the-dordogne-2026-09-04,NEW,,,,,,,,,,,,,,,,,,,,,,,
NA,/vacation-packages/tours/bordeaux-the-dordogne-2027-04-23,NEW,,,,,,,,,,,,,,,,,,,,,,,
NA,/vacation-packages/tours/borneo-adventure,NEW,,,,,,,,,,,,,,,,,,,,,,,
NA,/vacation-packages/tours/borneo-discovery,NEW,,,,,,,,,,,,,,,,,,,,,,,
NA,/vacation-packages/tours/botswana-in-style-7-days,NEW,,,,,,,,,,,,,,,,,,,,,,,
NA,/vacation-packages/tours/botswana-in-style-9-days,NEW,,,,,,,,,,,,,,,,,,,,,,,
NA,/vacation-packages/tours/botswana-south-africa-zambia-2026-05-23,NEW,,,,,,,,,,,,,,,,,,,,,,,
NA,/vacation-packages/tours/botswana-south-africa-zambia-2027-05-01,NEW,,,,,,,,,,,,,,,,,,,,,,,
NA,/vacation-packages/tours/britain-and-ireland-delight,NEW,,,,,,,,,,,,,,,,,,,,,,,
NA,/vacation-packages/tours/britain-and-ireland-experience,NEW,,,,,,,,,,,,,,,,,,,,,,,
NA,/vacation-packages/tours/britain-and-ireland-explorer,NEW,,,,,,,,,,,,,,,,,,,,,,,
NA,/vacation-packages/tours/britain-and-ireland-grandeur,NEW,,,,,,,,,,,,,,,,,,,,,,,
NA,/vacation-packages/tours/britain-and-ireland-highlights,NEW,,,,,,,,,,,,,,,,,,,,,,,
NA,/vacation-packages/tours/britain-and-ireland-panorama,NEW,,,,,,,,,,,,,,,,,,,,,,,
NA,/vacation-packages/tours/britain-ireland-explorer,NEW,,,,,,,,,,,,,,,,,,,,,,,
NA,/vacation-packages/tours/britain-sampler,NEW,,,,,,,,,,,,,,,,,,,,,,,
NA,/vacation-packages/tours/british-gardens-and-the-chelsea-flower-show,NEW,,,,,,,,,,,,,,,,,,,,,,,
NA,/vacation-packages/tours/british-landscapes-featuring-england-scotland-and-wales-2025,NEW,,,,,,,,,,,,,,,,,,,,,,,
NA,/vacation-packages/tours/british-landscapes-featuring-england-scotland-and-wales-2026,NEW,,,,,,,,,,,,,,,,,,,,,,,
NA,/vacation-packages/tours/british-landscapes-featuring-the-royal-edinburgh-military-tattoo-2026,NEW,,,,,,,,,,,,,,,,,,,,,,,
NA,/vacation-packages/tours/british-royale-2026-04-09,NEW,,,,,,,,,,,,,,,,,,,,,,,
NA,/vacation-packages/tours/british-royale-2026-05-28,NEW,,,,,,,,,,,,,,,,,,,,,,,
NA,/vacation-packages/tours/broome-and-the-kimberley-highlights,NEW,,,,,,,,,,,,,,,,,,,,,,,
NA,/vacation-packages/tours/bucket-list-australia,NEW,,,,,,,,,,,,,,,,,,,,,,,
NA,/vacation-packages/tours/bucket-list-new-zealand,NEW,,,,,,,,,,,,,,,,,,,,,,,
NA,/vacation-packages/tours/bucket-list-new-zealand-and-australia,NEW,,,,,,,,,,,,,,,,,,,,,,,
NA,/vacation-packages/tours/budapest-to-amsterdam-by-riverboat-northbound-2026-05-31,NEW,,,,,,,,,,,,,,,,,,,,,,,
NA,/vacation-packages/tours/budapest-to-amsterdam-by-riverboat-northbound-2027-05-30,NEW,,,,,,,,,,,,,,,,,,,,,,,
NA,/vacation-packages/tours/budapest-to-the-black-sea-eastbound-2026-04-20,NEW,,,,,,,,,,,,,,,,,,,,,,,
NA,/vacation-packages/tours/budapest-to-the-black-sea-eastbound-2027-04-19,NEW,,,,,,,,,,,,,,,,,,,,,,,
NA,/vacation-packages/tours/buenos-aires,NEW,,,,,,,,,,,,,,,,,,,,,,,
NA,/vacation-packages/tours/bulgaria-romania,NEW,,,,,,,,,,,,,,,,,,,,,,,
NA,/vacation-packages/tours/cairns-and-the-great-barrier-reef,NEW,,,,,,,,,,,,,,,,,,,,,,,
NA,/vacation-packages/tours/cairo,NEW,,,,,,,,,,,,,,,,,,,,,,,
NA,/vacation-packages/tours/california-dreamin-monterey-yosemite-and-napa-2027,NEW,,,,,,,,,,,,,,,,,,,,,,,
NA,/vacation-packages/tours/california-dreamin-monterey-yosemite-napa-2026,NEW,,,,,,,,,,,,,,,,,,,,,,,
NA,/vacation-packages/tours/california-s-great-national-parks,NEW,,,,,,,,,,,,,,,,,,,,,,,
NA,/vacation-packages/tours/cambodia-and-vietnam-in-style,NEW,,,,,,,,,,,,,,,,,,,,,,,
NA,/vacation-packages/tours/cambodia-laos-uncovered,NEW,,,,,,,,,,,,,,,,,,,,,,,
NA,/vacation-packages/tours/canada-and-the-rockies,NEW,,,,,,,,,,,,,,,,,,,,,,,
NA,/vacation-packages/tours/canada-s-capital-cities-plus-niagara-falls,NEW,,,,,,,,,,,,,,,,,,,,,,,
NA,/vacation-packages/tours/canada-s-rockies,NEW,,,,,,,,,,,,,,,,,,,,,,,
NA,/vacation-packages/tours/canadas-big-five-safari,NEW,,,,,,,,,,,,,,,,,,,,,,,
NA,/vacation-packages/tours/canadas-christmas-markets,NEW,,,,,,,,,,,,,,,,,,,,,,,
NA,/vacation-packages/tours/canadian-maritimes,NEW,,,,,,,,,,,,,,,,,,,,,,,
NA,/vacation-packages/tours/canadian-maritimes-and-coastal-wonders-featuring-the-cabot-trail-2026,NEW,,,,,,,,,,,,,,,,,,,,,,,
NA,/vacation-packages/tours/canadian-maritimes-and-coastal-wonders-featuring-the-cabot-trail-2027,NEW,,,,,,,,,,,,,,,,,,,,,,,
NA,/vacation-packages/tours/canadian-rockies,NEW,,,,,,,,,,,,,,,,,,,,,,,
NA,/vacation-packages/tours/canadian-rockies-and-alaska-s-inside-passage-featuring-rocky-mountaineer-and-a-7-night-alaska-cruise-2026,NEW,,,,,,,,,,,,,,,,,,,,,,,
NA,/vacation-packages/tours/canadian-rockies-and-pacific-coast,NEW,,,,,,,,,,,,,,,,,,,,,,,
NA,/vacation-packages/tours/canadian-rockies-by-train-2026,NEW,,,,,,,,,,,,,,,,,,,,,,,
NA,/vacation-packages/tours/canadian-rockies-featuring-rocky-mountaineer-eastbound-2026,NEW,,,,,,,,,,,,,,,,,,,,,,,
NA,/vacation-packages/tours/canadian-rockies-featuring-rocky-mountaineer-eastbound-2027,NEW,,,,,,,,,,,,,,,,,,,,,,,
NA,/vacation-packages/tours/canadian-rockies-featuring-rocky-mountaineer-westbound-2026,NEW,,,,,,,,,,,,,,,,,,,,,,,
NA,/vacation-packages/tours/canadian-rockies-glacier-national-park,NEW,,,,,,,,,,,,,,,,,,,,,,,
NA,/vacation-packages/tours/canadian-rockies-glacier-national-park-2026,NEW,,,,,,,,,,,,,,,,,,,,,,,
NA,/vacation-packages/tours/canadian-rockies-glacier-national-park-2027,NEW,,,,,,,,,,,,,,,,,,,,,,,
NA,/vacation-packages/tours/canadian-rockies-northern-lights,NEW,,,,,,,,,,,,,,,,,,,,,,,
NA,/vacation-packages/tours/canals-champagne-culture-a-journey-through-the-netherlands-belgium-france-2025,NEW,,,,,,,,,,,,,,,,,,,,,,,
NA,/vacation-packages/tours/canals-champagne-culture-a-journey-through-the-netherlands-belgium-france-featuring-the-keukenhof-tulip-gardens-2025,NEW,,,,,,,,,,,,,,,,,,,,,,,
NA,/vacation-packages/tours/canyon-country-featuring-arizona-utah-2025,NEW,,,,,,,,,,,,,,,,,,,,,,,
NA,/vacation-packages/tours/canyon-country-featuring-arizona-utah-2026,NEW,,,,,,,,,,,,,,,,,,,,,,,
NA,/vacation-packages/tours/canyon-country-featuring-arizona-utah-2027,NEW,,,,,,,,,,,,,,,,,,,,,,,
NA,/vacation-packages/tours/canyon-country-showcase,NEW,,,,,,,,,,,,,,,,,,,,,,,
NA,/vacation-packages/tours/cape-cod-the-islands-and-newport,NEW,,,,,,,,,,,,,,,,,,,,,,,
NA,/vacation-packages/tours/cape-safari-and-falls,NEW,,,,,,,,,,,,,,,,,,,,,,,
NA,/vacation-packages/tours/cape-safari-and-falls-35-to-45,NEW,,,,,,,,,,,,,,,,,,,,,,,
NA,/vacation-packages/tours/cape-to-delta-safari,NEW,,,,,,,,,,,,,,,,,,,,,,,
NA,/vacation-packages/tours/cape-to-delta-safari-35-to-45,NEW,,,,,,,,,,,,,,,,,,,,,,,
NA,/vacation-packages/tours/cape-town,NEW,,,,,,,,,,,,,,,,,,,,,,,
NA,/vacation-packages/tours/cape-town-explorer-2026-04-12,NEW,,,,,,,,,,,,,,,,,,,,,,,
NA,/vacation-packages/tours/cape-town-explorer-2026-04-19,NEW,,,,,,,,,,,,,,,,,,,,,,,
NA,/vacation-packages/tours/cape-town-kruger-and-bushfire-festival,NEW,,,,,,,,,,,,,,,,,,,,,,,
NA,/vacation-packages/tours/cape-town-to-cairo-the-ultimate-african-expedition-featuring-victoria-falls-maasai-mara-and-4-night-luxor-to-aswan-cruise-2026,NEW,,,,,,,,,,,,,,,,,,,,,,,
NA,/vacation-packages/tours/cape-tribulation-and-cooktown-wanderer,NEW,,,,,,,,,,,,,,,,,,,,,,,
NA,/vacation-packages/tours/cape-york-frontier,NEW,,,,,,,,,,,,,,,,,,,,,,,
NA,/vacation-packages/tours/cape-york-frontier-cape-york-to-cairns,NEW,,,,,,,,,,,,,,,,,,,,,,,
NA,/vacation-packages/tours/capital-blooms,NEW,,,,,,,,,,,,,,,,,,,,,,,
NA,/vacation-packages/tours/capitals-of-scandinavia,NEW,,,,,,,,,,,,,,,,,,,,,,,
NA,/vacation-packages/tours/captivating-kerala,NEW,,,,,,,,,,,,,,,,,,,,,,,
NA,/vacation-packages/tours/castles-and-kilts,NEW,,,,,,,,,,,,,,,,,,,,,,,
NA,/vacation-packages/tours/castles-and-manors,NEW,,,,,,,,,,,,,,,,,,,,,,,
NA,/vacation-packages/tours/castles-and-manors-signature,NEW,,,,,,,,,,,,,,,,,,,,,,,
NA,/vacation-packages/tours/castles-kings-london-to-paris,NEW,,,,,,,,,,,,,,,,,,,,,,,
NA,/vacation-packages/tours/castles-on-the-rhine-family-riverboat-adventure-northbound-2026-07-01,NEW,,,,,,,,,,,,,,,,,,,,,,,
NA,/vacation-packages/tours/castles-on-the-rhine-family-riverboat-adventure-northbound-2027-06-16,NEW,,,,,,,,,,,,,,,,,,,,,,,
NA,/vacation-packages/tours/castles-on-the-rhine-family-riverboat-adventure-southbound-2026-06-24,NEW,,,,,,,,,,,,,,,,,,,,,,,
NA,/vacation-packages/tours/castles-on-the-rhine-family-riverboat-adventure-southbound-2027-06-23,NEW,,,,,,,,,,,,,,,,,,,,,,,
NA,/vacation-packages/tours/celebrating-america-s-250th-anniversary-2026,NEW,,,,,,,,,,,,,,,,,,,,,,,
NA,/vacation-packages/tours/central-japan,NEW,,,,,,,,,,,,,,,,,,,,,,,
NA,/vacation-packages/tours/charming-paris,NEW,,,,,,,,,,,,,,,,,,,,,,,
NA,/vacation-packages/tours/charms-of-qu-bec-a-journey-through-montreal-charlevoix-quebec-city-2026,NEW,,,,,,,,,,,,,,,,,,,,,,,
NA,/vacation-packages/tours/charms-of-qu-bec-a-journey-through-montreal-charlevoix-quebec-city-2027,NEW,,,,,,,,,,,,,,,,,,,,,,,
NA,/vacation-packages/tours/charms-of-southeast-usa,NEW,,,,,,,,,,,,,,,,,,,,,,,
NA,/vacation-packages/tours/chateau-weekend-and-monet-garden,NEW,,,,,,,,,,,,,,,,,,,,,,,
NA,/vacation-packages/tours/chiang-mai,NEW,,,,,,,,,,,,,,,,,,,,,,,
NA,/vacation-packages/tours/chile-argentina-in-style,NEW,,,,,,,,,,,,,,,,,,,,,,,
NA,/vacation-packages/tours/chilean-discovery-santiago-easter-island-atacama,NEW,,,,,,,,,,,,,,,,,,,,,,,
NA,/vacation-packages/tours/china-adventure,NEW,,,,,,,,,,,,,,,,,,,,,,,
NA,/vacation-packages/tours/china-in-style,NEW,,,,,,,,,,,,,,,,,,,,,,,
NA,/vacation-packages/tours/china-sampler,NEW,,,,,,,,,,,,,,,,,,,,,,,
NA,/vacation-packages/tours/chinese-mainland-hong-kong,NEW,,,,,,,,,,,,,,,,,,,,,,,
NA,/vacation-packages/tours/chobe-game-park-safari,NEW,,,,,,,,,,,,,,,,,,,,,,,
NA,/vacation-packages/tours/christmas-in-london-2026,NEW,,,,,,,,,,,,,,,,,,,,,,,
NA,/vacation-packages/tours/christmas-markets-along-the-danube-eastbound,NEW,,,,,,,,,,,,,,,,,,,,,,,
NA,/vacation-packages/tours/christmas-markets-along-the-danube-westbound,NEW,,,,,,,,,,,,,,,,,,,,,,,
NA,/vacation-packages/tours/christmas-markets-along-the-rhine-northbound,NEW,,,,,,,,,,,,,,,,,,,,,,,
NA,/vacation-packages/tours/christmas-markets-along-the-rhine-southbound,NEW,,,,,,,,,,,,,,,,,,,,,,,
NA,/vacation-packages/tours/christmas-markets-and-castles-of-europe-with-germany-and-france-2027,NEW,,,,,,,,,,,,,,,,,,,,,,,
NA,/vacation-packages/tours/christmas-markets-of-austria-and-bavaria,NEW,,,,,,,,,,,,,,,,,,,,,,,
NA,/vacation-packages/tours/christmas-markets-of-austria-germany-and-switzerland,NEW,,,,,,,,,,,,,,,,,,,,,,,
NA,/vacation-packages/tours/christmas-markets-of-croatia-slovenia-and-austria,NEW,,,,,,,,,,,,,,,,,,,,,,,
NA,/vacation-packages/tours/christmas-markets-of-germany,NEW,,,,,,,,,,,,,,,,,,,,,,,
NA,/vacation-packages/tours/christmas-markets-of-montreal-and-quebec-city,NEW,,,,,,,,,,,,,,,,,,,,,,,
NA,/vacation-packages/tours/christmas-markets-of-montreal-and-quebec-city-2026,NEW,,,,,,,,,,,,,,,,,,,,,,,
NA,/vacation-packages/tours/christmas-markets-of-montreal-and-quebec-city-2027,NEW,,,,,,,,,,,,,,,,,,,,,,,
NA,/vacation-packages/tours/christmas-markets-of-poland,NEW,,,,,,,,,,,,,,,,,,,,,,,
NA,/vacation-packages/tours/christmas-markets-of-poland-prague-and-germany,NEW,,,,,,,,,,,,,,,,,,,,,,,
NA,/vacation-packages/tours/christmas-on-the-danube-featuring-a-6-night-danube-river-cruise-2026-2026-11-28,NEW,,,,,,,,,,,,,,,,,,,,,,,
NA,/vacation-packages/tours/christmas-on-the-danube-featuring-a-6-night-danube-river-cruise-2026-2026-12-05,NEW,,,,,,,,,,,,,,,,,,,,,,,
NA,/vacation-packages/tours/christmas-on-the-danube-featuring-a-6-night-danube-river-cruise-2026-2026-12-07,NEW,,,,,,,,,,,,,,,,,,,,,,,
NA,/vacation-packages/tours/christmas-on-the-danube-featuring-a-6-night-danube-river-cruise-2026-2026-12-12,NEW,,,,,,,,,,,,,,,,,,,,,,,
NA,/vacation-packages/tours/christmas-on-the-danube-featuring-a-6-night-danube-river-cruise-2027-2027-12-06,NEW,,,,,,,,,,,,,,,,,,,,,,,
NA,/vacation-packages/tours/christmas-on-the-danube-featuring-a-6-night-danube-river-cruise-2027-2027-12-08,NEW,,,,,,,,,,,,,,,,,,,,,,,
NA,/vacation-packages/tours/christmas-on-the-danube-featuring-a-6-night-danube-river-cruise-2027-2027-12-13,NEW,,,,,,,,,,,,,,,,,,,,,,,
NA,/vacation-packages/tours/churchill-explorer,NEW,,,,,,,,,,,,,,,,,,,,,,,
NA,/vacation-packages/tours/cinque-terre,NEW,,,,,,,,,,,,,,,,,,,,,,,
NA,/vacation-packages/tours/classic-australia,NEW,,,,,,,,,,,,,,,,,,,,,,,
NA,/vacation-packages/tours/classic-china,NEW,,,,,,,,,,,,,,,,,,,,,,,
NA,/vacation-packages/tours/classic-churchill-polar-bear-adventure,NEW,,,,,,,,,,,,,,,,,,,,,,,
NA,/vacation-packages/tours/classic-costa-rica,NEW,,,,,,,,,,,,,,,,,,,,,,,
NA,/vacation-packages/tours/classic-india-with-tiger-reserve,NEW,,,,,,,,,,,,,,,,,,,,,,,
NA,/vacation-packages/tours/classic-india-with-tiger-reserve-a-women-only-tour,NEW,,,,,,,,,,,,,,,,,,,,,,,
NA,/vacation-packages/tours/classic-italy,NEW,,,,,,,,,,,,,,,,,,,,,,,
NA,/vacation-packages/tours/classic-italy-small-groups,NEW,,,,,,,,,,,,,,,,,,,,,,,
NA,/vacation-packages/tours/classic-japan,NEW,,,,,,,,,,,,,,,,,,,,,,,
NA,/vacation-packages/tours/classic-london-paris-by-rail,NEW,,,,,,,,,,,,,,,,,,,,,,,
NA,/vacation-packages/tours/classic-south-america,NEW,,,,,,,,,,,,,,,,,,,,,,,
NA,/vacation-packages/tours/classical-greece,NEW,,,,,,,,,,,,,,,,,,,,,,,
NA,/vacation-packages/tours/coastal-california-sequoia-national-park-featuring-san-diego-los-angeles-pismo-beach-2027,NEW,,,,,,,,,,,,,,,,,,,,,,,
NA,/vacation-packages/tours/coastal-charms-and-cultural-trails,NEW,,,,,,,,,,,,,,,,,,,,,,,
NA,/vacation-packages/tours/coasts-countrysides-of-england-featuring-the-royal-edinburgh-military-tattoo-liverpool-london-2026,NEW,,,,,,,,,,,,,,,,,,,,,,,
NA,/vacation-packages/tours/coasts-countrysides-of-england-with-edinburgh-liverpool-london-2025,NEW,,,,,,,,,,,,,,,,,,,,,,,
NA,/vacation-packages/tours/coasts-countrysides-of-england-with-edinburgh-liverpool-london-2026,NEW,,,,,,,,,,,,,,,,,,,,,,,
NA,/vacation-packages/tours/colombia-complete,NEW,,,,,,,,,,,,,,,,,,,,,,,
NA,/vacation-packages/tours/colombia-south-america-s-eternal-spring,NEW,,,,,,,,,,,,,,,,,,,,,,,
NA,/vacation-packages/tours/colors-of-morocco-2025,NEW,,,,,,,,,,,,,,,,,,,,,,,
NA,/vacation-packages/tours/colors-of-morocco-2026,NEW,,,,,,,,,,,,,,,,,,,,,,,
NA,/vacation-packages/tours/colors-of-morocco-2027,NEW,,,,,,,,,,,,,,,,,,,,,,,
NA,/vacation-packages/tours/colors-of-new-england-2026,NEW,,,,,,,,,,,,,,,,,,,,,,,
NA,/vacation-packages/tours/colourful-trails-of-the-southwest-2026-04-19,NEW,,,,,,,,,,,,,,,,,,,,,,,
NA,/vacation-packages/tours/colourful-trails-of-the-southwest-2026-05-03,NEW,,,,,,,,,,,,,,,,,,,,,,,
NA,/vacation-packages/tours/colours-of-sicily,NEW,,,,,,,,,,,,,,,,,,,,,,,
NA,/vacation-packages/tours/complete-patagonia-mountains-glaciers,NEW,,,,,,,,,,,,,,,,,,,,,,,
NA,/vacation-packages/tours/complete-scotland-by-rail,NEW,,,,,,,,,,,,,,,,,,,,,,,
NA,/vacation-packages/tours/contrasts-of-australia-2026-08-27,NEW,,,,,,,,,,,,,,,,,,,,,,,
NA,/vacation-packages/tours/contrasts-of-australia-2026-08-27-92_300_ACANAM26,NEW,,,,,,,,,,,,,,,,,,,,,,,
NA,/vacation-packages/tours/contrasts-of-australia-and-new-zealand-2026-08-27,NEW,,,,,,,,,,,,,,,,,,,,,,,
NA,/vacation-packages/tours/contrasts-of-australia-and-new-zealand-2026-08-27-91_1330_QCANA1M26,NEW,,,,,,,,,,,,,,,,,,,,,,,
NA,/vacation-packages/tours/contrasts-of-brazil-argentina,NEW,,,,,,,,,,,,,,,,,,,,,,,
NA,/vacation-packages/tours/contrasts-of-italy,NEW,,,,,,,,,,,,,,,,,,,,,,,
NA,/vacation-packages/tours/contrasts-of-new-zealand-2026-04-17,NEW,,,,,,,,,,,,,,,,,,,,,,,
NA,/vacation-packages/tours/contrasts-of-new-zealand-2026-04-17-377_639_IZANBM26,NEW,,,,,,,,,,,,,,,,,,,,,,,
NA,/vacation-packages/tours/contrasts-of-switzerland,NEW,,,,,,,,,,,,,,,,,,,,,,,
NA,/vacation-packages/tours/cordoba,NEW,,,,,,,,,,,,,,,,,,,,,,,
NA,/vacation-packages/tours/costa-del-sol-long-stay,NEW,,,,,,,,,,,,,,,,,,,,,,,
NA,/vacation-packages/tours/costa-rica-a-world-of-nature-featuring-tortuguero-national-park-arenal-volcano-manuel-antonio-national-park-2025,NEW,,,,,,,,,,,,,,,,,,,,,,,
NA,/vacation-packages/tours/costa-rica-a-world-of-nature-featuring-tortuguero-national-park-arenal-volcano-manuel-antonio-national-park-2026,NEW,,,,,,,,,,,,,,,,,,,,,,,
NA,/vacation-packages/tours/costa-rica-a-world-of-nature-featuring-tortuguero-national-park-arenal-volcano-manuel-antonio-national-park-2027,NEW,,,,,,,,,,,,,,,,,,,,,,,
NA,/vacation-packages/tours/costa-rica-adventure,NEW,,,,,,,,,,,,,,,,,,,,,,,
NA,/vacation-packages/tours/costa-rica-jungles-rainforests-2026-04-12,NEW,,,,,,,,,,,,,,,,,,,,,,,
NA,/vacation-packages/tours/costa-rica-jungles-rainforests-2027-02-14,NEW,,,,,,,,,,,,,,,,,,,,,,,
NA,/vacation-packages/tours/costa-rica-mountains-to-sea,NEW,,,,,,,,,,,,,,,,,,,,,,,
NA,/vacation-packages/tours/costa-rica-national-parks,NEW,,,,,,,,,,,,,,,,,,,,,,,
NA,/vacation-packages/tours/costa-rica-nature-adventure,NEW,,,,,,,,,,,,,,,,,,,,,,,
NA,/vacation-packages/tours/costa-rica-quest,NEW,,,,,,,,,,,,,,,,,,,,,,,
NA,/vacation-packages/tours/country-roads-of-bavaria-switzerland-austria,NEW,,,,,,,,,,,,,,,,,,,,,,,
NA,/vacation-packages/tours/country-roads-of-belgium-luxembourg-the-netherlands-2026-04-11,NEW,,,,,,,,,,,,,,,,,,,,,,,
NA,/vacation-packages/tours/country-roads-of-belgium-luxembourg-the-netherlands-2026-04-18,NEW,,,,,,,,,,,,,,,,,,,,,,,
NA,/vacation-packages/tours/country-roads-of-central-europe,NEW,,,,,,,,,,,,,,,,,,,,,,,
NA,/vacation-packages/tours/country-roads-of-croatia,NEW,,,,,,,,,,,,,,,,,,,,,,,
NA,/vacation-packages/tours/country-roads-of-france,NEW,,,,,,,,,,,,,,,,,,,,,,,
NA,/vacation-packages/tours/country-roads-of-ireland,NEW,,,,,,,,,,,,,,,,,,,,,,,
NA,/vacation-packages/tours/country-roads-of-italy-a-women-only-tour,NEW,,,,,,,,,,,,,,,,,,,,,,,
NA,/vacation-packages/tours/country-roads-of-northern-italy,NEW,,,,,,,,,,,,,,,,,,,,,,,
NA,/vacation-packages/tours/country-roads-of-portugal-a-women-only-tour,NEW,,,,,,,,,,,,,,,,,,,,,,,
NA,/vacation-packages/tours/country-roads-of-scandinavia,NEW,,,,,,,,,,,,,,,,,,,,,,,
NA,/vacation-packages/tours/country-roads-of-scotland,NEW,,,,,,,,,,,,,,,,,,,,,,,
NA,/vacation-packages/tours/country-roads-of-southern-italy,NEW,,,,,,,,,,,,,,,,,,,,,,,
NA,/vacation-packages/tours/country-roads-of-southern-italy-and-sicily,NEW,,,,,,,,,,,,,,,,,,,,,,,
NA,/vacation-packages/tours/country-roads-of-switzerland,NEW,,,,,,,,,,,,,,,,,,,,,,,
NA,/vacation-packages/tours/country-roads-of-tuscany-central-italy,NEW,,,,,,,,,,,,,,,,,,,,,,,
NA,/vacation-packages/tours/country-roads-of-wales-devon-cornwall-2026-05-02,NEW,,,,,,,,,,,,,,,,,,,,,,,
NA,/vacation-packages/tours/country-roads-of-wales-devon-cornwall-2026-05-09,NEW,,,,,,,,,,,,,,,,,,,,,,,
NA,/vacation-packages/tours/countryside-of-the-emerald-isle-2025,NEW,,,,,,,,,,,,,,,,,,,,,,,
NA,/vacation-packages/tours/countryside-of-the-emerald-isle-2026,NEW,,,,,,,,,,,,,,,,,,,,,,,
NA,/vacation-packages/tours/cowboy-country,NEW,,,,,,,,,,,,,,,,,,,,,,,
NA,/vacation-packages/tours/croatia-and-the-dalmatian-coast,NEW,,,,,,,,,,,,,,,,,,,,,,,
NA,/vacation-packages/tours/croatia-island-explorer,NEW,,,,,,,,,,,,,,,,,,,,,,,
NA,/vacation-packages/tours/croatia-island-sail,NEW,,,,,,,,,,,,,,,,,,,,,,,
NA,/vacation-packages/tours/croatia-its-islands-small-ship-cruising-on-the-adriatic-coast-2025-2026-04-21,NEW,,,,,,,,,,,,,,,,,,,,,,,
NA,/vacation-packages/tours/croatia-its-islands-small-ship-cruising-on-the-adriatic-coast-2025-2026-05-01,NEW,,,,,,,,,,,,,,,,,,,,,,,
NA,/vacation-packages/tours/croatia-its-islands-small-ship-cruising-on-the-adriatic-coast-2026-2026-06-17,NEW,,,,,,,,,,,,,,,,,,,,,,,
NA,/vacation-packages/tours/croatia-its-islands-small-ship-cruising-on-the-adriatic-coast-2026-2026-07-11,NEW,,,,,,,,,,,,,,,,,,,,,,,
NA,/vacation-packages/tours/croatia-its-islands-small-ship-cruising-on-the-adriatic-coast-2027-2027-07-07,NEW,,,,,,,,,,,,,,,,,,,,,,,
NA,/vacation-packages/tours/croatia-its-islands-small-ship-cruising-on-the-adriatic-coast-2027-2027-07-17,NEW,,,,,,,,,,,,,,,,,,,,,,,
NA,/vacation-packages/tours/croatia-long-stay,NEW,,,,,,,,,,,,,,,,,,,,,,,
NA,/vacation-packages/tours/croatia-s-dalmatian-coast,NEW,,,,,,,,,,,,,,,,,,,,,,,
NA,/vacation-packages/tours/croatian-coast-family-voyage,NEW,,,,,,,,,,,,,,,,,,,,,,,
NA,/vacation-packages/tours/cruising-the-baltic-sea-northbound,NEW,,,,,,,,,,,,,,,,,,,,,,,
NA,/vacation-packages/tours/cruising-the-baltic-sea-southbound,NEW,,,,,,,,,,,,,,,,,,,,,,,
NA,/vacation-packages/tours/cruising-the-douro-river-valley,NEW,,,,,,,,,,,,,,,,,,,,,,,
NA,/vacation-packages/tours/cruising-the-galapagos-islands,NEW,,,,,,,,,,,,,,,,,,,,,,,
NA,/vacation-packages/tours/cruising-the-great-lakes-chicago-to-toronto-eastbound-2026-09-01,NEW,,,,,,,,,,,,,,,,,,,,,,,
NA,/vacation-packages/tours/cruising-the-great-lakes-chicago-to-toronto-eastbound-2027-09-03,NEW,,,,,,,,,,,,,,,,,,,,,,,
NA,/vacation-packages/tours/cruising-the-great-lakes-toronto-to-chicago-westbound,NEW,,,,,,,,,,,,,,,,,,,,,,,
NA,/vacation-packages/tours/cruising-the-seine-plus-paris-london-2026-04-11,NEW,,,,,,,,,,,,,,,,,,,,,,,
NA,/vacation-packages/tours/cruising-the-seine-plus-paris-london-2026-05-10,NEW,,,,,,,,,,,,,,,,,,,,,,,
NA,/vacation-packages/tours/cruising-the-seine-plus-paris-london-2027-04-09,NEW,,,,,,,,,,,,,,,,,,,,,,,
NA,/vacation-packages/tours/cuba-a-cultural-odyssey-2026-10-04,NEW,,,,,,,,,,,,,,,,,,,,,,,
NA,/vacation-packages/tours/cuba-a-cultural-odyssey-2027-01-17,NEW,,,,,,,,,,,,,,,,,,,,,,,
NA,/vacation-packages/tours/cuba-inside-out,NEW,,,,,,,,,,,,,,,,,,,,,,,
NA,/vacation-packages/tours/cultural-capitals-of-asia-br-font-size-4-hong-kong-bangkok-angkor-wat-singapore-font,NEW,,,,,,,,,,,,,,,,,,,,,,,
NA,/vacation-packages/tours/cultural-treasures-of-japan-2025,NEW,,,,,,,,,,,,,,,,,,,,,,,
NA,/vacation-packages/tours/cultural-treasures-of-japan-2026,NEW,,,,,,,,,,,,,,,,,,,,,,,
NA,/vacation-packages/tours/culture-and-coastlines-in-morocco,NEW,,,,,,,,,,,,,,,,,,,,,,,
NA,/vacation-packages/tours/cuzco-and-rainbow-mountain,NEW,,,,,,,,,,,,,,,,,,,,,,,
NA,/vacation-packages/tours/cycle-loire-valley,NEW,,,,,,,,,,,,,,,,,,,,,,,
NA,/vacation-packages/tours/cycle-northern-france-brittany-to-normandy,NEW,,,,,,,,,,,,,,,,,,,,,,,
NA,/vacation-packages/tours/cycling-croatia-dalmatian-coast,NEW,,,,,,,,,,,,,,,,,,,,,,,
NA,/vacation-packages/tours/dalmatian-elegance,NEW,,,,,,,,,,,,,,,,,,,,,,,
NA,/vacation-packages/tours/deals,NEW,,,,,,,,,,,,,,,,,,,,,,,
NA,/vacation-packages/tours/delhi-taj-mahal,NEW,,,,,,,,,,,,,,,,,,,,,,,
NA,/vacation-packages/tours/deluxe-thailand-bangkok-chiang-mai-phuket,NEW,,,,,,,,,,,,,,,,,,,,,,,
NA,/vacation-packages/tours/denver-to-salt-lake-city-with-canyon-spirit-westbound,NEW,,,,,,,,,,,,,,,,,,,,,,,
NA,/vacation-packages/tours/discover-cairns-great-barrier-reef,NEW,,,,,,,,,,,,,,,,,,,,,,,
NA,/vacation-packages/tours/discover-croatia-slovenia-and-the-adriatic-coast-2025,NEW,,,,,,,,,,,,,,,,,,,,,,,
NA,/vacation-packages/tours/discover-croatia-slovenia-and-the-adriatic-coast-2026,NEW,,,,,,,,,,,,,,,,,,,,,,,
NA,/vacation-packages/tours/discover-croatia-slovenia-and-the-adriatic-coast-2027,NEW,,,,,,,,,,,,,,,,,,,,,,,
NA,/vacation-packages/tours/discover-japan,NEW,,,,,,,,,,,,,,,,,,,,,,,
NA,/vacation-packages/tours/discover-scotland-2025,NEW,,,,,,,,,,,,,,,,,,,,,,,
NA,/vacation-packages/tours/discover-scotland-2026,NEW,,,,,,,,,,,,,,,,,,,,,,,
NA,/vacation-packages/tours/discover-scotland-featuring-the-royal-edinburgh-military-tattoo-2026,NEW,,,,,,,,,,,,,,,,,,,,,,,
NA,/vacation-packages/tours/discover-south-korea,NEW,,,,,,,,,,,,,,,,,,,,,,,
NA,/vacation-packages/tours/discover-switzerland-austria-bavaria-2025,NEW,,,,,,,,,,,,,,,,,,,,,,,
NA,/vacation-packages/tours/discover-switzerland-austria-bavaria-2026,NEW,,,,,,,,,,,,,,,,,,,,,,,
NA,/vacation-packages/tours/discover-switzerland-austria-bavaria-2027,NEW,,,,,,,,,,,,,,,,,,,,,,,
NA,/vacation-packages/tours/discover-switzerland-austria-bavaria-featuring-oktoberfest-2026,NEW,,,,,,,,,,,,,,,,,,,,,,,
NA,/vacation-packages/tours/discover-switzerland-austria-bavaria-featuring-oktoberfest-2027,NEW,,,,,,,,,,,,,,,,,,,,,,,
NA,/vacation-packages/tours/douro-discovery-a-family-river-cruise-in-portugal-plus-madrid-2026-07-15,NEW,,,,,,,,,,,,,,,,,,,,,,,
NA,/vacation-packages/tours/douro-discovery-a-family-river-cruise-in-portugal-plus-madrid-2027-06-17,NEW,,,,,,,,,,,,,,,,,,,,,,,
NA,/vacation-packages/tours/dubai-abu-dhabi,NEW,,,,,,,,,,,,,,,,,,,,,,,
NA,/vacation-packages/tours/dubai-stopover,NEW,,,,,,,,,,,,,,,,,,,,,,,
NA,/vacation-packages/tours/east-coast-usa-and-canada,NEW,,,,,,,,,,,,,,,,,,,,,,,
NA,/vacation-packages/tours/easter-island-patagonia,NEW,,,,,,,,,,,,,,,,,,,,,,,
NA,/vacation-packages/tours/eastern-canada-adventure,NEW,,,,,,,,,,,,,,,,,,,,,,,
NA,/vacation-packages/tours/eastern-canada-by-rail,NEW,,,,,,,,,,,,,,,,,,,,,,,
NA,/vacation-packages/tours/eastern-capitals-the-dalmatian-riviera,NEW,,,,,,,,,,,,,,,,,,,,,,,
NA,/vacation-packages/tours/eastern-europe-sampler,NEW,,,,,,,,,,,,,,,,,,,,,,,
NA,/vacation-packages/tours/eastern-galapagos-cruise-quito,NEW,,,,,,,,,,,,,,,,,,,,,,,
NA,/vacation-packages/tours/easy-pace-budapest-vienna-prague,NEW,,,,,,,,,,,,,,,,,,,,,,,
NA,/vacation-packages/tours/easy-pace-malta,NEW,,,,,,,,,,,,,,,,,,,,,,,
NA,/vacation-packages/tours/easy-pace-spain,NEW,,,,,,,,,,,,,,,,,,,,,,,
NA,/vacation-packages/tours/ecuador-and-galapagos-island-hopper,NEW,,,,,,,,,,,,,,,,,,,,,,,
NA,/vacation-packages/tours/ecuador-in-a-week,NEW,,,,,,,,,,,,,,,,,,,,,,,
NA,/vacation-packages/tours/ecuador-s-mashpi-lodge,NEW,,,,,,,,,,,,,,,,,,,,,,,
NA,/vacation-packages/tours/edinburgh-for-hogmanay-nye,NEW,,,,,,,,,,,,,,,,,,,,,,,
NA,/vacation-packages/tours/egypt-and-the-nile,NEW,,,,,,,,,,,,,,,,,,,,,,,
NA,/vacation-packages/tours/egypt-by-land,NEW,,,,,,,,,,,,,,,,,,,,,,,
NA,/vacation-packages/tours/egypt-explorer-with-nile-cruise,NEW,,,,,,,,,,,,,,,,,,,,,,,
NA,/vacation-packages/tours/egypt-jewels-of-the-nile-2026-04-12,NEW,,,,,,,,,,,,,,,,,,,,,,,
NA,/vacation-packages/tours/egypt-jewels-of-the-nile-2027-02-28,NEW,,,,,,,,,,,,,,,,,,,,,,,
NA,/vacation-packages/tours/el-calafate-3-day-tour,NEW,,,,,,,,,,,,,,,,,,,,,,,
NA,/vacation-packages/tours/el-calafate-4-day-tour,NEW,,,,,,,,,,,,,,,,,,,,,,,
NA,/vacation-packages/tours/elegance-of-great-britain,NEW,,,,,,,,,,,,,,,,,,,,,,,
NA,/vacation-packages/tours/enchanting-canadian-maritimes,NEW,,,,,,,,,,,,,,,,,,,,,,,
NA,/vacation-packages/tours/enchanting-canyonlands,NEW,,,,,,,,,,,,,,,,,,,,,,,
NA,/vacation-packages/tours/enchanting-capitals-of-eastern-europe,NEW,,,,,,,,,,,,,,,,,,,,,,,
NA,/vacation-packages/tours/enchanting-christmas-markets-of-germany-switzerland-and-france-2026,NEW,,,,,,,,,,,,,,,,,,,,,,,
NA,/vacation-packages/tours/enchanting-colombia,NEW,,,,,,,,,,,,,,,,,,,,,,,
NA,/vacation-packages/tours/enchanting-fjords-charming-cities-unforgettable-norway,NEW,,,,,,,,,,,,,,,,,,,,,,,
NA,/vacation-packages/tours/enchanting-ireland,NEW,,,,,,,,,,,,,,,,,,,,,,,
NA,/vacation-packages/tours/enchanting-sicily,NEW,,,,,,,,,,,,,,,,,,,,,,,
NA,/vacation-packages/tours/enchantments-of-japan,NEW,,,,,,,,,,,,,,,,,,,,,,,
NA,/vacation-packages/tours/england-and-scotland,NEW,,,,,,,,,,,,,,,,,,,,,,,
NA,/vacation-packages/tours/england-and-scotland-35-to-45,NEW,,,,,,,,,,,,,,,,,,,,,,,
NA,/vacation-packages/tours/england-and-scotland-heritage,NEW,,,,,,,,,,,,,,,,,,,,,,,
NA,/vacation-packages/tours/england-and-the-west-country,NEW,,,,,,,,,,,,,,,,,,,,,,,
NA,/vacation-packages/tours/england-in-a-week,NEW,,,,,,,,,,,,,,,,,,,,,,,
NA,/vacation-packages/tours/england-in-a-week-35-to-45,NEW,,,,,,,,,,,,,,,,,,,,,,,
NA,/vacation-packages/tours/england-scotland-wales,NEW,,,,,,,,,,,,,,,,,,,,,,,
NA,/vacation-packages/tours/english-adventure,NEW,,,,,,,,,,,,,,,,,,,,,,,
NA,/vacation-packages/tours/essence-of-eastern-canada,NEW,,,,,,,,,,,,,,,,,,,,,,,
NA,/vacation-packages/tours/essence-of-france-paris-provence-the-french-riviera-2025,NEW,,,,,,,,,,,,,,,,,,,,,,,
NA,/vacation-packages/tours/essence-of-india,NEW,,,,,,,,,,,,,,,,,,,,,,,
NA,/vacation-packages/tours/essence-of-japan-2026-04-11,NEW,,,,,,,,,,,,,,,,,,,,,,,
NA,/vacation-packages/tours/essence-of-japan-2027-02-20,NEW,,,,,,,,,,,,,,,,,,,,,,,
NA,/vacation-packages/tours/essence-of-new-zealand,NEW,,,,,,,,,,,,,,,,,,,,,,,
NA,/vacation-packages/tours/essence-of-south-africa,NEW,,,,,,,,,,,,,,,,,,,,,,,
NA,/vacation-packages/tours/essence-of-south-america-2026-09-12,NEW,,,,,,,,,,,,,,,,,,,,,,,
NA,/vacation-packages/tours/essence-of-south-america-2027-01-09,NEW,,,,,,,,,,,,,,,,,,,,,,,
NA,/vacation-packages/tours/essence-of-the-danube-eastbound,NEW,,,,,,,,,,,,,,,,,,,,,,,
NA,/vacation-packages/tours/essence-of-the-danube-westbound,NEW,,,,,,,,,,,,,,,,,,,,,,,
NA,/vacation-packages/tours/essence-of-the-douro,NEW,,,,,,,,,,,,,,,,,,,,,,,
NA,/vacation-packages/tours/essence-of-the-seine-2026-11-12,NEW,,,,,,,,,,,,,,,,,,,,,,,
NA,/vacation-packages/tours/essence-of-the-seine-2027-03-27,NEW,,,,,,,,,,,,,,,,,,,,,,,
NA,/vacation-packages/tours/essential-australia,NEW,,,,,,,,,,,,,,,,,,,,,,,
NA,/vacation-packages/tours/essential-new-zealand-with-airfare,NEW,,,,,,,,,,,,,,,,,,,,,,,
NA,/vacation-packages/tours/essential-south-america-featuring-chile-the-mendoza-wine-region-buenos-aires-2025,NEW,,,,,,,,,,,,,,,,,,,,,,,
NA,/vacation-packages/tours/essential-south-america-featuring-chile-the-mendoza-wine-region-buenos-aires-2026,NEW,,,,,,,,,,,,,,,,,,,,,,,
NA,/vacation-packages/tours/essential-thailand,NEW,,,,,,,,,,,,,,,,,,,,,,,
NA,/vacation-packages/tours/eternal-india,NEW,,,,,,,,,,,,,,,,,,,,,,,
NA,/vacation-packages/tours/europe-the-grand-tour-2025,NEW,,,,,,,,,,,,,,,,,,,,,,,
NA,/vacation-packages/tours/european-accent,NEW,,,,,,,,,,,,,,,,,,,,,,,
NA,/vacation-packages/tours/european-adventurer,NEW,,,,,,,,,,,,,,,,,,,,,,,
NA,/vacation-packages/tours/european-affair-and-chelsea-flower-show,NEW,,,,,,,,,,,,,,,,,,,,,,,
NA,/vacation-packages/tours/european-cavalcade,NEW,,,,,,,,,,,,,,,,,,,,,,,
NA,/vacation-packages/tours/european-christmas-markets-featuring-prague-vienna-budapest-2026,NEW,,,,,,,,,,,,,,,,,,,,,,,
NA,/vacation-packages/tours/european-discoverer,NEW,,,,,,,,,,,,,,,,,,,,,,,
NA,/vacation-packages/tours/european-discovery-2026-04-23,NEW,,,,,,,,,,,,,,,,,,,,,,,
NA,/vacation-packages/tours/european-discovery-2026-05-07,NEW,,,,,,,,,,,,,,,,,,,,,,,
NA,/vacation-packages/tours/european-dream-2026-04-27,NEW,,,,,,,,,,,,,,,,,,,,,,,
NA,/vacation-packages/tours/european-dream-2026-05-04,NEW,,,,,,,,,,,,,,,,,,,,,,,
NA,/vacation-packages/tours/european-encounter,NEW,,,,,,,,,,,,,,,,,,,,,,,
NA,/vacation-packages/tours/european-escapade,NEW,,,,,,,,,,,,,,,,,,,,,,,
NA,/vacation-packages/tours/european-experience,NEW,,,,,,,,,,,,,,,,,,,,,,,
NA,/vacation-packages/tours/european-grandeur,NEW,,,,,,,,,,,,,,,,,,,,,,,
NA,/vacation-packages/tours/european-highlights-2026-04-20,NEW,,,,,,,,,,,,,,,,,,,,,,,
NA,/vacation-packages/tours/european-highlights-2026-04-29,NEW,,,,,,,,,,,,,,,,,,,,,,,
NA,/vacation-packages/tours/european-horizon,NEW,,,,,,,,,,,,,,,,,,,,,,,
NA,/vacation-packages/tours/european-quest,NEW,,,,,,,,,,,,,,,,,,,,,,,
NA,/vacation-packages/tours/european-rhapsody,NEW,,,,,,,,,,,,,,,,,,,,,,,
NA,/vacation-packages/tours/european-splendour,NEW,,,,,,,,,,,,,,,,,,,,,,,
NA,/vacation-packages/tours/european-trail,NEW,,,,,,,,,,,,,,,,,,,,,,,
NA,/vacation-packages/tours/european-traveller,NEW,,,,,,,,,,,,,,,,,,,,,,,
NA,/vacation-packages/tours/european-whirl-2026-04-20,NEW,,,,,,,,,,,,,,,,,,,,,,,
NA,/vacation-packages/tours/european-whirl-2026-04-26,NEW,,,,,,,,,,,,,,,,,,,,,,,
NA,/vacation-packages/tours/european-wonderland,NEW,,,,,,,,,,,,,,,,,,,,,,,
NA,/vacation-packages/tours/expedition-into-the-amazon-cruise-iguassu-falls-4-night-cruise,NEW,,,,,,,,,,,,,,,,,,,,,,,
NA,/vacation-packages/tours/expedition-into-the-amazon-cruise-iguassu-falls-6-night-cruise,NEW,,,,,,,,,,,,,,,,,,,,,,,
NA,/vacation-packages/tours/explore-machu-picchu,NEW,,,,,,,,,,,,,,,,,,,,,,,
NA,/vacation-packages/tours/explore-vietnam,NEW,,,,,,,,,,,,,,,,,,,,,,,
NA,/vacation-packages/tours/exploring-britain-and-ireland-featuring-england-ireland-scotland-and-wales-2025,NEW,,,,,,,,,,,,,,,,,,,,,,,
NA,/vacation-packages/tours/exploring-britain-and-ireland-featuring-england-ireland-scotland-and-wales-2026,NEW,,,,,,,,,,,,,,,,,,,,,,,
NA,/vacation-packages/tours/exploring-britain-ireland-featuring-the-royal-edinburgh-military-tattoo-2026,NEW,,,,,,,,,,,,,,,,,,,,,,,
NA,/vacation-packages/tours/exploring-greece-and-its-islands-featuring-classical-greece-mykonos-santorini-2025,NEW,,,,,,,,,,,,,,,,,,,,,,,
NA,/vacation-packages/tours/exploring-greece-and-its-islands-featuring-classical-greece-mykonos-santorini-2026,NEW,,,,,,,,,,,,,,,,,,,,,,,
NA,/vacation-packages/tours/exploring-iberia-southern-spain-to-coastal-portugal-2025,NEW,,,,,,,,,,,,,,,,,,,,,,,
NA,/vacation-packages/tours/exploring-iberia-southern-spain-to-coastal-portugal-2026,NEW,,,,,,,,,,,,,,,,,,,,,,,
NA,/vacation-packages/tours/exploring-new-zealand-s-wonders-featuring-the-north-south-islands-2025,NEW,,,,,,,,,,,,,,,,,,,,,,,
NA,/vacation-packages/tours/exploring-new-zealand-s-wonders-featuring-the-north-south-islands-2026,NEW,,,,,,,,,,,,,,,,,,,,,,,
NA,/vacation-packages/tours/exploring-scotland-ireland-2025,NEW,,,,,,,,,,,,,,,,,,,,,,,
NA,/vacation-packages/tours/exploring-scotland-ireland-2026,NEW,,,,,,,,,,,,,,,,,,,,,,,
NA,/vacation-packages/tours/exploring-scotland-ireland-featuring-the-royal-edinburgh-military-tattoo-2026,NEW,,,,,,,,,,,,,,,,,,,,,,,
NA,/vacation-packages/tours/exploring-south-africa-victoria-falls-and-botswana-2026,NEW,,,,,,,,,,,,,,,,,,,,,,,
NA,/vacation-packages/tours/exploring-south-africa-victoria-falls-and-botswana-2027,NEW,,,,,,,,,,,,,,,,,,,,,,,
NA,/vacation-packages/tours/exploring-south-africa-victoria-falls-botswana-2025,NEW,,,,,,,,,,,,,,,,,,,,,,,
NA,/vacation-packages/tours/exploring-the-alpine-countries-austria-germany-switzerland-2025,NEW,,,,,,,,,,,,,,,,,,,,,,,
NA,/vacation-packages/tours/exploring-the-alpine-countries-austria-germany-switzerland-2026,NEW,,,,,,,,,,,,,,,,,,,,,,,
NA,/vacation-packages/tours/exploring-the-douro-plus-lisbon-madrid-eastbound,NEW,,,,,,,,,,,,,,,,,,,,,,,
NA,/vacation-packages/tours/exploring-the-douro-plus-lisbon-madrid-westbound,NEW,,,,,,,,,,,,,,,,,,,,,,,
NA,/vacation-packages/tours/exploring-the-douro-plus-madrid-eastbound,NEW,,,,,,,,,,,,,,,,,,,,,,,
NA,/vacation-packages/tours/exploring-the-douro-plus-madrid-westbound,NEW,,,,,,,,,,,,,,,,,,,,,,,
NA,/vacation-packages/tours/fall-colours-of-new-england,NEW,,,,,,,,,,,,,,,,,,,,,,,
NA,/vacation-packages/tours/family-fun-along-the-seine-paris-to-normandy-2026-06-18,NEW,,,,,,,,,,,,,,,,,,,,,,,
NA,/vacation-packages/tours/family-fun-along-the-seine-paris-to-normandy-2026-07-10,NEW,,,,,,,,,,,,,,,,,,,,,,,
NA,/vacation-packages/tours/family-fun-along-the-seine-paris-to-normandy-2027-06-16,NEW,,,,,,,,,,,,,,,,,,,,,,,
NA,/vacation-packages/tours/fiji-unplugged-outrigger-all-inclusive-experience-with-airfare,NEW,,,,,,,,,,,,,,,,,,,,,,,
NA,/vacation-packages/tours/finland-s-lapland,NEW,,,,,,,,,,,,,,,,,,,,,,,
NA,/vacation-packages/tours/finnish-wilderness-week,NEW,,,,,,,,,,,,,,,,,,,,,,,
NA,/vacation-packages/tours/fire-and-ice,NEW,,,,,,,,,,,,,,,,,,,,,,,
NA,/vacation-packages/tours/five-epic-national-parks,NEW,,,,,,,,,,,,,,,,,,,,,,,
NA,/vacation-packages/tours/flames-or-oilers-game-and-hotel-packages,NEW,,,,,,,,,,,,,,,,,,,,,,,
NA,/vacation-packages/tours/flavors-and-traditions-of-japan,NEW,,,,,,,,,,,,,,,,,,,,,,,
NA,/vacation-packages/tours/flavors-of-chile-argentina-featuring-the-mendoza-wine-region-2027,NEW,,,,,,,,,,,,,,,,,,,,,,,
NA,/vacation-packages/tours/flavors-of-portugal-spain,NEW,,,,,,,,,,,,,,,,,,,,,,,
NA,/vacation-packages/tours/flavors-of-portugal-spain-featuring-the-douro-and-rioja-wine-regions-2025,NEW,,,,,,,,,,,,,,,,,,,,,,,
NA,/vacation-packages/tours/flavors-of-portugal-spain-featuring-the-douro-and-rioja-wine-regions-2026,NEW,,,,,,,,,,,,,,,,,,,,,,,
NA,/vacation-packages/tours/flavours-vistas-of-madeira,NEW,,,,,,,,,,,,,,,,,,,,,,,
NA,/vacation-packages/tours/florence,NEW,,,,,,,,,,,,,,,,,,,,,,,
NA,/vacation-packages/tours/florence-the-tuscan-hills,NEW,,,,,,,,,,,,,,,,,,,,,,,
NA,/vacation-packages/tours/focus-on-ireland,NEW,,,,,,,,,,,,,,,,,,,,,,,
NA,/vacation-packages/tours/focus-on-ireland-premium,NEW,,,,,,,,,,,,,,,,,,,,,,,
NA,/vacation-packages/tours/food-and-wine-in-a-french-chateau,NEW,,,,,,,,,,,,,,,,,,,,,,,
NA,/vacation-packages/tours/france-in-a-week,NEW,,,,,,,,,,,,,,,,,,,,,,,
NA,/vacation-packages/tours/france-magnifique-2025,NEW,,,,,,,,,,,,,,,,,,,,,,,
NA,/vacation-packages/tours/france-magnifique-2026,NEW,,,,,,,,,,,,,,,,,,,,,,,
NA,/vacation-packages/tours/french-christmas-markets,NEW,,,,,,,,,,,,,,,,,,,,,,,
NA,/vacation-packages/tours/french-christmas-markets-35-to-45,NEW,,,,,,,,,,,,,,,,,,,,,,,
NA,/vacation-packages/tours/french-escapade-paris-to-the-riviera-southbound,NEW,,,,,,,,,,,,,,,,,,,,,,,
NA,/vacation-packages/tours/french-escapade-the-riviera-to-paris-northbound,NEW,,,,,,,,,,,,,,,,,,,,,,,
NA,/vacation-packages/tours/french-heritage,NEW,,,,,,,,,,,,,,,,,,,,,,,
NA,/vacation-packages/tours/from-dublin-to-london,NEW,,,,,,,,,,,,,,,,,,,,,,,
NA,/vacation-packages/tours/from-japan-s-inland-sea-to-the-alps,NEW,,,,,,,,,,,,,,,,,,,,,,,
NA,/vacation-packages/tours/galapagos-island-hopper,NEW,,,,,,,,,,,,,,,,,,,,,,,
NA,/vacation-packages/tours/galapagos-the-rainforest,NEW,,,,,,,,,,,,,,,,,,,,,,,
NA,/vacation-packages/tours/galapagos-wildlife-wonderland-2026-06-13,NEW,,,,,,,,,,,,,,,,,,,,,,,
NA,/vacation-packages/tours/galapagos-wildlife-wonderland-2027-06-22,NEW,,,,,,,,,,,,,,,,,,,,,,,
NA,/vacation-packages/tours/garden-route-and-addo,NEW,,,,,,,,,,,,,,,,,,,,,,,
NA,/vacation-packages/tours/garden-route-and-addo-35-to-45,NEW,,,,,,,,,,,,,,,,,,,,,,,
NA,/vacation-packages/tours/geluxe-south-africa-kruger,NEW,,,,,,,,,,,,,,,,,,,,,,,
NA,/vacation-packages/tours/gems-of-central-europe-by-rail,NEW,,,,,,,,,,,,,,,,,,,,,,,
NA,/vacation-packages/tours/gems-of-greece-athens-naxos-crete-2025,NEW,,,,,,,,,,,,,,,,,,,,,,,
NA,/vacation-packages/tours/gems-of-greece-athens-naxos-crete-2026,NEW,,,,,,,,,,,,,,,,,,,,,,,
NA,/vacation-packages/tours/german-christmas-markets-2026-11-29,NEW,,,,,,,,,,,,,,,,,,,,,,,
NA,/vacation-packages/tours/german-christmas-markets-2026-12-05,NEW,,,,,,,,,,,,,,,,,,,,,,,
NA,/vacation-packages/tours/gladiators-gondolas-and-gold,NEW,,,,,,,,,,,,,,,,,,,,,,,
NA,/vacation-packages/tours/glimpse-of-europe,NEW,,,,,,,,,,,,,,,,,,,,,,,
NA,/vacation-packages/tours/glories-of-greece,NEW,,,,,,,,,,,,,,,,,,,,,,,
NA,/vacation-packages/tours/glorious-switzerland,NEW,,,,,,,,,,,,,,,,,,,,,,,
NA,/vacation-packages/tours/golden-gate-wine-country,NEW,,,,,,,,,,,,,,,,,,,,,,,
NA,/vacation-packages/tours/golf-and-stay-in-costa-del-sol,NEW,,,,,,,,,,,,,,,,,,,,,,,
NA,/vacation-packages/tours/golf-in-the-algarve,NEW,,,,,,,,,,,,,,,,,,,,,,,
NA,/vacation-packages/tours/gorillas-game-parks,NEW,,,,,,,,,,,,,,,,,,,,,,,
NA,/vacation-packages/tours/gorillas-of-rwanda,NEW,,,,,,,,,,,,,,,,,,,,,,,
NA,/vacation-packages/tours/grand-adventure-circle-journey,NEW,,,,,,,,,,,,,,,,,,,,,,,
NA,/vacation-packages/tours/grand-australia-new-zealand,NEW,,,,,,,,,,,,,,,,,,,,,,,
NA,/vacation-packages/tours/grand-australia-new-zealand-2027-01-06,NEW,,,,,,,,,,,,,,,,,,,,,,,
NA,/vacation-packages/tours/grand-barcelona-seville-madrid,NEW,,,,,,,,,,,,,,,,,,,,,,,
NA,/vacation-packages/tours/grand-canadian-rockies,NEW,,,,,,,,,,,,,,,,,,,,,,,
NA,/vacation-packages/tours/grand-european,NEW,,,,,,,,,,,,,,,,,,,,,,,
NA,/vacation-packages/tours/grand-european-cruise-eastbound-2026-07-05,NEW,,,,,,,,,,,,,,,,,,,,,,,
NA,/vacation-packages/tours/grand-european-cruise-eastbound-2027-07-04,NEW,,,,,,,,,,,,,,,,,,,,,,,
NA,/vacation-packages/tours/grand-european-cruise-westbound-2026-08-06,NEW,,,,,,,,,,,,,,,,,,,,,,,
NA,/vacation-packages/tours/grand-european-cruise-westbound-2027-07-22,NEW,,,,,,,,,,,,,,,,,,,,,,,
NA,/vacation-packages/tours/grand-hawaiian-adventure-four-islands-featuring-o-ahu-big-island-maui-and-kauai-2025,NEW,,,,,,,,,,,,,,,,,,,,,,,
NA,/vacation-packages/tours/grand-hawaiian-adventure-four-islands-featuring-o-ahu-big-island-maui-and-kauai-2026,NEW,,,,,,,,,,,,,,,,,,,,,,,
NA,/vacation-packages/tours/grand-hawaiian-adventure-four-islands-featuring-o-ahu-big-island-maui-and-kauai-2027,NEW,,,,,,,,,,,,,,,,,,,,,,,
NA,/vacation-packages/tours/grand-italian-experience,NEW,,,,,,,,,,,,,,,,,,,,,,,
NA,/vacation-packages/tours/grand-italy-sicily,NEW,,,,,,,,,,,,,,,,,,,,,,,
NA,/vacation-packages/tours/grand-new-england,NEW,,,,,,,,,,,,,,,,,,,,,,,
NA,/vacation-packages/tours/grand-scandinavia,NEW,,,,,,,,,,,,,,,,,,,,,,,
NA,/vacation-packages/tours/grand-south-america,NEW,,,,,,,,,,,,,,,,,,,,,,,
NA,/vacation-packages/tours/grand-tour-france,NEW,,,,,,,,,,,,,,,,,,,,,,,
NA,/vacation-packages/tours/grandeur-of-egypt,NEW,,,,,,,,,,,,,,,,,,,,,,,
NA,/vacation-packages/tours/grandeur-of-india-nepal,NEW,,,,,,,,,,,,,,,,,,,,,,,
NA,/vacation-packages/tours/grandeur-of-peru,NEW,,,,,,,,,,,,,,,,,,,,,,,
NA,/vacation-packages/tours/great-aussie-city-uluru-escape,NEW,,,,,,,,,,,,,,,,,,,,,,,
NA,/vacation-packages/tours/great-barrier-reef-explorer,NEW,,,,,,,,,,,,,,,,,,,,,,,
NA,/vacation-packages/tours/great-britain-and-ireland,NEW,,,,,,,,,,,,,,,,,,,,,,,
NA,/vacation-packages/tours/great-britain-and-ireland-35-to-45,NEW,,,,,,,,,,,,,,,,,,,,,,,
NA,/vacation-packages/tours/great-european,NEW,,,,,,,,,,,,,,,,,,,,,,,
NA,/vacation-packages/tours/great-iberian-cities,NEW,,,,,,,,,,,,,,,,,,,,,,,
NA,/vacation-packages/tours/great-italian-cities,NEW,,,,,,,,,,,,,,,,,,,,,,,
NA,/vacation-packages/tours/great-migration-tanzania-kenya-2026-06-29,NEW,,,,,,,,,,,,,,,,,,,,,,,
NA,/vacation-packages/tours/great-migration-tanzania-kenya-2027-01-22,NEW,,,,,,,,,,,,,,,,,,,,,,,
NA,/vacation-packages/tours/great-ocean-road-and-kangaroo-island-escape,NEW,,,,,,,,,,,,,,,,,,,,,,,
NA,/vacation-packages/tours/great-ocean-road-kangaroo-island-escape,NEW,,,,,,,,,,,,,,,,,,,,,,,
NA,/vacation-packages/tours/grecian-fables,NEW,,,,,,,,,,,,,,,,,,,,,,,
NA,/vacation-packages/tours/greece-in-the-footsteps-of-paul-the-apostle-featuring-a-3-night-greek-islands-turkiye-cruise-2025,NEW,,,,,,,,,,,,,,,,,,,,,,,
NA,/vacation-packages/tours/greece-in-the-footsteps-of-paul-the-apostle-featuring-a-3-night-greek-islands-turkiye-cruise-2026,NEW,,,,,,,,,,,,,,,,,,,,,,,
NA,/vacation-packages/tours/greece-island-hopper-featuring-athens-mykonos-and-santorini-2025,NEW,,,,,,,,,,,,,,,,,,,,,,,
NA,/vacation-packages/tours/greece-island-hopper-featuring-athens-mykonos-and-santorini-2026,NEW,,,,,,,,,,,,,,,,,,,,,,,
NA,/vacation-packages/tours/greece-long-stay,NEW,,,,,,,,,,,,,,,,,,,,,,,
NA,/vacation-packages/tours/greece-undiscovered,NEW,,,,,,,,,,,,,,,,,,,,,,,
NA,/vacation-packages/tours/greek-explorer,NEW,,,,,,,,,,,,,,,,,,,,,,,
NA,/vacation-packages/tours/greek-island-explorer,NEW,,,,,,,,,,,,,,,,,,,,,,,
NA,/vacation-packages/tours/greek-island-hopper-2026-04-14,NEW,,,,,,,,,,,,,,,,,,,,,,,
NA,/vacation-packages/tours/greek-island-hopper-2026-04-26,NEW,,,,,,,,,,,,,,,,,,,,,,,
NA,/vacation-packages/tours/greek-island-hopping,NEW,,,,,,,,,,,,,,,,,,,,,,,
NA,/vacation-packages/tours/greek-island-hopping-plus-35-to-45,NEW,,,,,,,,,,,,,,,,,,,,,,,
NA,/vacation-packages/tours/greek-isles-athens-mykonos-santorini,NEW,,,,,,,,,,,,,,,,,,,,,,,
NA,/vacation-packages/tours/greek-odyssey-family-edition,NEW,,,,,,,,,,,,,,,,,,,,,,,
NA,/vacation-packages/tours/gulf-savannah-wanderer,NEW,,,,,,,,,,,,,,,,,,,,,,,
NA,/vacation-packages/tours/ha-giang-loop-in-northern-vietnam,NEW,,,,,,,,,,,,,,,,,,,,,,,
NA,/vacation-packages/tours/hanoi,NEW,,,,,,,,,,,,,,,,,,,,,,,
NA,/vacation-packages/tours/harmony-of-central-europe,NEW,,,,,,,,,,,,,,,,,,,,,,,
NA,/vacation-packages/tours/havana-in-style,NEW,,,,,,,,,,,,,,,,,,,,,,,
NA,/vacation-packages/tours/hawaii-four-island-adventure,NEW,,,,,,,,,,,,,,,,,,,,,,,
NA,/vacation-packages/tours/hawaii-with-oahu-maui-the-big-island,NEW,,,,,,,,,,,,,,,,,,,,,,,
NA,/vacation-packages/tours/hawaiian-adventure-three-islands-featuring-o-ahu-big-island-and-maui-2025,NEW,,,,,,,,,,,,,,,,,,,,,,,
NA,/vacation-packages/tours/hawaiian-adventure-three-islands-featuring-o-ahu-big-island-and-maui-2026,NEW,,,,,,,,,,,,,,,,,,,,,,,
NA,/vacation-packages/tours/hawaiian-adventure-three-islands-featuring-o-ahu-big-island-and-maui-2027,NEW,,,,,,,,,,,,,,,,,,,,,,,
NA,/vacation-packages/tours/hawaiian-discovery,NEW,,,,,,,,,,,,,,,,,,,,,,,
NA,/vacation-packages/tours/hawaiian-explorer,NEW,,,,,,,,,,,,,,,,,,,,,,,
NA,/vacation-packages/tours/heart-of-belgium-holland-northbound-2026-05-06,NEW,,,,,,,,,,,,,,,,,,,,,,,
NA,/vacation-packages/tours/heart-of-belgium-holland-northbound-2027-06-02,NEW,,,,,,,,,,,,,,,,,,,,,,,
NA,/vacation-packages/tours/heart-of-patagonia,NEW,,,,,,,,,,,,,,,,,,,,,,,
NA,/vacation-packages/tours/heart-of-the-danube-bavaria-to-budapest-eastbound-2026-04-11,NEW,,,,,,,,,,,,,,,,,,,,,,,
NA,/vacation-packages/tours/heart-of-the-danube-bavaria-to-budapest-eastbound-2027-04-10,NEW,,,,,,,,,,,,,,,,,,,,,,,
NA,/vacation-packages/tours/heart-of-the-danube-budapest-to-bavaria-westbound,NEW,,,,,,,,,,,,,,,,,,,,,,,
NA,/vacation-packages/tours/hidden-galapagos-peru-2026-09-19,NEW,,,,,,,,,,,,,,,,,,,,,,,
NA,/vacation-packages/tours/hidden-galapagos-peru-2027-04-17,NEW,,,,,,,,,,,,,,,,,,,,,,,
NA,/vacation-packages/tours/hidden-gems-of-new-england,NEW,,,,,,,,,,,,,,,,,,,,,,,
NA,/vacation-packages/tours/hidden-gems-of-ontario,NEW,,,,,,,,,,,,,,,,,,,,,,,
NA,/vacation-packages/tours/hidden-greece,NEW,,,,,,,,,,,,,,,,,,,,,,,
NA,/vacation-packages/tours/highlights-of-australia,NEW,,,,,,,,,,,,,,,,,,,,,,,
NA,/vacation-packages/tours/highlights-of-australia-and-new-zealand-2026-06-21,NEW,,,,,,,,,,,,,,,,,,,,,,,
NA,/vacation-packages/tours/highlights-of-australia-and-new-zealand-2026-06-21-371_1030_IMZB1M26,NEW,,,,,,,,,,,,,,,,,,,,,,,
NA,/vacation-packages/tours/highlights-of-bohemia,NEW,,,,,,,,,,,,,,,,,,,,,,,
NA,/vacation-packages/tours/highlights-of-eastern-europe-2026-04-24,NEW,,,,,,,,,,,,,,,,,,,,,,,
NA,/vacation-packages/tours/highlights-of-eastern-europe-2026-04-25,NEW,,,,,,,,,,,,,,,,,,,,,,,
NA,/vacation-packages/tours/highlights-of-europe,NEW,,,,,,,,,,,,,,,,,,,,,,,
NA,/vacation-packages/tours/highlights-of-france,NEW,,,,,,,,,,,,,,,,,,,,,,,
NA,/vacation-packages/tours/highlights-of-france-and-barcelona,NEW,,,,,,,,,,,,,,,,,,,,,,,
NA,/vacation-packages/tours/highlights-of-germany,NEW,,,,,,,,,,,,,,,,,,,,,,,
NA,/vacation-packages/tours/highlights-of-greece,NEW,,,,,,,,,,,,,,,,,,,,,,,
NA,/vacation-packages/tours/highlights-of-greece-with-cruise,NEW,,,,,,,,,,,,,,,,,,,,,,,
NA,/vacation-packages/tours/highlights-of-greece-with-island-explorer,NEW,,,,,,,,,,,,,,,,,,,,,,,
NA,/vacation-packages/tours/highlights-of-greece-with-island-hopping-2026-04-21,NEW,,,,,,,,,,,,,,,,,,,,,,,
NA,/vacation-packages/tours/highlights-of-greece-with-island-hopping-2026-04-21-579_2254_SGGIAA26,NEW,,,,,,,,,,,,,,,,,,,,,,,
NA,/vacation-packages/tours/highlights-of-ireland-and-scotland,NEW,,,,,,,,,,,,,,,,,,,,,,,
NA,/vacation-packages/tours/highlights-of-jordan,NEW,,,,,,,,,,,,,,,,,,,,,,,
NA,/vacation-packages/tours/highlights-of-kenya,NEW,,,,,,,,,,,,,,,,,,,,,,,
NA,/vacation-packages/tours/highlights-of-morocco,NEW,,,,,,,,,,,,,,,,,,,,,,,
NA,/vacation-packages/tours/highlights-of-northern-india-with-mumbai,NEW,,,,,,,,,,,,,,,,,,,,,,,
NA,/vacation-packages/tours/highlights-of-norway-2025,NEW,,,,,,,,,,,,,,,,,,,,,,,
NA,/vacation-packages/tours/highlights-of-norway-2026,NEW,,,,,,,,,,,,,,,,,,,,,,,
NA,/vacation-packages/tours/highlights-of-peru,NEW,,,,,,,,,,,,,,,,,,,,,,,
NA,/vacation-packages/tours/highlights-of-peru-amazon-river-add-on,NEW,,,,,,,,,,,,,,,,,,,,,,,
NA,/vacation-packages/tours/highlights-of-poland,NEW,,,,,,,,,,,,,,,,,,,,,,,
NA,/vacation-packages/tours/highlights-of-portugal,NEW,,,,,,,,,,,,,,,,,,,,,,,
NA,/vacation-packages/tours/highlights-of-scandinavia,NEW,,,,,,,,,,,,,,,,,,,,,,,
NA,/vacation-packages/tours/highlights-of-south-australia,NEW,,,,,,,,,,,,,,,,,,,,,,,
NA,/vacation-packages/tours/highlights-of-spain,NEW,,,,,,,,,,,,,,,,,,,,,,,
NA,/vacation-packages/tours/highlights-of-spain-and-portugal,NEW,,,,,,,,,,,,,,,,,,,,,,,
NA,/vacation-packages/tours/highlights-of-spain-morocco-and-portugal,NEW,,,,,,,,,,,,,,,,,,,,,,,
NA,/vacation-packages/tours/highlights-of-turkey,NEW,,,,,,,,,,,,,,,,,,,,,,,
NA,/vacation-packages/tours/highlights-of-tuscany,NEW,,,,,,,,,,,,,,,,,,,,,,,
NA,/vacation-packages/tours/highlights-of-vietnam,NEW,,,,,,,,,,,,,,,,,,,,,,,
NA,/vacation-packages/tours/hill-tribes-of-thailand,NEW,,,,,,,,,,,,,,,,,,,,,,,
NA,/vacation-packages/tours/historic-highlights,NEW,,,,,,,,,,,,,,,,,,,,,,,
NA,/vacation-packages/tours/historical-china-tibet-the-yangtze,NEW,,,,,,,,,,,,,,,,,,,,,,,
NA,/vacation-packages/tours/hoi-an,NEW,,,,,,,,,,,,,,,,,,,,,,,
NA,/vacation-packages/tours/hola-colombia,NEW,,,,,,,,,,,,,,,,,,,,,,,
NA,/vacation-packages/tours/hola-madrid-and-barcelona,NEW,,,,,,,,,,,,,,,,,,,,,,,
NA,/vacation-packages/tours/holiday-magic-danube-family-river-cruise-eastbound-2026-12-23,NEW,,,,,,,,,,,,,,,,,,,,,,,
NA,/vacation-packages/tours/holiday-magic-danube-family-river-cruise-eastbound-2027-12-22,NEW,,,,,,,,,,,,,,,,,,,,,,,
NA,/vacation-packages/tours/holiday-magic-danube-family-river-cruise-westbound,NEW,,,,,,,,,,,,,,,,,,,,,,,
NA,/vacation-packages/tours/holland-and-belgium-springtime-river-cruise-2026,NEW,,,,,,,,,,,,,,,,,,,,,,,
NA,/vacation-packages/tours/holland-and-belgium-springtime-river-cruise-2027-2027-03-30,NEW,,,,,,,,,,,,,,,,,,,,,,,
NA,/vacation-packages/tours/holland-and-belgium-springtime-river-cruise-2027-2027-03-30-209_2027_A,NEW,,,,,,,,,,,,,,,,,,,,,,,
NA,/vacation-packages/tours/holland-belgium-in-spring-southbound-2026-04-09,NEW,,,,,,,,,,,,,,,,,,,,,,,
NA,/vacation-packages/tours/holland-belgium-in-spring-southbound-2027-03-31,NEW,,,,,,,,,,,,,,,,,,,,,,,
NA,/vacation-packages/tours/holland-belgium-in-spring-southbound-2027-04-03,NEW,,,,,,,,,,,,,,,,,,,,,,,
NA,/vacation-packages/tours/hong-kong-insider,NEW,,,,,,,,,,,,,,,,,,,,,,,
NA,/vacation-packages/tours/hong-kong-singapore-for-foodies,NEW,,,,,,,,,,,,,,,,,,,,,,,
NA,/vacation-packages/tours/iberian-capitals-lisbon-madrid-the-douro-eastbound,NEW,,,,,,,,,,,,,,,,,,,,,,,
NA,/vacation-packages/tours/iberian-capitals-lisbon-madrid-the-douro-westbound,NEW,,,,,,,,,,,,,,,,,,,,,,,
NA,/vacation-packages/tours/iberian-explorer,NEW,,,,,,,,,,,,,,,,,,,,,,,
NA,/vacation-packages/tours/iceland-2026-06-08,NEW,,,,,,,,,,,,,,,,,,,,,,,
NA,/vacation-packages/tours/iceland-2027-06-10,NEW,,,,,,,,,,,,,,,,,,,,,,,
NA,/vacation-packages/tours/iceland-fire-and-ice,NEW,,,,,,,,,,,,,,,,,,,,,,,
NA,/vacation-packages/tours/iceland-fire-and-ice-35-to-45,NEW,,,,,,,,,,,,,,,,,,,,,,,
NA,/vacation-packages/tours/iceland-highlights,NEW,,,,,,,,,,,,,,,,,,,,,,,
NA,/vacation-packages/tours/iceland-northern-lights,NEW,,,,,,,,,,,,,,,,,,,,,,,
NA,/vacation-packages/tours/iceland-s-magical-northern-lights-2026,NEW,,,,,,,,,,,,,,,,,,,,,,,
NA,/vacation-packages/tours/iceland-s-magical-northern-lights-2027,NEW,,,,,,,,,,,,,,,,,,,,,,,
NA,/vacation-packages/tours/iceland-s-midnight-sun-glaciers-geysers-and-the-golden-circle-2025,NEW,,,,,,,,,,,,,,,,,,,,,,,
NA,/vacation-packages/tours/iceland-s-midnight-sun-glaciers-geysers-and-the-golden-circle-2026,NEW,,,,,,,,,,,,,,,,,,,,,,,
NA,/vacation-packages/tours/iceland-s-midnight-sun-glaciers-geysers-and-the-golden-circle-2027,NEW,,,,,,,,,,,,,,,,,,,,,,,
NA,/vacation-packages/tours/iconic-china-with-yangtze-cruise-2026-04-21,NEW,,,,,,,,,,,,,,,,,,,,,,,
NA,/vacation-packages/tours/iconic-china-with-yangtze-cruise-2026-09-15,NEW,,,,,,,,,,,,,,,,,,,,,,,
NA,/vacation-packages/tours/iconic-iceland-chasing-the-northern-lights-2027,NEW,,,,,,,,,,,,,,,,,,,,,,,
NA,/vacation-packages/tours/iconic-north-2026-09-15,NEW,,,,,,,,,,,,,,,,,,,,,,,
NA,/vacation-packages/tours/iconic-north-2026-09-15-597_1624_ZAAWM26,NEW,,,,,,,,,,,,,,,,,,,,,,,
NA,/vacation-packages/tours/iconic-rockies-and-western-canada,NEW,,,,,,,,,,,,,,,,,,,,,,,
NA,/vacation-packages/tours/icons-of-southern-africa,NEW,,,,,,,,,,,,,,,,,,,,,,,
NA,/vacation-packages/tours/iguassu-falls,NEW,,,,,,,,,,,,,,,,,,,,,,,
NA,/vacation-packages/tours/imperial-cities-featuring-prague-vienna-budapest-2025,NEW,,,,,,,,,,,,,,,,,,,,,,,
NA,/vacation-packages/tours/imperial-cities-featuring-prague-vienna-budapest-2026,NEW,,,,,,,,,,,,,,,,,,,,,,,
NA,/vacation-packages/tours/imperial-cities-fez-meknes-rabat-marrakech,NEW,,,,,,,,,,,,,,,,,,,,,,,
NA,/vacation-packages/tours/imperial-europe,NEW,,,,,,,,,,,,,,,,,,,,,,,
NA,/vacation-packages/tours/imperial-highlights,NEW,,,,,,,,,,,,,,,,,,,,,,,
NA,/vacation-packages/tours/imperial-rajasthan,NEW,,,,,,,,,,,,,,,,,,,,,,,
NA,/vacation-packages/tours/impressions-from-the-seine-paris-to-normandy-2026-07-27,NEW,,,,,,,,,,,,,,,,,,,,,,,
NA,/vacation-packages/tours/impressions-from-the-seine-paris-to-normandy-2027-04-04,NEW,,,,,,,,,,,,,,,,,,,,,,,
NA,/vacation-packages/tours/impressions-of-south-america,NEW,,,,,,,,,,,,,,,,,,,,,,,
NA,/vacation-packages/tours/in-freedom-s-footsteps-new-york-to-washington-dc,NEW,,,,,,,,,,,,,,,,,,,,,,,
NA,/vacation-packages/tours/in-the-footsteps-of-the-incas,NEW,,,,,,,,,,,,,,,,,,,,,,,
NA,/vacation-packages/tours/india-in-style,NEW,,,,,,,,,,,,,,,,,,,,,,,
NA,/vacation-packages/tours/india-land-of-the-maharajahs,NEW,,,,,,,,,,,,,,,,,,,,,,,
NA,/vacation-packages/tours/india-s-golden-triangle-udaipur-mumbai-2026-10-11,NEW,,,,,,,,,,,,,,,,,,,,,,,
NA,/vacation-packages/tours/india-s-golden-triangle-udaipur-mumbai-2027-01-10,NEW,,,,,,,,,,,,,,,,,,,,,,,
NA,/vacation-packages/tours/india-womens-expedition,NEW,,,,,,,,,,,,,,,,,,,,,,,
NA,/vacation-packages/tours/indonesia-island-hopping,NEW,,,,,,,,,,,,,,,,,,,,,,,
NA,/vacation-packages/tours/indonesia-islands-of-the-gods,NEW,,,,,,,,,,,,,,,,,,,,,,,
NA,/vacation-packages/tours/indulgence-in-eastern-canada,NEW,,,,,,,,,,,,,,,,,,,,,,,
NA,/vacation-packages/tours/inspiring-australia,NEW,,,,,,,,,,,,,,,,,,,,,,,
NA,/vacation-packages/tours/inspiring-cambodia-vietnam-laos,NEW,,,,,,,,,,,,,,,,,,,,,,,
NA,/vacation-packages/tours/ireland-by-design,NEW,,,,,,,,,,,,,,,,,,,,,,,
NA,/vacation-packages/tours/ireland-forever,NEW,,,,,,,,,,,,,,,,,,,,,,,
NA,/vacation-packages/tours/ireland-in-a-week,NEW,,,,,,,,,,,,,,,,,,,,,,,
NA,/vacation-packages/tours/ireland-in-a-week-35-to-45,NEW,,,,,,,,,,,,,,,,,,,,,,,
NA,/vacation-packages/tours/ireland-s-icons,NEW,,,,,,,,,,,,,,,,,,,,,,,
NA,/vacation-packages/tours/ireland-the-classic-tour,NEW,,,,,,,,,,,,,,,,,,,,,,,
NA,/vacation-packages/tours/ireland-walking-hiking-northern-coast,NEW,,,,,,,,,,,,,,,,,,,,,,,
NA,/vacation-packages/tours/irelands-hidden-gems,NEW,,,,,,,,,,,,,,,,,,,,,,,
NA,/vacation-packages/tours/irish-elegance,NEW,,,,,,,,,,,,,,,,,,,,,,,
NA,/vacation-packages/tours/irish-experience,NEW,,,,,,,,,,,,,,,,,,,,,,,
NA,/vacation-packages/tours/irish-highlights,NEW,,,,,,,,,,,,,,,,,,,,,,,
NA,/vacation-packages/tours/irish-splendor-2026,NEW,,,,,,,,,,,,,,,,,,,,,,,
NA,/vacation-packages/tours/irish-wonder,NEW,,,,,,,,,,,,,,,,,,,,,,,
NA,/vacation-packages/tours/island-delights,NEW,,,,,,,,,,,,,,,,,,,,,,,
NA,/vacation-packages/tours/islands-of-bermuda-walk,NEW,,,,,,,,,,,,,,,,,,,,,,,
NA,/vacation-packages/tours/islands-of-new-england-2026,NEW,,,,,,,,,,,,,,,,,,,,,,,
NA,/vacation-packages/tours/islands-of-new-england-2027,NEW,,,,,,,,,,,,,,,,,,,,,,,
NA,/vacation-packages/tours/israel-and-jordan-2026-10-07,NEW,,,,,,,,,,,,,,,,,,,,,,,
NA,/vacation-packages/tours/israel-and-jordan-2027-03-03,NEW,,,,,,,,,,,,,,,,,,,,,,,
NA,/vacation-packages/tours/italia-bella-rome-to-venice,NEW,,,,,,,,,,,,,,,,,,,,,,,
NA,/vacation-packages/tours/italian-concerto,NEW,,,,,,,,,,,,,,,,,,,,,,,
NA,/vacation-packages/tours/italian-elegance,NEW,,,,,,,,,,,,,,,,,,,,,,,
NA,/vacation-packages/tours/italian-escapade,NEW,,,,,,,,,,,,,,,,,,,,,,,
NA,/vacation-packages/tours/italian-escape,NEW,,,,,,,,,,,,,,,,,,,,,,,
NA,/vacation-packages/tours/italian-escape-35-to-45,NEW,,,,,,,,,,,,,,,,,,,,,,,
NA,/vacation-packages/tours/italian-escape-and-sicily,NEW,,,,,,,,,,,,,,,,,,,,,,,
NA,/vacation-packages/tours/italian-escape-and-sicily-35-to-45,NEW,,,,,,,,,,,,,,,,,,,,,,,
NA,/vacation-packages/tours/italian-espresso,NEW,,,,,,,,,,,,,,,,,,,,,,,
NA,/vacation-packages/tours/italian-espresso-35-to-45,NEW,,,,,,,,,,,,,,,,,,,,,,,
NA,/vacation-packages/tours/italian-glory,NEW,,,,,,,,,,,,,,,,,,,,,,,
NA,/vacation-packages/tours/italian-intermezzo,NEW,,,,,,,,,,,,,,,,,,,,,,,
NA,/vacation-packages/tours/italian-scene,NEW,,,,,,,,,,,,,,,,,,,,,,,
NA,/vacation-packages/tours/italian-treasures,NEW,,,,,,,,,,,,,,,,,,,,,,,
NA,/vacation-packages/tours/italian-vistas-2025,NEW,,,,,,,,,,,,,,,,,,,,,,,
NA,/vacation-packages/tours/italian-vistas-2026,NEW,,,,,,,,,,,,,,,,,,,,,,,
NA,/vacation-packages/tours/italy-amalfi-coast-to-puglia-2025-2026-04-09,NEW,,,,,,,,,,,,,,,,,,,,,,,
NA,/vacation-packages/tours/italy-amalfi-coast-to-puglia-2025-2026-04-16,NEW,,,,,,,,,,,,,,,,,,,,,,,
NA,/vacation-packages/tours/italy-amalfi-coast-to-puglia-2026,NEW,,,,,,,,,,,,,,,,,,,,,,,
NA,/vacation-packages/tours/italy-bellissimo,NEW,,,,,,,,,,,,,,,,,,,,,,,
NA,/vacation-packages/tours/italy-by-rail-with-privately-guided-sightseeing,NEW,,,,,,,,,,,,,,,,,,,,,,,
NA,/vacation-packages/tours/italy-by-rail-with-small-group-sightseeing,NEW,,,,,,,,,,,,,,,,,,,,,,,
NA,/vacation-packages/tours/italy-s-amalfi-coast-privately-guided,NEW,,,,,,,,,,,,,,,,,,,,,,,
NA,/vacation-packages/tours/italy-s-treasures-art-food-wine-of-italy-2025,NEW,,,,,,,,,,,,,,,,,,,,,,,
NA,/vacation-packages/tours/italy-s-treasures-art-food-wine-of-italy-2026-2026-05-31,NEW,,,,,,,,,,,,,,,,,,,,,,,
NA,/vacation-packages/tours/italy-s-treasures-art-food-wine-of-italy-2026-2026-09-08,NEW,,,,,,,,,,,,,,,,,,,,,,,
NA,/vacation-packages/tours/japan-discovery,NEW,,,,,,,,,,,,,,,,,,,,,,,
NA,/vacation-packages/tours/japan-in-a-week,NEW,,,,,,,,,,,,,,,,,,,,,,,
NA,/vacation-packages/tours/japan-south-korea-from-tokyo-to-seoul-2025,NEW,,,,,,,,,,,,,,,,,,,,,,,
NA,/vacation-packages/tours/japan-south-korea-from-tokyo-to-seoul-2026,NEW,,,,,,,,,,,,,,,,,,,,,,,
NA,/vacation-packages/tours/japan-unrivalled,NEW,,,,,,,,,,,,,,,,,,,,,,,
NA,/vacation-packages/tours/japan-unrivalled-35-to-45,NEW,,,,,,,,,,,,,,,,,,,,,,,
NA,/vacation-packages/tours/japan-winter-adventure,NEW,,,,,,,,,,,,,,,,,,,,,,,
NA,/vacation-packages/tours/japan-winter-wonder,NEW,,,,,,,,,,,,,,,,,,,,,,,
NA,/vacation-packages/tours/jays-jaunt-toronto,NEW,,,,,,,,,,,,,,,,,,,,,,,
NA,/vacation-packages/tours/jewels-of-alaska,NEW,,,,,,,,,,,,,,,,,,,,,,,
NA,/vacation-packages/tours/jewels-of-italy,NEW,,,,,,,,,,,,,,,,,,,,,,,
NA,/vacation-packages/tours/jewels-of-the-bay,NEW,,,,,,,,,,,,,,,,,,,,,,,
NA,/vacation-packages/tours/jewels-of-the-bay-2025,NEW,,,,,,,,,,,,,,,,,,,,,,,
NA,/vacation-packages/tours/jordan-egypt-petra-to-the-pyramids-2026-04-19,NEW,,,,,,,,,,,,,,,,,,,,,,,
NA,/vacation-packages/tours/jordan-egypt-petra-to-the-pyramids-2027-04-09,NEW,,,,,,,,,,,,,,,,,,,,,,,
NA,/vacation-packages/tours/jordan-egypt-petra-to-the-pyramids-small-groups-2026-04-09,NEW,,,,,,,,,,,,,,,,,,,,,,,
NA,/vacation-packages/tours/jordan-egypt-petra-to-the-pyramids-small-groups-2027-01-04,NEW,,,,,,,,,,,,,,,,,,,,,,,
NA,/vacation-packages/tours/jordan-experience-2026-05-14,NEW,,,,,,,,,,,,,,,,,,,,,,,
NA,/vacation-packages/tours/jordan-experience-2026-05-21,NEW,,,,,,,,,,,,,,,,,,,,,,,
NA,/vacation-packages/tours/journey-through-egypt-and-jordan-2026,NEW,,,,,,,,,,,,,,,,,,,,,,,
NA,/vacation-packages/tours/journey-through-japan-a-family-adventure-2026-06-01,NEW,,,,,,,,,,,,,,,,,,,,,,,
NA,/vacation-packages/tours/journey-through-japan-a-family-adventure-2027-06-11,NEW,,,,,,,,,,,,,,,,,,,,,,,
NA,/vacation-packages/tours/journey-through-northern-vietnam-a-cultural-exploration-from-hanoi-to-ha-long-bay-2026,NEW,,,,,,,,,,,,,,,,,,,,,,,
NA,/vacation-packages/tours/journey-through-spain-madrid-to-barcelona-2026,NEW,,,,,,,,,,,,,,,,,,,,,,,
NA,/vacation-packages/tours/journey-through-the-clouds,NEW,,,,,,,,,,,,,,,,,,,,,,,
NA,/vacation-packages/tours/journey-through-the-heart-of-japan-tokyo-to-osaka-2026,NEW,,,,,,,,,,,,,,,,,,,,,,,
NA,/vacation-packages/tours/journey-through-the-netherlands-belgium-france-canals-champagne-culture-featuring-christmas-markets-2026,NEW,,,,,,,,,,,,,,,,,,,,,,,
NA,/vacation-packages/tours/journey-to-croatia-montenegro,NEW,,,,,,,,,,,,,,,,,,,,,,,
NA,/vacation-packages/tours/journey-to-nepal-bhutan-br-hosted-by-scott-and-diane-avera,NEW,,,,,,,,,,,,,,,,,,,,,,,
NA,/vacation-packages/tours/journey-to-rajasthan,NEW,,,,,,,,,,,,,,,,,,,,,,,
NA,/vacation-packages/tours/journey-to-south-africa-victoria-falls,NEW,,,,,,,,,,,,,,,,,,,,,,,
NA,/vacation-packages/tours/journeys-morocco-highlights,NEW,,,,,,,,,,,,,,,,,,,,,,,
NA,/vacation-packages/tours/kakadu-and-arnhem-land-explorer,NEW,,,,,,,,,,,,,,,,,,,,,,,
NA,/vacation-packages/tours/kakadu-and-arnhemland,NEW,,,,,,,,,,,,,,,,,,,,,,,
NA,/vacation-packages/tours/kakadu-and-east-alligator-river,NEW,,,,,,,,,,,,,,,,,,,,,,,
NA,/vacation-packages/tours/kakadu-and-nitmiluk-katherine-gorge,NEW,,,,,,,,,,,,,,,,,,,,,,,
NA,/vacation-packages/tours/kakadu-and-tiwi-island-explorer,NEW,,,,,,,,,,,,,,,,,,,,,,,
NA,/vacation-packages/tours/kathmandu,NEW,,,,,,,,,,,,,,,,,,,,,,,
NA,/vacation-packages/tours/kenya-adventure,NEW,,,,,,,,,,,,,,,,,,,,,,,
NA,/vacation-packages/tours/kenya-and-ancient-egypt,NEW,,,,,,,,,,,,,,,,,,,,,,,
NA,/vacation-packages/tours/kenya-and-tanzania-adventure,NEW,,,,,,,,,,,,,,,,,,,,,,,
NA,/vacation-packages/tours/kenya-and-tanzania-safari,NEW,,,,,,,,,,,,,,,,,,,,,,,
NA,/vacation-packages/tours/kenya-and-tanzania-safari-35-to-45,NEW,,,,,,,,,,,,,,,,,,,,,,,
NA,/vacation-packages/tours/kenya-safari,NEW,,,,,,,,,,,,,,,,,,,,,,,
NA,/vacation-packages/tours/kenya-safari-35-to-45,NEW,,,,,,,,,,,,,,,,,,,,,,,
NA,/vacation-packages/tours/kenya-tanzania-a-classic-safari-2026-05-16,NEW,,,,,,,,,,,,,,,,,,,,,,,
NA,/vacation-packages/tours/kenya-tanzania-a-classic-safari-2027-01-16,NEW,,,,,,,,,,,,,,,,,,,,,,,
NA,/vacation-packages/tours/kenya-tanzania-safari-adventure,NEW,,,,,,,,,,,,,,,,,,,,,,,
NA,/vacation-packages/tours/kenya-tanzania-the-great-migration,NEW,,,,,,,,,,,,,,,,,,,,,,,
NA,/vacation-packages/tours/kia-ora-new-zealand-11-day-adventure,NEW,,,,,,,,,,,,,,,,,,,,,,,
NA,/vacation-packages/tours/kia-ora-new-zealand-2026-09-19,NEW,,,,,,,,,,,,,,,,,,,,,,,
NA,/vacation-packages/tours/kia-ora-new-zealand-2026-09-19-564_891_LABCC26,NEW,,,,,,,,,,,,,,,,,,,,,,,
NA,/vacation-packages/tours/kingdoms-dragons-singapore-to-bali-2026-05-30,NEW,,,,,,,,,,,,,,,,,,,,,,,
NA,/vacation-packages/tours/kingdoms-dragons-singapore-to-bali-2027-05-08,NEW,,,,,,,,,,,,,,,,,,,,,,,
NA,/vacation-packages/tours/kingdoms-of-southeast-asia-vietnam-cambodia-laos-and-thailand-2025,NEW,,,,,,,,,,,,,,,,,,,,,,,
NA,/vacation-packages/tours/kingdoms-of-southeast-asia-vietnam-cambodia-laos-and-thailand-2026,NEW,,,,,,,,,,,,,,,,,,,,,,,
NA,/vacation-packages/tours/kings-canyon-uluru-and-kata-tjuta,NEW,,,,,,,,,,,,,,,,,,,,,,,
NA,/vacation-packages/tours/kiwi-explorer,NEW,,,,,,,,,,,,,,,,,,,,,,,
NA,/vacation-packages/tours/kiwi-wonders-auckland-and-rotorua,NEW,,,,,,,,,,,,,,,,,,,,,,,
NA,/vacation-packages/tours/koh-samui,NEW,,,,,,,,,,,,,,,,,,,,,,,
NA,/vacation-packages/tours/komodo-flores-sail,NEW,,,,,,,,,,,,,,,,,,,,,,,
NA,/vacation-packages/tours/korea-discovery,NEW,,,,,,,,,,,,,,,,,,,,,,,
NA,/vacation-packages/tours/krabi-beach-stay,NEW,,,,,,,,,,,,,,,,,,,,,,,
NA,/vacation-packages/tours/kruger-safari-with-eswatini,NEW,,,,,,,,,,,,,,,,,,,,,,,
NA,/vacation-packages/tours/kruger-safari-with-eswatini-35-to-45,NEW,,,,,,,,,,,,,,,,,,,,,,,
NA,/vacation-packages/tours/kuala-lumpur,NEW,,,,,,,,,,,,,,,,,,,,,,,
NA,/vacation-packages/tours/kuranda-scenic-rail-and-skyrail-ex-cairns,NEW,,,,,,,,,,,,,,,,,,,,,,,
NA,/vacation-packages/tours/la-belle-vie-the-rhone-geneva-the-riviera-2026-04-11,NEW,,,,,,,,,,,,,,,,,,,,,,,
NA,/vacation-packages/tours/la-belle-vie-the-rhone-geneva-the-riviera-2027-04-02,NEW,,,,,,,,,,,,,,,,,,,,,,,
NA,/vacation-packages/tours/la-dolce-vita,NEW,,,,,,,,,,,,,,,,,,,,,,,
NA,/vacation-packages/tours/la-to-the-bay,NEW,,,,,,,,,,,,,,,,,,,,,,,
NA,/vacation-packages/tours/lake-como,NEW,,,,,,,,,,,,,,,,,,,,,,,
NA,/vacation-packages/tours/land-of-the-incas,NEW,,,,,,,,,,,,,,,,,,,,,,,
NA,/vacation-packages/tours/landscapes-of-the-canadian-maritimes,NEW,,,,,,,,,,,,,,,,,,,,,,,
NA,/vacation-packages/tours/late-summer-aurora-borealis-viewing,NEW,,,,,,,,,,,,,,,,,,,,,,,
NA,/vacation-packages/tours/learn-to-be-a-safari-guide-in-kruger-national-park,NEW,,,,,,,,,,,,,,,,,,,,,,,
NA,/vacation-packages/tours/legendary-japan,NEW,,,,,,,,,,,,,,,,,,,,,,,
NA,/vacation-packages/tours/legendary-scottish-isles-edinburgh-glasgow-eastbound-2026-09-09,NEW,,,,,,,,,,,,,,,,,,,,,,,
NA,/vacation-packages/tours/legendary-scottish-isles-edinburgh-glasgow-eastbound-2027-05-09,NEW,,,,,,,,,,,,,,,,,,,,,,,
NA,/vacation-packages/tours/legendary-scottish-isles-edinburgh-glasgow-westbound,NEW,,,,,,,,,,,,,,,,,,,,,,,
NA,/vacation-packages/tours/legends-of-the-american-west,NEW,,,,,,,,,,,,,,,,,,,,,,,
NA,/vacation-packages/tours/lhasa,NEW,,,,,,,,,,,,,,,,,,,,,,,
NA,/vacation-packages/tours/lima-to-machu-picchu-road-trip,NEW,,,,,,,,,,,,,,,,,,,,,,,
NA,/vacation-packages/tours/lisbon-porto-and-algarve-long-stay-escape,NEW,,,,,,,,,,,,,,,,,,,,,,,
NA,/vacation-packages/tours/london-and-paris-explorer,NEW,,,,,,,,,,,,,,,,,,,,,,,
NA,/vacation-packages/tours/london-explorer-2026-04-14,NEW,,,,,,,,,,,,,,,,,,,,,,,
NA,/vacation-packages/tours/london-explorer-2026-04-19,NEW,,,,,,,,,,,,,,,,,,,,,,,
NA,/vacation-packages/tours/london-paris-2025,NEW,,,,,,,,,,,,,,,,,,,,,,,
NA,/vacation-packages/tours/london-paris-2026,NEW,,,,,,,,,,,,,,,,,,,,,,,
NA,/vacation-packages/tours/london-paris-holiday-2026,NEW,,,,,,,,,,,,,,,,,,,,,,,
NA,/vacation-packages/tours/london-to-athens,NEW,,,,,,,,,,,,,,,,,,,,,,,
NA,/vacation-packages/tours/london-to-athens-with-greek-island-hopping,NEW,,,,,,,,,,,,,,,,,,,,,,,
NA,/vacation-packages/tours/london-to-barcelona-quest,NEW,,,,,,,,,,,,,,,,,,,,,,,
NA,/vacation-packages/tours/london-to-berlin-by-train,NEW,,,,,,,,,,,,,,,,,,,,,,,
NA,/vacation-packages/tours/london-to-budapest-by-train,NEW,,,,,,,,,,,,,,,,,,,,,,,
NA,/vacation-packages/tours/london-to-rome,NEW,,,,,,,,,,,,,,,,,,,,,,,
NA,/vacation-packages/tours/london-to-rome-highlights,NEW,,,,,,,,,,,,,,,,,,,,,,,
NA,/vacation-packages/tours/london-to-rome-quest,NEW,,,,,,,,,,,,,,,,,,,,,,,
NA,/vacation-packages/tours/london-to-rome-trail,NEW,,,,,,,,,,,,,,,,,,,,,,,
NA,/vacation-packages/tours/london-to-santorini,NEW,,,,,,,,,,,,,,,,,,,,,,,
NA,/vacation-packages/tours/london-to-vienna-trail,NEW,,,,,,,,,,,,,,,,,,,,,,,
NA,/vacation-packages/tours/long-stay-in-calella-spain-with-air,NEW,,,,,,,,,,,,,,,,,,,,,,,
NA,/vacation-packages/tours/luang-prabang,NEW,,,,,,,,,,,,,,,,,,,,,,,
NA,/vacation-packages/tours/maasai-mara,NEW,,,,,,,,,,,,,,,,,,,,,,,
NA,/vacation-packages/tours/machu-picchu-by-luxury-train,NEW,,,,,,,,,,,,,,,,,,,,,,,
NA,/vacation-packages/tours/machu-picchu-galapagos-wonders,NEW,,,,,,,,,,,,,,,,,,,,,,,
NA,/vacation-packages/tours/machu-picchu-galapagos-wonders-featuring-a-4-night-cruise-2025-2026-04-13,NEW,,,,,,,,,,,,,,,,,,,,,,,
NA,/vacation-packages/tours/machu-picchu-galapagos-wonders-featuring-a-4-night-cruise-2025-2026-04-20,NEW,,,,,,,,,,,,,,,,,,,,,,,
NA,/vacation-packages/tours/machu-picchu-galapagos-wonders-featuring-a-4-night-cruise-2026-2026-08-10,NEW,,,,,,,,,,,,,,,,,,,,,,,
NA,/vacation-packages/tours/machu-picchu-galapagos-wonders-featuring-a-4-night-cruise-2026-2027-01-18,NEW,,,,,,,,,,,,,,,,,,,,,,,
NA,/vacation-packages/tours/machu-picchu-reserva-amazonica,NEW,,,,,,,,,,,,,,,,,,,,,,,
NA,/vacation-packages/tours/machu-picchu-the-amazon-cruise-in-style,NEW,,,,,,,,,,,,,,,,,,,,,,,
NA,/vacation-packages/tours/machu-picchu-the-galapagos-cruise,NEW,,,,,,,,,,,,,,,,,,,,,,,
NA,/vacation-packages/tours/mackinac-island-2026,NEW,,,,,,,,,,,,,,,,,,,,,,,
NA,/vacation-packages/tours/mackinac-island-2027,NEW,,,,,,,,,,,,,,,,,,,,,,,
NA,/vacation-packages/tours/mackinac-island-featuring-the-tulip-time-festival-2026-2026-04-28,NEW,,,,,,,,,,,,,,,,,,,,,,,
NA,/vacation-packages/tours/mackinac-island-featuring-the-tulip-time-festival-2026-2026-04-30,NEW,,,,,,,,,,,,,,,,,,,,,,,
NA,/vacation-packages/tours/mackinac-island-featuring-the-tulip-time-festival-2027,NEW,,,,,,,,,,,,,,,,,,,,,,,
NA,/vacation-packages/tours/madrid-northern-spain-and-barcelona,NEW,,,,,,,,,,,,,,,,,,,,,,,
NA,/vacation-packages/tours/magic-of-morocco-2026-04-09,NEW,,,,,,,,,,,,,,,,,,,,,,,
NA,/vacation-packages/tours/magic-of-morocco-2027-01-17,NEW,,,,,,,,,,,,,,,,,,,,,,,
NA,/vacation-packages/tours/magical-bali,NEW,,,,,,,,,,,,,,,,,,,,,,,
NA,/vacation-packages/tours/magical-christmas-markets-of-austria-and-germany-2026,NEW,,,,,,,,,,,,,,,,,,,,,,,
NA,/vacation-packages/tours/magical-christmas-markets-of-austria-and-germany-2027,NEW,,,,,,,,,,,,,,,,,,,,,,,
NA,/vacation-packages/tours/magical-rhine-and-moselle-rivers-2026,NEW,,,,,,,,,,,,,,,,,,,,,,,
NA,/vacation-packages/tours/magical-rhine-moselle-rivers-2026,NEW,,,,,,,,,,,,,,,,,,,,,,,
NA,/vacation-packages/tours/magical-rhine-moselle-rivers-2027-2027-09-28,NEW,,,,,,,,,,,,,,,,,,,,,,,
NA,/vacation-packages/tours/magical-rhine-moselle-rivers-2027-2027-10-05,NEW,,,,,,,,,,,,,,,,,,,,,,,
NA,/vacation-packages/tours/magical-switzerland,NEW,,,,,,,,,,,,,,,,,,,,,,,
NA,/vacation-packages/tours/majestic-alaska,NEW,,,,,,,,,,,,,,,,,,,,,,,
NA,/vacation-packages/tours/majestic-cities-of-central-eastern-europe-featuring-berlin-prague-vienna-budapest-krakow-2025,NEW,,,,,,,,,,,,,,,,,,,,,,,
NA,/vacation-packages/tours/majestic-cities-of-central-eastern-europe-featuring-berlin-prague-vienna-budapest-krakow-2026,NEW,,,,,,,,,,,,,,,,,,,,,,,
NA,/vacation-packages/tours/majestic-cities-of-central-eastern-europe-featuring-berlin-prague-vienna-budapest-krakow-2027,NEW,,,,,,,,,,,,,,,,,,,,,,,
NA,/vacation-packages/tours/majestic-japan,NEW,,,,,,,,,,,,,,,,,,,,,,,
NA,/vacation-packages/tours/majestic-scotland,NEW,,,,,,,,,,,,,,,,,,,,,,,
NA,/vacation-packages/tours/majestic-switzerland,NEW,,,,,,,,,,,,,,,,,,,,,,,
NA,/vacation-packages/tours/majesty-of-the-rockies,NEW,,,,,,,,,,,,,,,,,,,,,,,
NA,/vacation-packages/tours/malaysia-and-singapore-highlights,NEW,,,,,,,,,,,,,,,,,,,,,,,
NA,/vacation-packages/tours/maritimes-tour,NEW,,,,,,,,,,,,,,,,,,,,,,,
NA,/vacation-packages/tours/marrakech-essaouira-agafay-ourika-valley,NEW,,,,,,,,,,,,,,,,,,,,,,,
NA,/vacation-packages/tours/mediterranean-coastal-journey-spain-france-italy-2025,NEW,,,,,,,,,,,,,,,,,,,,,,,
NA,/vacation-packages/tours/mediterranean-coastal-journey-spain-france-italy-2026,NEW,,,,,,,,,,,,,,,,,,,,,,,
NA,/vacation-packages/tours/mediterranean-highlights,NEW,,,,,,,,,,,,,,,,,,,,,,,
NA,/vacation-packages/tours/mediterranean-journey,NEW,,,,,,,,,,,,,,,,,,,,,,,
NA,/vacation-packages/tours/mexican-fiesta,NEW,,,,,,,,,,,,,,,,,,,,,,,
NA,/vacation-packages/tours/mexico-belize-and-guatemala-experience,NEW,,,,,,,,,,,,,,,,,,,,,,,
NA,/vacation-packages/tours/mexico-belize-and-guatemala-highlights,NEW,,,,,,,,,,,,,,,,,,,,,,,
NA,/vacation-packages/tours/mexico-city-san-miguel-de-allende-2026-10-03,NEW,,,,,,,,,,,,,,,,,,,,,,,
NA,/vacation-packages/tours/mexico-city-san-miguel-de-allende-2027-01-15,NEW,,,,,,,,,,,,,,,,,,,,,,,
NA,/vacation-packages/tours/mexico-grande,NEW,,,,,,,,,,,,,,,,,,,,,,,
NA,/vacation-packages/tours/mexico-in-a-week,NEW,,,,,,,,,,,,,,,,,,,,,,,
NA,/vacation-packages/tours/michigan-s-lakes-mackinac-island,NEW,,,,,,,,,,,,,,,,,,,,,,,
NA,/vacation-packages/tours/milan,NEW,,,,,,,,,,,,,,,,,,,,,,,
NA,/vacation-packages/tours/milan-to-zurich-via-glacier-and-bernina-express-trains,NEW,,,,,,,,,,,,,,,,,,,,,,,
NA,/vacation-packages/tours/mongolia-the-gobi,NEW,,,,,,,,,,,,,,,,,,,,,,,
NA,/vacation-packages/tours/monkey-mia-dolphins-and-west-coast,NEW,,,,,,,,,,,,,,,,,,,,,,,
NA,/vacation-packages/tours/monkey-mia-dolphins-and-west-coast-2025,NEW,,,,,,,,,,,,,,,,,,,,,,,
NA,/vacation-packages/tours/monkeys-jungles-and-volcanoes,NEW,,,,,,,,,,,,,,,,,,,,,,,
NA,/vacation-packages/tours/montana-exploring-big-sky-country-featuring-yellowstone-glacier-national-parks-2026-2026-07-14,NEW,,,,,,,,,,,,,,,,,,,,,,,
NA,/vacation-packages/tours/montana-exploring-big-sky-country-featuring-yellowstone-glacier-national-parks-2026-2026-09-22,NEW,,,,,,,,,,,,,,,,,,,,,,,
NA,/vacation-packages/tours/montana-exploring-big-sky-country-featuring-yellowstone-glacier-national-parks-2027,NEW,,,,,,,,,,,,,,,,,,,,,,,
NA,/vacation-packages/tours/montenegro-croatia-sailing,NEW,,,,,,,,,,,,,,,,,,,,,,,
NA,/vacation-packages/tours/moorea-and-bora-bora-escape,NEW,,,,,,,,,,,,,,,,,,,,,,,
NA,/vacation-packages/tours/moroccan-adventure,NEW,,,,,,,,,,,,,,,,,,,,,,,
NA,/vacation-packages/tours/morocco-deluxe,NEW,,,,,,,,,,,,,,,,,,,,,,,
NA,/vacation-packages/tours/morocco-from-sea-to-sahara,NEW,,,,,,,,,,,,,,,,,,,,,,,
NA,/vacation-packages/tours/mountain-gorilla-safari-kenya-tanzania-rwanda-2026-06-21,NEW,,,,,,,,,,,,,,,,,,,,,,,
NA,/vacation-packages/tours/mountain-gorilla-safari-kenya-tanzania-rwanda-2027-06-02,NEW,,,,,,,,,,,,,,,,,,,,,,,
NA,/vacation-packages/tours/mountain-gorilla-safari-tanzania-zanzibar-rwanda-2026-08-26,NEW,,,,,,,,,,,,,,,,,,,,,,,
NA,/vacation-packages/tours/mountain-gorilla-safari-tanzania-zanzibar-rwanda-2027-06-16,NEW,,,,,,,,,,,,,,,,,,,,,,,
NA,/vacation-packages/tours/mountains-jungles-bays-bogota-tayrona-cartagena,NEW,,,,,,,,,,,,,,,,,,,,,,,
NA,/vacation-packages/tours/mumbai-bombay,NEW,,,,,,,,,,,,,,,,,,,,,,,
NA,/vacation-packages/tours/music-of-america-nashville-to-new-orleans,NEW,,,,,,,,,,,,,,,,,,,,,,,
NA,/vacation-packages/tours/mysteries-of-india-2026,NEW,,,,,,,,,,,,,,,,,,,,,,,
NA,/vacation-packages/tours/mystical-peru-2026-06-14,NEW,,,,,,,,,,,,,,,,,,,,,,,
NA,/vacation-packages/tours/mystical-peru-2027-06-13,NEW,,,,,,,,,,,,,,,,,,,,,,,
NA,/vacation-packages/tours/namibia-epic-safari,NEW,,,,,,,,,,,,,,,,,,,,,,,
NA,/vacation-packages/tours/namibia-s-wilderness,NEW,,,,,,,,,,,,,,,,,,,,,,,
NA,/vacation-packages/tours/namibia-south-africa-epic-landscapes-and-wildlife-2026,NEW,,,,,,,,,,,,,,,,,,,,,,,
NA,/vacation-packages/tours/namibia-south-africa-epic-landscapes-wildlife-2025,NEW,,,,,,,,,,,,,,,,,,,,,,,
NA,/vacation-packages/tours/namibia-tribes-natural-wonders,NEW,,,,,,,,,,,,,,,,,,,,,,,
NA,/vacation-packages/tours/nashville-the-smoky-mountains-holiday-featuring-gatlinburg-asheville-2026,NEW,,,,,,,,,,,,,,,,,,,,,,,
NA,/vacation-packages/tours/nashville-the-smoky-mountains-holiday-featuring-gatlinburg-asheville-2027,NEW,,,,,,,,,,,,,,,,,,,,,,,
NA,/vacation-packages/tours/national-park-wonders,NEW,,,,,,,,,,,,,,,,,,,,,,,
NA,/vacation-packages/tours/national-parks-of-america-2026,NEW,,,,,,,,,,,,,,,,,,,,,,,
NA,/vacation-packages/tours/national-parks-of-america-2027,NEW,,,,,,,,,,,,,,,,,,,,,,,
NA,/vacation-packages/tours/natural-wonders-of-iceland,NEW,,,,,,,,,,,,,,,,,,,,,,,
NA,/vacation-packages/tours/nepal-trek-challenge,NEW,,,,,,,,,,,,,,,,,,,,,,,
NA,/vacation-packages/tours/new-england-holiday-featuring-the-historic-omni-mount-washington-resort-2026,NEW,,,,,,,,,,,,,,,,,,,,,,,
NA,/vacation-packages/tours/new-england-s-fall-foliage,NEW,,,,,,,,,,,,,,,,,,,,,,,
NA,/vacation-packages/tours/new-england-s-fall-foliage-a-women-only-tour,NEW,,,,,,,,,,,,,,,,,,,,,,,
NA,/vacation-packages/tours/new-zealand-a-north-south-island-adventure-2026-10-05,NEW,,,,,,,,,,,,,,,,,,,,,,,
NA,/vacation-packages/tours/new-zealand-a-north-south-island-adventure-2027-01-15,NEW,,,,,,,,,,,,,,,,,,,,,,,
NA,/vacation-packages/tours/new-zealand-dual-island-discovery,NEW,,,,,,,,,,,,,,,,,,,,,,,
NA,/vacation-packages/tours/new-zealand-getaway-essential-escorted-tour,NEW,,,,,,,,,,,,,,,,,,,,,,,
NA,/vacation-packages/tours/new-zealand-magic-2026-09-28,NEW,,,,,,,,,,,,,,,,,,,,,,,
NA,/vacation-packages/tours/new-zealand-magic-2026-09-28-56_892_LCBA26,NEW,,,,,,,,,,,,,,,,,,,,,,,
NA,/vacation-packages/tours/new-zealand-marvel,NEW,,,,,,,,,,,,,,,,,,,,,,,
NA,/vacation-packages/tours/new-zealand-north-south,NEW,,,,,,,,,,,,,,,,,,,,,,,
NA,/vacation-packages/tours/new-zealand-northern-choice,NEW,,,,,,,,,,,,,,,,,,,,,,,
NA,/vacation-packages/tours/new-zealand-panorama-2026-04-17,NEW,,,,,,,,,,,,,,,,,,,,,,,
NA,/vacation-packages/tours/new-zealand-panorama-2026-04-17-695_2093_RPACAM26,NEW,,,,,,,,,,,,,,,,,,,,,,,
NA,/vacation-packages/tours/new-zealand-panorama-2026-05-10,NEW,,,,,,,,,,,,,,,,,,,,,,,
NA,/vacation-packages/tours/new-zealand-s-northern-gems,NEW,,,,,,,,,,,,,,,,,,,,,,,
NA,/vacation-packages/tours/new-zealand-s-southern-drift,NEW,,,,,,,,,,,,,,,,,,,,,,,
NA,/vacation-packages/tours/new-zealand-s-southern-sounds,NEW,,,,,,,,,,,,,,,,,,,,,,,
NA,/vacation-packages/tours/new-zealand-sun-and-steam,NEW,,,,,,,,,,,,,,,,,,,,,,,
NA,/vacation-packages/tours/new-zealand-sweet-as-south,NEW,,,,,,,,,,,,,,,,,,,,,,,
NA,/vacation-packages/tours/new-zealand-uncovered-2026-09-15,NEW,,,,,,,,,,,,,,,,,,,,,,,
NA,/vacation-packages/tours/new-zealand-uncovered-2026-09-15-600_1627_ZAACM26,NEW,,,,,,,,,,,,,,,,,,,,,,,
NA,/vacation-packages/tours/new-zealand-vista,NEW,,,,,,,,,,,,,,,,,,,,,,,
NA,/vacation-packages/tours/newfoundland-labrador,NEW,,,,,,,,,,,,,,,,,,,,,,,
NA,/vacation-packages/tours/newfoundland-labrador-globus,NEW,,,,,,,,,,,,,,,,,,,,,,,
NA,/vacation-packages/tours/nomadic-namibia,NEW,,,,,,,,,,,,,,,,,,,,,,,
NA,/vacation-packages/tours/nomadic-namibia-35-to-45,NEW,,,,,,,,,,,,,,,,,,,,,,,
NA,/vacation-packages/tours/nordic-adventure,NEW,,,,,,,,,,,,,,,,,,,,,,,
NA,/vacation-packages/tours/nordic-discovery-sweden-finnish-lapland-5-night-cruise-of-norway-s-coast-2026,NEW,,,,,,,,,,,,,,,,,,,,,,,
NA,/vacation-packages/tours/normandy-brittany-paris-the-loire-valley,NEW,,,,,,,,,,,,,,,,,,,,,,,
NA,/vacation-packages/tours/normandy-brittany-the-loire-valley-2026-04-11,NEW,,,,,,,,,,,,,,,,,,,,,,,
NA,/vacation-packages/tours/normandy-brittany-the-loire-valley-2026-04-18,NEW,,,,,,,,,,,,,,,,,,,,,,,
NA,/vacation-packages/tours/north-american-glaciers-national-parks,NEW,,,,,,,,,,,,,,,,,,,,,,,
NA,/vacation-packages/tours/northern-california,NEW,,,,,,,,,,,,,,,,,,,,,,,
NA,/vacation-packages/tours/northern-california-with-yosemite-national-park,NEW,,,,,,,,,,,,,,,,,,,,,,,
NA,/vacation-packages/tours/northern-capitals,NEW,,,,,,,,,,,,,,,,,,,,,,,
NA,/vacation-packages/tours/northern-capitals-a-women-only-tour-2026-05-10,NEW,,,,,,,,,,,,,,,,,,,,,,,
NA,/vacation-packages/tours/northern-capitals-a-women-only-tour-2027-05-09,NEW,,,,,,,,,,,,,,,,,,,,,,,
NA,/vacation-packages/tours/northern-galapagos-cruise-quito,NEW,,,,,,,,,,,,,,,,,,,,,,,
NA,/vacation-packages/tours/northern-india-nepal-2026-10-03,NEW,,,,,,,,,,,,,,,,,,,,,,,
NA,/vacation-packages/tours/northern-india-nepal-2027-01-09,NEW,,,,,,,,,,,,,,,,,,,,,,,
NA,/vacation-packages/tours/northern-italian-lakes-countryside,NEW,,,,,,,,,,,,,,,,,,,,,,,
NA,/vacation-packages/tours/northern-italy-florence-bologna-milan,NEW,,,,,,,,,,,,,,,,,,,,,,,
NA,/vacation-packages/tours/northern-italy-highlights-cinque-terre,NEW,,,,,,,,,,,,,,,,,,,,,,,
NA,/vacation-packages/tours/northern-italy-including-cinque-terre,NEW,,,,,,,,,,,,,,,,,,,,,,,
NA,/vacation-packages/tours/northern-lights-of-scandinavia,NEW,,,,,,,,,,,,,,,,,,,,,,,
NA,/vacation-packages/tours/northern-spain-2026-04-25,NEW,,,,,,,,,,,,,,,,,,,,,,,
NA,/vacation-packages/tours/northern-spain-2026-04-25-137_638_E931N126,NEW,,,,,,,,,,,,,,,,,,,,,,,
NA,/vacation-packages/tours/northern-spain-barcelona-to-porto,NEW,,,,,,,,,,,,,,,,,,,,,,,
NA,/vacation-packages/tours/northern-spotlight,NEW,,,,,,,,,,,,,,,,,,,,,,,
NA,/vacation-packages/tours/northern-territory-dreaming,NEW,,,,,,,,,,,,,,,,,,,,,,,
NA,/vacation-packages/tours/northern-territory-explorer,NEW,,,,,,,,,,,,,,,,,,,,,,,
NA,/vacation-packages/tours/northern-territory-top-end-national-parks,NEW,,,,,,,,,,,,,,,,,,,,,,,
NA,/vacation-packages/tours/northern-thai-highlights,NEW,,,,,,,,,,,,,,,,,,,,,,,
NA,/vacation-packages/tours/northern-wonders,NEW,,,,,,,,,,,,,,,,,,,,,,,
NA,/vacation-packages/tours/norway-fjords-and-northern-lights,NEW,,,,,,,,,,,,,,,,,,,,,,,
NA,/vacation-packages/tours/norway-fjords-explorer,NEW,,,,,,,,,,,,,,,,,,,,,,,
NA,/vacation-packages/tours/norwegian-fjords-coastal-treasures-eastbound,NEW,,,,,,,,,,,,,,,,,,,,,,,
NA,/vacation-packages/tours/norwegian-fjords-coastal-treasures-westbound-2026-06-24,NEW,,,,,,,,,,,,,,,,,,,,,,,
NA,/vacation-packages/tours/norwegian-fjords-coastal-treasures-westbound-2027-06-20,NEW,,,,,,,,,,,,,,,,,,,,,,,
NA,/vacation-packages/tours/norwegian-fjords-escape,NEW,,,,,,,,,,,,,,,,,,,,,,,
NA,/vacation-packages/tours/okanagan-heritage-tour,NEW,,,,,,,,,,,,,,,,,,,,,,,
NA,/vacation-packages/tours/okavango-delta-and-deserts,NEW,,,,,,,,,,,,,,,,,,,,,,,
NA,/vacation-packages/tours/oktoberfest,NEW,,,,,,,,,,,,,,,,,,,,,,,
NA,/vacation-packages/tours/old-world-sicily-malta-2025,NEW,,,,,,,,,,,,,,,,,,,,,,,
NA,/vacation-packages/tours/old-world-sicily-malta-2026,NEW,,,,,,,,,,,,,,,,,,,,,,,
NA,/vacation-packages/tours/old-world-sicily-malta-2027,NEW,,,,,,,,,,,,,,,,,,,,,,,
NA,/vacation-packages/tours/on-safari-in-kenya-tanzania,NEW,,,,,,,,,,,,,,,,,,,,,,,
NA,/vacation-packages/tours/on-safari-in-rwanda,NEW,,,,,,,,,,,,,,,,,,,,,,,
NA,/vacation-packages/tours/ontario-quebec-and-canadian-maritimes-rail-journey,NEW,,,,,,,,,,,,,,,,,,,,,,,
NA,/vacation-packages/tours/our-private-week-in-costa-rica,NEW,,,,,,,,,,,,,,,,,,,,,,,
NA,/vacation-packages/tours/our-private-week-in-costa-rica-with-monteverde,NEW,,,,,,,,,,,,,,,,,,,,,,,
NA,/vacation-packages/tours/our-spectacular-dubai,NEW,,,,,,,,,,,,,,,,,,,,,,,
NA,/vacation-packages/tours/outback-adventure-2026-06-09,NEW,,,,,,,,,,,,,,,,,,,,,,,
NA,/vacation-packages/tours/outback-adventure-2026-06-09-450_1254_NAADM26,NEW,,,,,,,,,,,,,,,,,,,,,,,
NA,/vacation-packages/tours/outback-contrasts-2026-04-14,NEW,,,,,,,,,,,,,,,,,,,,,,,
NA,/vacation-packages/tours/outback-contrasts-2026-05-12,NEW,,,,,,,,,,,,,,,,,,,,,,,
NA,/vacation-packages/tours/outback-explorer-uluru-to-adelaide,NEW,,,,,,,,,,,,,,,,,,,,,,,
NA,/vacation-packages/tours/outback-icons-2026-06-16,NEW,,,,,,,,,,,,,,,,,,,,,,,
NA,/vacation-packages/tours/outback-icons-2026-06-16-214_866_NSAADM26,NEW,,,,,,,,,,,,,,,,,,,,,,,
NA,/vacation-packages/tours/outback-safari-2026-04-25,NEW,,,,,,,,,,,,,,,,,,,,,,,
NA,/vacation-packages/tours/outback-safari-2026-04-25-42_923_NUADM26,NEW,,,,,,,,,,,,,,,,,,,,,,,
NA,/vacation-packages/tours/pacific-northwest-california-featuring-washington-oregon-and-california-2026,NEW,,,,,,,,,,,,,,,,,,,,,,,
NA,/vacation-packages/tours/pacific-wonders-auckland-rotorua-fiji-escape-with-airfare,NEW,,,,,,,,,,,,,,,,,,,,,,,
NA,/vacation-packages/tours/painted-canyons-of-the-west-featuring-utah-s-five-national-parks-2025,NEW,,,,,,,,,,,,,,,,,,,,,,,
NA,/vacation-packages/tours/painted-canyons-of-the-west-featuring-utah-s-five-national-parks-2026,NEW,,,,,,,,,,,,,,,,,,,,,,,
NA,/vacation-packages/tours/painted-canyons-of-the-west-featuring-utah-s-five-national-parks-2027,NEW,,,,,,,,,,,,,,,,,,,,,,,
NA,/vacation-packages/tours/panoramic-canadian-rockies,NEW,,,,,,,,,,,,,,,,,,,,,,,
NA,/vacation-packages/tours/paradise-valley-yellowstone-the-tetons,NEW,,,,,,,,,,,,,,,,,,,,,,,
NA,/vacation-packages/tours/paris-dordogne-bordeaux,NEW,,,,,,,,,,,,,,,,,,,,,,,
NA,/vacation-packages/tours/paris-explorer,NEW,,,,,,,,,,,,,,,,,,,,,,,
NA,/vacation-packages/tours/paris-for-christmas,NEW,,,,,,,,,,,,,,,,,,,,,,,
NA,/vacation-packages/tours/paris-to-rome-by-train,NEW,,,,,,,,,,,,,,,,,,,,,,,
NA,/vacation-packages/tours/passage-to-the-peaks,NEW,,,,,,,,,,,,,,,,,,,,,,,
NA,/vacation-packages/tours/passage-to-west-classic-banff,NEW,,,,,,,,,,,,,,,,,,,,,,,
NA,/vacation-packages/tours/patagonia-2026-10-08,NEW,,,,,,,,,,,,,,,,,,,,,,,
NA,/vacation-packages/tours/patagonia-2027-01-07,NEW,,,,,,,,,,,,,,,,,,,,,,,
NA,/vacation-packages/tours/patagonia-edge-of-the-world-featuring-argentina-chile-and-a-4-night-patagonia-cruise-2026,NEW,,,,,,,,,,,,,,,,,,,,,,,
NA,/vacation-packages/tours/patagonia-hiking,NEW,,,,,,,,,,,,,,,,,,,,,,,
NA,/vacation-packages/tours/patagonia-in-style-5-day-program,NEW,,,,,,,,,,,,,,,,,,,,,,,
NA,/vacation-packages/tours/patagonia-in-style-6-day-program,NEW,,,,,,,,,,,,,,,,,,,,,,,
NA,/vacation-packages/tours/patagonia-in-style-7-day-program,NEW,,,,,,,,,,,,,,,,,,,,,,,
NA,/vacation-packages/tours/patagonia-trail,NEW,,,,,,,,,,,,,,,,,,,,,,,
NA,/vacation-packages/tours/peaks-of-europe-the-alps-to-the-dolomites-featuring-france-switzerland-liechtenstein-austria-and-italy-2025,NEW,,,,,,,,,,,,,,,,,,,,,,,
NA,/vacation-packages/tours/peaks-of-europe-the-alps-to-the-dolomites-featuring-france-switzerland-liechtenstein-austria-and-italy-2026,NEW,,,,,,,,,,,,,,,,,,,,,,,
NA,/vacation-packages/tours/perfect-tasmania-2026-09-11,NEW,,,,,,,,,,,,,,,,,,,,,,,
NA,/vacation-packages/tours/perfect-tasmania-2026-09-11-229_431_THLHM26,NEW,,,,,,,,,,,,,,,,,,,,,,,
NA,/vacation-packages/tours/peru-and-bolivia-explorer,NEW,,,,,,,,,,,,,,,,,,,,,,,
NA,/vacation-packages/tours/peru-and-the-galapagos-islands-2026-04-24,NEW,,,,,,,,,,,,,,,,,,,,,,,
NA,/vacation-packages/tours/peru-and-the-galapagos-islands-2027-03-26,NEW,,,,,,,,,,,,,,,,,,,,,,,
NA,/vacation-packages/tours/peru-explorer-2026-04-17,NEW,,,,,,,,,,,,,,,,,,,,,,,
NA,/vacation-packages/tours/peru-explorer-2026-04-24,NEW,,,,,,,,,,,,,,,,,,,,,,,
NA,/vacation-packages/tours/peru-in-style-5-day-program,NEW,,,,,,,,,,,,,,,,,,,,,,,
NA,/vacation-packages/tours/peru-in-style-6-day-program,NEW,,,,,,,,,,,,,,,,,,,,,,,
NA,/vacation-packages/tours/peru-in-style-7-day-program,NEW,,,,,,,,,,,,,,,,,,,,,,,
NA,/vacation-packages/tours/peru-lima-to-huaraz,NEW,,,,,,,,,,,,,,,,,,,,,,,
NA,/vacation-packages/tours/peru-machu-picchu-and-lake-titicaca-2025,NEW,,,,,,,,,,,,,,,,,,,,,,,
NA,/vacation-packages/tours/peru-machu-picchu-and-lake-titicaca-2026,NEW,,,,,,,,,,,,,,,,,,,,,,,
NA,/vacation-packages/tours/peru-panorama,NEW,,,,,,,,,,,,,,,,,,,,,,,
NA,/vacation-packages/tours/peru-uncovered,NEW,,,,,,,,,,,,,,,,,,,,,,,
NA,/vacation-packages/tours/peru-with-machu-picchu,NEW,,,,,,,,,,,,,,,,,,,,,,,
NA,/vacation-packages/tours/peru-with-machu-picchu-a-women-only-tour,NEW,,,,,,,,,,,,,,,,,,,,,,,
NA,/vacation-packages/tours/peruvian-highlights,NEW,,,,,,,,,,,,,,,,,,,,,,,
NA,/vacation-packages/tours/petra,NEW,,,,,,,,,,,,,,,,,,,,,,,
NA,/vacation-packages/tours/philippines-island-hopping-east,NEW,,,,,,,,,,,,,,,,,,,,,,,
NA,/vacation-packages/tours/philippines-island-hopping-west,NEW,,,,,,,,,,,,,,,,,,,,,,,
NA,/vacation-packages/tours/philippines-luxury-island-hopping,NEW,,,,,,,,,,,,,,,,,,,,,,,
NA,/vacation-packages/tours/phuket,NEW,,,,,,,,,,,,,,,,,,,,,,,
NA,/vacation-packages/tours/picturesque-portugal,NEW,,,,,,,,,,,,,,,,,,,,,,,
NA,/vacation-packages/tours/pilgrimage-to-fatima-lourdes-with-barcelona-2025,NEW,,,,,,,,,,,,,,,,,,,,,,,
NA,/vacation-packages/tours/pilgrimage-to-fatima-lourdes-with-barcelona-2026,NEW,,,,,,,,,,,,,,,,,,,,,,,
NA,/vacation-packages/tours/pioneer-adventures-of-the-old-west,NEW,,,,,,,,,,,,,,,,,,,,,,,
NA,/vacation-packages/tours/polar-bears-beluga-whales-of-churchill,NEW,,,,,,,,,,,,,,,,,,,,,,,
NA,/vacation-packages/tours/porto-coimbra-and-lisbon,NEW,,,,,,,,,,,,,,,,,,,,,,,
NA,/vacation-packages/tours/porto-lisbon-with-douro-valley,NEW,,,,,,,,,,,,,,,,,,,,,,,
NA,/vacation-packages/tours/porto-prelude-cruising-the-douro,NEW,,,,,,,,,,,,,,,,,,,,,,,
NA,/vacation-packages/tours/porto-the-douro-valley-2026-08-07,NEW,,,,,,,,,,,,,,,,,,,,,,,
NA,/vacation-packages/tours/porto-the-douro-valley-2027-06-04,NEW,,,,,,,,,,,,,,,,,,,,,,,
NA,/vacation-packages/tours/porto-to-lisbon-atlantic-ride,NEW,,,,,,,,,,,,,,,,,,,,,,,
NA,/vacation-packages/tours/portugal-and-its-islands-featuring-lisbon-azores-madeira-islands-2025,NEW,,,,,,,,,,,,,,,,,,,,,,,
NA,/vacation-packages/tours/portugal-highlights,NEW,,,,,,,,,,,,,,,,,,,,,,,
NA,/vacation-packages/tours/portugal-long-stay,NEW,,,,,,,,,,,,,,,,,,,,,,,
NA,/vacation-packages/tours/portugal-north-to-south,NEW,,,,,,,,,,,,,,,,,,,,,,,
NA,/vacation-packages/tours/portugal-porto-lisbon,NEW,,,,,,,,,,,,,,,,,,,,,,,
NA,/vacation-packages/tours/portugal-s-old-world-charms-featuring-douro-valley-alentejo-lisbon-2025,NEW,,,,,,,,,,,,,,,,,,,,,,,
NA,/vacation-packages/tours/portugal-s-old-world-charms-featuring-douro-valley-alentejo-lisbon-2026,NEW,,,,,,,,,,,,,,,,,,,,,,,
NA,/vacation-packages/tours/portugal-s-old-world-charms-featuring-douro-valley-alentejo-lisbon-2027,NEW,,,,,,,,,,,,,,,,,,,,,,,
NA,/vacation-packages/tours/positano-private-tour,NEW,,,,,,,,,,,,,,,,,,,,,,,
NA,/vacation-packages/tours/prague-the-danube-eastbound-2026-08-01,NEW,,,,,,,,,,,,,,,,,,,,,,,
NA,/vacation-packages/tours/prague-the-danube-eastbound-2027-04-08,NEW,,,,,,,,,,,,,,,,,,,,,,,
NA,/vacation-packages/tours/prague-vienna-and-budapest-2026-04-10,NEW,,,,,,,,,,,,,,,,,,,,,,,
NA,/vacation-packages/tours/prague-vienna-and-budapest-2026-04-17,NEW,,,,,,,,,,,,,,,,,,,,,,,
NA,/vacation-packages/tours/pure-costa-rica-monteverde-arenal-corcovado,NEW,,,,,,,,,,,,,,,,,,,,,,,
NA,/vacation-packages/tours/pure-patagonia,NEW,,,,,,,,,,,,,,,,,,,,,,,
NA,/vacation-packages/tours/pure-sri-lanka,NEW,,,,,,,,,,,,,,,,,,,,,,,
NA,/vacation-packages/tours/quilt-canada-expo,NEW,,,,,,,,,,,,,,,,,,,,,,,
NA,/vacation-packages/tours/quito,NEW,,,,,,,,,,,,,,,,,,,,,,,
NA,/vacation-packages/tours/rainforest-to-gold-rush,NEW,,,,,,,,,,,,,,,,,,,,,,,
NA,/vacation-packages/tours/real-britain,NEW,,,,,,,,,,,,,,,,,,,,,,,
NA,/vacation-packages/tours/real-italy,NEW,,,,,,,,,,,,,,,,,,,,,,,
NA,/vacation-packages/tours/real-sicily,NEW,,,,,,,,,,,,,,,,,,,,,,,
NA,/vacation-packages/tours/real-sicily-35-to-45,NEW,,,,,,,,,,,,,,,,,,,,,,,
NA,/vacation-packages/tours/red-centre-active-adventure,NEW,,,,,,,,,,,,,,,,,,,,,,,
NA,/vacation-packages/tours/red-centre-highlights,NEW,,,,,,,,,,,,,,,,,,,,,,,
NA,/vacation-packages/tours/red-rocks-painted-canyons,NEW,,,,,,,,,,,,,,,,,,,,,,,
NA,/vacation-packages/tours/reflections-of-italy-2026,NEW,,,,,,,,,,,,,,,,,,,,,,,
NA,/vacation-packages/tours/reflections-of-italy-featuring-como-2025,NEW,,,,,,,,,,,,,,,,,,,,,,,
NA,/vacation-packages/tours/reflections-of-italy-featuring-como-2026,NEW,,,,,,,,,,,,,,,,,,,,,,,
NA,/vacation-packages/tours/remarkable-adelaide-to-kangaroo-island,NEW,,,,,,,,,,,,,,,,,,,,,,,
NA,/vacation-packages/tours/rendezvous-on-the-seine-2026-04-08,NEW,,,,,,,,,,,,,,,,,,,,,,,
NA,/vacation-packages/tours/rendezvous-on-the-seine-2026-05-08,NEW,,,,,,,,,,,,,,,,,,,,,,,
NA,/vacation-packages/tours/rendezvous-on-the-seine-2027-04-06,NEW,,,,,,,,,,,,,,,,,,,,,,,
NA,/vacation-packages/tours/rhine-connoisseur-brussels-to-montreux-southbound,NEW,,,,,,,,,,,,,,,,,,,,,,,
NA,/vacation-packages/tours/rhine-connoisseur-lake-geneva-to-belgium-northbound-2026-05-24,NEW,,,,,,,,,,,,,,,,,,,,,,,
NA,/vacation-packages/tours/rhine-connoisseur-lake-geneva-to-belgium-northbound-2027-04-19,NEW,,,,,,,,,,,,,,,,,,,,,,,
NA,/vacation-packages/tours/rhine-enchantment-amsterdam-to-milan-southbound-2026-05-06,NEW,,,,,,,,,,,,,,,,,,,,,,,
NA,/vacation-packages/tours/rhine-enchantment-amsterdam-to-milan-southbound-2026-06-28,NEW,,,,,,,,,,,,,,,,,,,,,,,
NA,/vacation-packages/tours/rhine-enchantment-amsterdam-to-milan-southbound-2027-05-05,NEW,,,,,,,,,,,,,,,,,,,,,,,
NA,/vacation-packages/tours/rhine-enchantment-amsterdam-to-milan-southbound-2027-06-27,NEW,,,,,,,,,,,,,,,,,,,,,,,
NA,/vacation-packages/tours/rhine-enchantment-milan-to-amsterdam-northbound-2026-05-07,NEW,,,,,,,,,,,,,,,,,,,,,,,
NA,/vacation-packages/tours/rhine-enchantment-milan-to-amsterdam-northbound-2026-07-19,NEW,,,,,,,,,,,,,,,,,,,,,,,
NA,/vacation-packages/tours/rhine-enchantment-milan-to-amsterdam-northbound-2027-05-06,NEW,,,,,,,,,,,,,,,,,,,,,,,
NA,/vacation-packages/tours/rhine-enchantment-milan-to-amsterdam-northbound-2027-07-04,NEW,,,,,,,,,,,,,,,,,,,,,,,
NA,/vacation-packages/tours/rhythm-alps-festival,NEW,,,,,,,,,,,,,,,,,,,,,,,
NA,/vacation-packages/tours/rhythms-of-the-south,NEW,,,,,,,,,,,,,,,,,,,,,,,
NA,/vacation-packages/tours/rio,NEW,,,,,,,,,,,,,,,,,,,,,,,
NA,/vacation-packages/tours/road-to-rome,NEW,,,,,,,,,,,,,,,,,,,,,,,
NA,/vacation-packages/tours/road-trip-to-oktoberfest,NEW,,,,,,,,,,,,,,,,,,,,,,,
NA,/vacation-packages/tours/road-trip-usa-coast-to-coast,NEW,,,,,,,,,,,,,,,,,,,,,,,
NA,/vacation-packages/tours/roaming-coastal-maine-featuring-portland-acadia-penobscot-bay-2026,NEW,,,,,,,,,,,,,,,,,,,,,,,
NA,/vacation-packages/tours/rocky-mountaineer-first-passage-to-the-west-hosted-tour,NEW,,,,,,,,,,,,,,,,,,,,,,,
NA,/vacation-packages/tours/romantic-britain-ireland,NEW,,,,,,,,,,,,,,,,,,,,,,,
NA,/vacation-packages/tours/romantic-capitals-paris-to-prague-eastbound-2026-05-04,NEW,,,,,,,,,,,,,,,,,,,,,,,
NA,/vacation-packages/tours/romantic-capitals-paris-to-prague-eastbound-2027-05-03,NEW,,,,,,,,,,,,,,,,,,,,,,,
NA,/vacation-packages/tours/romantic-capitals-prague-to-paris-westbound-2026-04-25,NEW,,,,,,,,,,,,,,,,,,,,,,,
NA,/vacation-packages/tours/romantic-capitals-prague-to-paris-westbound-2027-04-24,NEW,,,,,,,,,,,,,,,,,,,,,,,
NA,/vacation-packages/tours/romantic-european,NEW,,,,,,,,,,,,,,,,,,,,,,,
NA,/vacation-packages/tours/romantic-germany,NEW,,,,,,,,,,,,,,,,,,,,,,,
NA,/vacation-packages/tours/rome,NEW,,,,,,,,,,,,,,,,,,,,,,,
NA,/vacation-packages/tours/rome-and-tuscan-highlights,NEW,,,,,,,,,,,,,,,,,,,,,,,
NA,/vacation-packages/tours/rome-sicily-malta,NEW,,,,,,,,,,,,,,,,,,,,,,,
NA,/vacation-packages/tours/rome-sorrento-the-amalfi-coast-2026,NEW,,,,,,,,,,,,,,,,,,,,,,,
NA,/vacation-packages/tours/rome-sorrento-the-amalfi-coast-featuring-amalfi-ravello-2026,NEW,,,,,,,,,,,,,,,,,,,,,,,
NA,/vacation-packages/tours/rome-the-amalfi-coast-2025,NEW,,,,,,,,,,,,,,,,,,,,,,,
NA,/vacation-packages/tours/rome-the-amalfi-coast-christmas-season-in-sorrento-2026,NEW,,,,,,,,,,,,,,,,,,,,,,,
NA,/vacation-packages/tours/rome-the-amalfi-coast-sicily-southbound-2026-04-24,NEW,,,,,,,,,,,,,,,,,,,,,,,
NA,/vacation-packages/tours/rome-the-amalfi-coast-sicily-southbound-2027-04-20,NEW,,,,,,,,,,,,,,,,,,,,,,,
NA,/vacation-packages/tours/rome-to-barcelona-by-train,NEW,,,,,,,,,,,,,,,,,,,,,,,
NA,/vacation-packages/tours/rome-to-london-quest,NEW,,,,,,,,,,,,,,,,,,,,,,,
NA,/vacation-packages/tours/rome-to-london-trail,NEW,,,,,,,,,,,,,,,,,,,,,,,
NA,/vacation-packages/tours/rome-to-tuscany-privately-guided-italy,NEW,,,,,,,,,,,,,,,,,,,,,,,
NA,/vacation-packages/tours/sakura-seas-japan-south-korea-westbound-2026-04-19,NEW,,,,,,,,,,,,,,,,,,,,,,,
NA,/vacation-packages/tours/sakura-seas-japan-south-korea-westbound-2027-04-05,NEW,,,,,,,,,,,,,,,,,,,,,,,
NA,/vacation-packages/tours/sakura-seas-south-korea-japan-eastbound-2026-04-10,NEW,,,,,,,,,,,,,,,,,,,,,,,
NA,/vacation-packages/tours/sakura-seas-south-korea-japan-eastbound-2027-04-12,NEW,,,,,,,,,,,,,,,,,,,,,,,
NA,/vacation-packages/tours/salt-lake-city-to-denver-with-canyon-spirit-eastbound,NEW,,,,,,,,,,,,,,,,,,,,,,,
NA,/vacation-packages/tours/salta-argentina-s-beautiful-northwest,NEW,,,,,,,,,,,,,,,,,,,,,,,
NA,/vacation-packages/tours/san-francisco-getaway-with-napa-valley-wine-train,NEW,,,,,,,,,,,,,,,,,,,,,,,
NA,/vacation-packages/tours/san-sebasti-n-rioja-2026-08-02,NEW,,,,,,,,,,,,,,,,,,,,,,,
NA,/vacation-packages/tours/san-sebasti-n-rioja-2027-04-25,NEW,,,,,,,,,,,,,,,,,,,,,,,
NA,/vacation-packages/tours/sand-and-surf-death-valley-to-san-diego-2026-10-23,NEW,,,,,,,,,,,,,,,,,,,,,,,
NA,/vacation-packages/tours/sand-and-surf-death-valley-to-san-diego-2027-01-17,NEW,,,,,,,,,,,,,,,,,,,,,,,
NA,/vacation-packages/tours/santiago,NEW,,,,,,,,,,,,,,,,,,,,,,,
NA,/vacation-packages/tours/savoring-france-paris-lyon-provence-2026-06-09,NEW,,,,,,,,,,,,,,,,,,,,,,,
NA,/vacation-packages/tours/savoring-france-paris-lyon-provence-2027-03-21,NEW,,,,,,,,,,,,,,,,,,,,,,,
NA,/vacation-packages/tours/scandinavia,NEW,,,,,,,,,,,,,,,,,,,,,,,
NA,/vacation-packages/tours/scandinavia-35-to-45,NEW,,,,,,,,,,,,,,,,,,,,,,,
NA,/vacation-packages/tours/scandinavia-2026-05-12,NEW,,,,,,,,,,,,,,,,,,,,,,,
NA,/vacation-packages/tours/scandinavia-2026-05-27,NEW,,,,,,,,,,,,,,,,,,,,,,,
NA,/vacation-packages/tours/scandinavia-and-best-of-baltics,NEW,,,,,,,,,,,,,,,,,,,,,,,
NA,/vacation-packages/tours/scandinavian-northern-lights,NEW,,,,,,,,,,,,,,,,,,,,,,,
NA,/vacation-packages/tours/scenic-great-lakes-with-mackinac-island,NEW,,,,,,,,,,,,,,,,,,,,,,,
NA,/vacation-packages/tours/scenic-iceland-and-the-northern-lights,NEW,,,,,,,,,,,,,,,,,,,,,,,
NA,/vacation-packages/tours/scenic-parks-explorer,NEW,,,,,,,,,,,,,,,,,,,,,,,
NA,/vacation-packages/tours/scenic-scandinavia-and-its-fjords,NEW,,,,,,,,,,,,,,,,,,,,,,,
NA,/vacation-packages/tours/scenic-seattle-portland-and-oregon-coast,NEW,,,,,,,,,,,,,,,,,,,,,,,
NA,/vacation-packages/tours/scenic-switzerland-from-zurich,NEW,,,,,,,,,,,,,,,,,,,,,,,
NA,/vacation-packages/tours/scenic-wonders-of-newfoundland-and-labrador,NEW,,,,,,,,,,,,,,,,,,,,,,,
NA,/vacation-packages/tours/scotland-and-ireland,NEW,,,,,,,,,,,,,,,,,,,,,,,
NA,/vacation-packages/tours/scotland-and-ireland-35-to-45,NEW,,,,,,,,,,,,,,,,,,,,,,,
NA,/vacation-packages/tours/scotland-in-a-week,NEW,,,,,,,,,,,,,,,,,,,,,,,
NA,/vacation-packages/tours/scotland-in-a-week-35-to-45,NEW,,,,,,,,,,,,,,,,,,,,,,,
NA,/vacation-packages/tours/scotland-land-of-lore-legend-2025,NEW,,,,,,,,,,,,,,,,,,,,,,,
NA,/vacation-packages/tours/scotland-land-of-lore-legend-2026,NEW,,,,,,,,,,,,,,,,,,,,,,,
NA,/vacation-packages/tours/scotland-land-of-lore-legend-featuring-the-royal-edinburgh-military-tattoo-2026,NEW,,,,,,,,,,,,,,,,,,,,,,,
NA,/vacation-packages/tours/scotland-s-highlands-islands-and-cities,NEW,,,,,,,,,,,,,,,,,,,,,,,
NA,/vacation-packages/tours/scotlands-highlands-islands-and-cities,NEW,,,,,,,,,,,,,,,,,,,,,,,
NA,/vacation-packages/tours/scottish-highland-fling,NEW,,,,,,,,,,,,,,,,,,,,,,,
NA,/vacation-packages/tours/scottish-irish-sampler,NEW,,,,,,,,,,,,,,,,,,,,,,,
NA,/vacation-packages/tours/scottish-isles-glens,NEW,,,,,,,,,,,,,,,,,,,,,,,
NA,/vacation-packages/tours/sea-safari-south-africa,NEW,,,,,,,,,,,,,,,,,,,,,,,
NA,/vacation-packages/tours/secrets-of-greece-including-corfu,NEW,,,,,,,,,,,,,,,,,,,,,,,
NA,/vacation-packages/tours/secrets-of-the-rockies-and-glacier-national-park,NEW,,,,,,,,,,,,,,,,,,,,,,,
NA,/vacation-packages/tours/sensational-vietnam-and-laos,NEW,,,,,,,,,,,,,,,,,,,,,,,
NA,/vacation-packages/tours/seoul,NEW,,,,,,,,,,,,,,,,,,,,,,,
NA,/vacation-packages/tours/sequoia-kings-canyon-national-parks-featuring-san-diego-and-california-s-central-coast-2026,NEW,,,,,,,,,,,,,,,,,,,,,,,
NA,/vacation-packages/tours/shades-of-ireland,NEW,,,,,,,,,,,,,,,,,,,,,,,
NA,/vacation-packages/tours/shades-of-ireland-2025,NEW,,,,,,,,,,,,,,,,,,,,,,,
NA,/vacation-packages/tours/shades-of-ireland-2026,NEW,,,,,,,,,,,,,,,,,,,,,,,
NA,/vacation-packages/tours/shades-of-ireland-featuring-northern-ireland-2025,NEW,,,,,,,,,,,,,,,,,,,,,,,
NA,/vacation-packages/tours/shades-of-ireland-featuring-northern-ireland-2026,NEW,,,,,,,,,,,,,,,,,,,,,,,
NA,/vacation-packages/tours/shades-of-the-english-countryside-featuring-london-cornwall-the-cotswolds-2025,NEW,,,,,,,,,,,,,,,,,,,,,,,
NA,/vacation-packages/tours/shades-of-the-english-countryside-featuring-london-cornwall-the-cotswolds-2026,NEW,,,,,,,,,,,,,,,,,,,,,,,
NA,/vacation-packages/tours/shores-of-eastern-canada-and-new-england-northbound,NEW,,,,,,,,,,,,,,,,,,,,,,,
NA,/vacation-packages/tours/shrines-of-italy-2025,NEW,,,,,,,,,,,,,,,,,,,,,,,
NA,/vacation-packages/tours/shrines-of-italy-2026,NEW,,,,,,,,,,,,,,,,,,,,,,,
NA,/vacation-packages/tours/shrines-of-italy-2027,NEW,,,,,,,,,,,,,,,,,,,,,,,
NA,/vacation-packages/tours/sicily-and-its-isles-2025,NEW,,,,,,,,,,,,,,,,,,,,,,,
NA,/vacation-packages/tours/sicily-and-its-isles-2026,NEW,,,,,,,,,,,,,,,,,,,,,,,
NA,/vacation-packages/tours/sicily-and-its-isles-2027,NEW,,,,,,,,,,,,,,,,,,,,,,,
NA,/vacation-packages/tours/sicily-in-depth,NEW,,,,,,,,,,,,,,,,,,,,,,,
NA,/vacation-packages/tours/sicily-the-amalfi-coast-rome-northbound-2026-04-17,NEW,,,,,,,,,,,,,,,,,,,,,,,
NA,/vacation-packages/tours/sicily-the-amalfi-coast-rome-northbound-2027-04-13,NEW,,,,,,,,,,,,,,,,,,,,,,,
NA,/vacation-packages/tours/siena,NEW,,,,,,,,,,,,,,,,,,,,,,,
NA,/vacation-packages/tours/simply-italy-35-to-45,NEW,,,,,,,,,,,,,,,,,,,,,,,
NA,/vacation-packages/tours/singapore,NEW,,,,,,,,,,,,,,,,,,,,,,,
NA,/vacation-packages/tours/singapore-overwater-villa-experience-air-inclusive,NEW,,,,,,,,,,,,,,,,,,,,,,,
NA,/vacation-packages/tours/singapore-private-island-experience,NEW,,,,,,,,,,,,,,,,,,,,,,,
NA,/vacation-packages/tours/ski-austria,NEW,,,,,,,,,,,,,,,,,,,,,,,
NA,/vacation-packages/tours/ski-austria-1-week,NEW,,,,,,,,,,,,,,,,,,,,,,,
NA,/vacation-packages/tours/ski-austria-2-weeks,NEW,,,,,,,,,,,,,,,,,,,,,,,
NA,/vacation-packages/tours/ski-canada,NEW,,,,,,,,,,,,,,,,,,,,,,,
NA,/vacation-packages/tours/ski-new-zealand,NEW,,,,,,,,,,,,,,,,,,,,,,,
NA,/vacation-packages/tours/solo-ish-belize,NEW,,,,,,,,,,,,,,,,,,,,,,,
NA,/vacation-packages/tours/solo-ish-croatia,NEW,,,,,,,,,,,,,,,,,,,,,,,
NA,/vacation-packages/tours/solo-ish-south-korea,NEW,,,,,,,,,,,,,,,,,,,,,,,
NA,/vacation-packages/tours/solo-ish-spain,NEW,,,,,,,,,,,,,,,,,,,,,,,
NA,/vacation-packages/tours/sorrento-and-pompeii,NEW,,,,,,,,,,,,,,,,,,,,,,,
NA,/vacation-packages/tours/soul-of-the-deep-south,NEW,,,,,,,,,,,,,,,,,,,,,,,
NA,/vacation-packages/tours/soul-of-the-deep-south-a-women-only-tour,NEW,,,,,,,,,,,,,,,,,,,,,,,
NA,/vacation-packages/tours/south-africa-an-elegant-adventure-2026-04-24,NEW,,,,,,,,,,,,,,,,,,,,,,,
NA,/vacation-packages/tours/south-africa-an-elegant-adventure-2027-01-29,NEW,,,,,,,,,,,,,,,,,,,,,,,
NA,/vacation-packages/tours/south-africa-in-style,NEW,,,,,,,,,,,,,,,,,,,,,,,
NA,/vacation-packages/tours/south-africa-mozambique,NEW,,,,,,,,,,,,,,,,,,,,,,,
NA,/vacation-packages/tours/south-africa-with-luxury-rovos-rail,NEW,,,,,,,,,,,,,,,,,,,,,,,
NA,/vacation-packages/tours/south-america-discovery,NEW,,,,,,,,,,,,,,,,,,,,,,,
NA,/vacation-packages/tours/south-america-revealed,NEW,,,,,,,,,,,,,,,,,,,,,,,
NA,/vacation-packages/tours/south-america-samba,NEW,,,,,,,,,,,,,,,,,,,,,,,
NA,/vacation-packages/tours/south-american-explorer,NEW,,,,,,,,,,,,,,,,,,,,,,,
NA,/vacation-packages/tours/south-australian-eyre-peninsula-escape,NEW,,,,,,,,,,,,,,,,,,,,,,,
NA,/vacation-packages/tours/south-australian-outback-adventure,NEW,,,,,,,,,,,,,,,,,,,,,,,
NA,/vacation-packages/tours/south-australian-wildlife-and-wine,NEW,,,,,,,,,,,,,,,,,,,,,,,
NA,/vacation-packages/tours/south-korean-soul,NEW,,,,,,,,,,,,,,,,,,,,,,,
NA,/vacation-packages/tours/south-korean-soul-with-jeju-island-35-to-45,NEW,,,,,,,,,,,,,,,,,,,,,,,
NA,/vacation-packages/tours/south-pacific-trio-australia-new-zealand-and-fiji-with-airfare,NEW,,,,,,,,,,,,,,,,,,,,,,,
NA,/vacation-packages/tours/south-pacific-wonders-2025,NEW,,,,,,,,,,,,,,,,,,,,,,,
NA,/vacation-packages/tours/south-pacific-wonders-2026,NEW,,,,,,,,,,,,,,,,,,,,,,,
NA,/vacation-packages/tours/south-pacific-wonders-including-new-zealand-s-north-island-2026,NEW,,,,,,,,,,,,,,,,,,,,,,,
NA,/vacation-packages/tours/south-western-escape,NEW,,,,,,,,,,,,,,,,,,,,,,,
NA,/vacation-packages/tours/south-western-escape-2025,NEW,,,,,,,,,,,,,,,,,,,,,,,
NA,/vacation-packages/tours/southern-africa-safari,NEW,,,,,,,,,,,,,,,,,,,,,,,
NA,/vacation-packages/tours/southern-africa-safari-35-to-45,NEW,,,,,,,,,,,,,,,,,,,,,,,
NA,/vacation-packages/tours/southern-capitals-city-meets-bush-2026-05-14,NEW,,,,,,,,,,,,,,,,,,,,,,,
NA,/vacation-packages/tours/southern-capitals-city-meets-bush-2026-05-14-192_496_ESBMM26,NEW,,,,,,,,,,,,,,,,,,,,,,,
NA,/vacation-packages/tours/southern-charm-featuring-charleston-savannah-and-jekyll-island-2026,NEW,,,,,,,,,,,,,,,,,,,,,,,
NA,/vacation-packages/tours/southern-charm-featuring-charleston-savannah-and-jekyll-island-2027,NEW,,,,,,,,,,,,,,,,,,,,,,,
NA,/vacation-packages/tours/southern-charm-featuring-charleston-savannah-jekyll-island-2025,NEW,,,,,,,,,,,,,,,,,,,,,,,
NA,/vacation-packages/tours/southern-charm-holiday-2026,NEW,,,,,,,,,,,,,,,,,,,,,,,
NA,/vacation-packages/tours/southern-charm-holiday-2027,NEW,,,,,,,,,,,,,,,,,,,,,,,
NA,/vacation-packages/tours/southern-charms-st-augustine-savannah-charleston,NEW,,,,,,,,,,,,,,,,,,,,,,,
NA,/vacation-packages/tours/southern-italy-and-sicily,NEW,,,,,,,,,,,,,,,,,,,,,,,
NA,/vacation-packages/tours/southern-italy-sicily,NEW,,,,,,,,,,,,,,,,,,,,,,,
NA,/vacation-packages/tours/southern-italy-sicily-featuring-taormina-matera-and-the-amalfi-coast-2025,NEW,,,,,,,,,,,,,,,,,,,,,,,
NA,/vacation-packages/tours/southern-italy-sicily-featuring-taormina-matera-and-the-amalfi-coast-2026,NEW,,,,,,,,,,,,,,,,,,,,,,,
NA,/vacation-packages/tours/southern-morocco,NEW,,,,,,,,,,,,,,,,,,,,,,,
NA,/vacation-packages/tours/southern-spectacular-2026-09-22,NEW,,,,,,,,,,,,,,,,,,,,,,,
NA,/vacation-packages/tours/southern-spectacular-2026-09-22-184_438_ZCQRM26,NEW,,,,,,,,,,,,,,,,,,,,,,,
NA,/vacation-packages/tours/southern-spirit,NEW,,,,,,,,,,,,,,,,,,,,,,,
NA,/vacation-packages/tours/southern-spotlight,NEW,,,,,,,,,,,,,,,,,,,,,,,
NA,/vacation-packages/tours/southern-thai-highlights,NEW,,,,,,,,,,,,,,,,,,,,,,,
NA,/vacation-packages/tours/southern-wonders,NEW,,,,,,,,,,,,,,,,,,,,,,,
NA,/vacation-packages/tours/spain-and-portugal,NEW,,,,,,,,,,,,,,,,,,,,,,,
NA,/vacation-packages/tours/spain-and-portugal-essential-tour,NEW,,,,,,,,,,,,,,,,,,,,,,,
NA,/vacation-packages/tours/spain-and-portugal-highlights,NEW,,,,,,,,,,,,,,,,,,,,,,,
NA,/vacation-packages/tours/spain-and-portugal-in-style,NEW,,,,,,,,,,,,,,,,,,,,,,,
NA,/vacation-packages/tours/spain-by-rail,NEW,,,,,,,,,,,,,,,,,,,,,,,
NA,/vacation-packages/tours/spain-by-rail-with-malaga,NEW,,,,,,,,,,,,,,,,,,,,,,,
NA,/vacation-packages/tours/spain-catalonia-by-rail,NEW,,,,,,,,,,,,,,,,,,,,,,,
NA,/vacation-packages/tours/spain-in-depth,NEW,,,,,,,,,,,,,,,,,,,,,,,
NA,/vacation-packages/tours/spain-morocco-and-portugal,NEW,,,,,,,,,,,,,,,,,,,,,,,
NA,/vacation-packages/tours/spain-morocco-portugal-whirl,NEW,,,,,,,,,,,,,,,,,,,,,,,
NA,/vacation-packages/tours/spain-portugal,NEW,,,,,,,,,,,,,,,,,,,,,,,
NA,/vacation-packages/tours/spain-portugal-and-morocco-highlights,NEW,,,,,,,,,,,,,,,,,,,,,,,
NA,/vacation-packages/tours/spain-s-classics-2025,NEW,,,,,,,,,,,,,,,,,,,,,,,
NA,/vacation-packages/tours/spain-s-classics-portugal-2025,NEW,,,,,,,,,,,,,,,,,,,,,,,
NA,/vacation-packages/tours/spain-s-classics-portugal-2026,NEW,,,,,,,,,,,,,,,,,,,,,,,
NA,/vacation-packages/tours/spain-s-costa-del-sol-madrid-2025,NEW,,,,,,,,,,,,,,,,,,,,,,,
NA,/vacation-packages/tours/spain-s-costa-del-sol-madrid-2026,NEW,,,,,,,,,,,,,,,,,,,,,,,
NA,/vacation-packages/tours/spains-cities-and-coast,NEW,,,,,,,,,,,,,,,,,,,,,,,
NA,/vacation-packages/tours/spanish-experience,NEW,,,,,,,,,,,,,,,,,,,,,,,
NA,/vacation-packages/tours/spanish-heritage,NEW,,,,,,,,,,,,,,,,,,,,,,,
NA,/vacation-packages/tours/spanish-wonder,NEW,,,,,,,,,,,,,,,,,,,,,,,
NA,/vacation-packages/tours/spectacular-canadian-rockies,NEW,,,,,,,,,,,,,,,,,,,,,,,
NA,/vacation-packages/tours/spectacular-canyons-and-national-parks,NEW,,,,,,,,,,,,,,,,,,,,,,,
NA,/vacation-packages/tours/spectacular-national-parks-of-eastern-usa,NEW,,,,,,,,,,,,,,,,,,,,,,,
NA,/vacation-packages/tours/spectacular-new-zealand,NEW,,,,,,,,,,,,,,,,,,,,,,,
NA,/vacation-packages/tours/spectacular-rockies-and-glaciers-of-alberta,NEW,,,,,,,,,,,,,,,,,,,,,,,
NA,/vacation-packages/tours/spectacular-scandinavia-2025,NEW,,,,,,,,,,,,,,,,,,,,,,,
NA,/vacation-packages/tours/spectacular-scandinavia-2026,NEW,,,,,,,,,,,,,,,,,,,,,,,
NA,/vacation-packages/tours/spectacular-scandinavia-and-its-fjords,NEW,,,,,,,,,,,,,,,,,,,,,,,
NA,/vacation-packages/tours/spectacular-scandinavia-its-fjords,NEW,,,,,,,,,,,,,,,,,,,,,,,
NA,/vacation-packages/tours/spectacular-scotland,NEW,,,,,,,,,,,,,,,,,,,,,,,
NA,/vacation-packages/tours/spectacular-south-africa,NEW,,,,,,,,,,,,,,,,,,,,,,,
NA,/vacation-packages/tours/spectacular-south-africa-victoria-falls,NEW,,,,,,,,,,,,,,,,,,,,,,,
NA,/vacation-packages/tours/spectacular-tanzania-the-serengeti,NEW,,,,,,,,,,,,,,,,,,,,,,,
NA,/vacation-packages/tours/spirit-of-bhutan,NEW,,,,,,,,,,,,,,,,,,,,,,,
NA,/vacation-packages/tours/spirit-of-india,NEW,,,,,,,,,,,,,,,,,,,,,,,
NA,/vacation-packages/tours/spirit-of-new-zealand,NEW,,,,,,,,,,,,,,,,,,,,,,,
NA,/vacation-packages/tours/spirit-of-the-american-southwest-landscapes-cultures-of-new-mexico-arizona-2026,NEW,,,,,,,,,,,,,,,,,,,,,,,
NA,/vacation-packages/tours/spirit-of-the-desert-the-national-parks-of-the-southwest,NEW,,,,,,,,,,,,,,,,,,,,,,,
NA,/vacation-packages/tours/spirit-of-vietnam,NEW,,,,,,,,,,,,,,,,,,,,,,,
NA,/vacation-packages/tours/splendid-europe,NEW,,,,,,,,,,,,,,,,,,,,,,,
NA,/vacation-packages/tours/splendid-portugal-from-porto-to-the-algarve-2027,NEW,,,,,,,,,,,,,,,,,,,,,,,
NA,/vacation-packages/tours/splendours-of-egypt-a-women-only-tour,NEW,,,,,,,,,,,,,,,,,,,,,,,
NA,/vacation-packages/tours/splendours-of-italy,NEW,,,,,,,,,,,,,,,,,,,,,,,
NA,/vacation-packages/tours/spotlight-on-australia,NEW,,,,,,,,,,,,,,,,,,,,,,,
NA,/vacation-packages/tours/spotlight-on-greece,NEW,,,,,,,,,,,,,,,,,,,,,,,
NA,/vacation-packages/tours/spotlight-on-london-2025,NEW,,,,,,,,,,,,,,,,,,,,,,,
NA,/vacation-packages/tours/spotlight-on-london-2026,NEW,,,,,,,,,,,,,,,,,,,,,,,
NA,/vacation-packages/tours/spotlight-on-new-york-city-2025,NEW,,,,,,,,,,,,,,,,,,,,,,,
NA,/vacation-packages/tours/spotlight-on-new-york-city-2026,NEW,,,,,,,,,,,,,,,,,,,,,,,
NA,/vacation-packages/tours/spotlight-on-new-york-city-2027,NEW,,,,,,,,,,,,,,,,,,,,,,,
NA,/vacation-packages/tours/spotlight-on-new-york-city-beyond-the-bridges-2026,NEW,,,,,,,,,,,,,,,,,,,,,,,
NA,/vacation-packages/tours/spotlight-on-new-york-city-beyond-the-bridges-2027,NEW,,,,,,,,,,,,,,,,,,,,,,,
NA,/vacation-packages/tours/spotlight-on-new-york-city-holiday-2026,NEW,,,,,,,,,,,,,,,,,,,,,,,
NA,/vacation-packages/tours/spotlight-on-new-york-city-holiday-2027,NEW,,,,,,,,,,,,,,,,,,,,,,,
NA,/vacation-packages/tours/spotlight-on-northern-italy-featuring-venice-verona-the-dolomites-2025,NEW,,,,,,,,,,,,,,,,,,,,,,,
NA,/vacation-packages/tours/spotlight-on-northern-italy-featuring-venice-verona-the-dolomites-2026,NEW,,,,,,,,,,,,,,,,,,,,,,,
NA,/vacation-packages/tours/spotlight-on-northern-italy-featuring-venice-verona-the-dolomites-2027,NEW,,,,,,,,,,,,,,,,,,,,,,,
NA,/vacation-packages/tours/spotlight-on-paris-2025,NEW,,,,,,,,,,,,,,,,,,,,,,,
NA,/vacation-packages/tours/spotlight-on-paris-2026,NEW,,,,,,,,,,,,,,,,,,,,,,,
NA,/vacation-packages/tours/spotlight-on-south-africa-and-victoria-falls-2026-04-18,NEW,,,,,,,,,,,,,,,,,,,,,,,
NA,/vacation-packages/tours/spotlight-on-south-africa-and-victoria-falls-2027-01-24,NEW,,,,,,,,,,,,,,,,,,,,,,,
NA,/vacation-packages/tours/spotlight-on-south-dakota-featuring-mount-rushmore-the-badlands-2026,NEW,,,,,,,,,,,,,,,,,,,,,,,
NA,/vacation-packages/tours/spotlight-on-south-dakota-featuring-mount-rushmore-the-badlands-2027,NEW,,,,,,,,,,,,,,,,,,,,,,,
NA,/vacation-packages/tours/spotlight-on-the-french-riviera-2025,NEW,,,,,,,,,,,,,,,,,,,,,,,
NA,/vacation-packages/tours/spotlight-on-the-french-riviera-2026,NEW,,,,,,,,,,,,,,,,,,,,,,,
NA,/vacation-packages/tours/spotlight-on-the-french-riviera-featuring-nice-s-carnival-and-menton-lemon-festival-2026,NEW,,,,,,,,,,,,,,,,,,,,,,,
NA,/vacation-packages/tours/spotlight-on-tuscany-2025,NEW,,,,,,,,,,,,,,,,,,,,,,,
NA,/vacation-packages/tours/spotlight-on-tuscany-2026,NEW,,,,,,,,,,,,,,,,,,,,,,,
NA,/vacation-packages/tours/spotlight-on-tuscany-2027,NEW,,,,,,,,,,,,,,,,,,,,,,,
NA,/vacation-packages/tours/spotlight-on-washington-d-c-exploring-america-s-capital-2025,NEW,,,,,,,,,,,,,,,,,,,,,,,
NA,/vacation-packages/tours/spotlight-on-washington-d-c-exploring-america-s-capital-2026,NEW,,,,,,,,,,,,,,,,,,,,,,,
NA,/vacation-packages/tours/spotlight-on-washington-d-c-exploring-america-s-capital-2027,NEW,,,,,,,,,,,,,,,,,,,,,,,
NA,/vacation-packages/tours/st-lucia-islands-in-the-sun,NEW,,,,,,,,,,,,,,,,,,,,,,,
NA,/vacation-packages/tours/st-patrick-s-day,NEW,,,,,,,,,,,,,,,,,,,,,,,
NA,/vacation-packages/tours/sumba-beach-stay,NEW,,,,,,,,,,,,,,,,,,,,,,,
NA,/vacation-packages/tours/sunny-portugal-featuring-new-year-s-eve-in-funchal-madeira-2026,NEW,,,,,,,,,,,,,,,,,,,,,,,
NA,/vacation-packages/tours/sunny-portugal-featuring-porto-2025,NEW,,,,,,,,,,,,,,,,,,,,,,,
NA,/vacation-packages/tours/sunny-portugal-lisbon-alentejo-algarve-portuguese-riviera-2025,NEW,,,,,,,,,,,,,,,,,,,,,,,
NA,/vacation-packages/tours/sunny-portugal-lisbon-alentejo-algarve-portuguese-riviera-2026,NEW,,,,,,,,,,,,,,,,,,,,,,,
NA,/vacation-packages/tours/sunny-portugal-lisbon-alentejo-algarve-portuguese-riviera-2027,NEW,,,,,,,,,,,,,,,,,,,,,,,
NA,/vacation-packages/tours/sunny-portugal-with-porto-2026,NEW,,,,,,,,,,,,,,,,,,,,,,,
NA,/vacation-packages/tours/swiss-delight,NEW,,,,,,,,,,,,,,,,,,,,,,,
NA,/vacation-packages/tours/switzerland-and-austria,NEW,,,,,,,,,,,,,,,,,,,,,,,
NA,/vacation-packages/tours/switzerland-europe-s-crown-jewel,NEW,,,,,,,,,,,,,,,,,,,,,,,
NA,/vacation-packages/tours/sziget-festival-road-trip,NEW,,,,,,,,,,,,,,,,,,,,,,,
NA,/vacation-packages/tours/tahitian-family-adventure,NEW,,,,,,,,,,,,,,,,,,,,,,,
NA,/vacation-packages/tours/tangier-and-chefchaouen,NEW,,,,,,,,,,,,,,,,,,,,,,,
NA,/vacation-packages/tours/tanzania-a-grand-family-safari-2026-06-03,NEW,,,,,,,,,,,,,,,,,,,,,,,
NA,/vacation-packages/tours/tanzania-a-grand-family-safari-2027-06-02,NEW,,,,,,,,,,,,,,,,,,,,,,,
NA,/vacation-packages/tours/tanzania-adventure,NEW,,,,,,,,,,,,,,,,,,,,,,,
NA,/vacation-packages/tours/tanzania-safari,NEW,,,,,,,,,,,,,,,,,,,,,,,
NA,/vacation-packages/tours/tanzania-safari-35-to-45,NEW,,,,,,,,,,,,,,,,,,,,,,,
NA,/vacation-packages/tours/tanzania-serengeti-to-zanzibar-2026-05-18,NEW,,,,,,,,,,,,,,,,,,,,,,,
NA,/vacation-packages/tours/tanzania-serengeti-to-zanzibar-2027-01-11,NEW,,,,,,,,,,,,,,,,,,,,,,,
NA,/vacation-packages/tours/tasmania-flinders-island-explorer,NEW,,,,,,,,,,,,,,,,,,,,,,,
NA,/vacation-packages/tours/tasmania-s-wild-wonders,NEW,,,,,,,,,,,,,,,,,,,,,,,
NA,/vacation-packages/tours/tasmania-s-wilderness-and-heritage,NEW,,,,,,,,,,,,,,,,,,,,,,,
NA,/vacation-packages/tours/tasmanian-wonders-2026-04-22,NEW,,,,,,,,,,,,,,,,,,,,,,,
NA,/vacation-packages/tours/tasmanian-wonders-2026-04-22-563_1476_FHLHC26,NEW,,,,,,,,,,,,,,,,,,,,,,,
NA,/vacation-packages/tours/tassie-getaway-2026-09-17,NEW,,,,,,,,,,,,,,,,,,,,,,,
NA,/vacation-packages/tours/tassie-getaway-2026-09-17-451_1258_TLHHM26,NEW,,,,,,,,,,,,,,,,,,,,,,,
NA,/vacation-packages/tours/tassie-s-east-coast-highlights,NEW,,,,,,,,,,,,,,,,,,,,,,,
NA,/vacation-packages/tours/tassie-s-parks-and-nature,NEW,,,,,,,,,,,,,,,,,,,,,,,
NA,/vacation-packages/tours/tassie-s-parks-nature,NEW,,,,,,,,,,,,,,,,,,,,,,,
NA,/vacation-packages/tours/tassie-s-wilderness-icons,NEW,,,,,,,,,,,,,,,,,,,,,,,
NA,/vacation-packages/tours/taste-of-portugal-with-madeira,NEW,,,,,,,,,,,,,,,,,,,,,,,
NA,/vacation-packages/tours/tastes-and-sounds-of-the-south,NEW,,,,,,,,,,,,,,,,,,,,,,,
NA,/vacation-packages/tours/tastes-of-southern-australia-2026-05-14,NEW,,,,,,,,,,,,,,,,,,,,,,,
NA,/vacation-packages/tours/tastes-of-southern-australia-2026-05-14-170_466_ESMAM26,NEW,,,,,,,,,,,,,,,,,,,,,,,
NA,/vacation-packages/tours/thai-island-hopper-east,NEW,,,,,,,,,,,,,,,,,,,,,,,
NA,/vacation-packages/tours/thai-island-hopper-west,NEW,,,,,,,,,,,,,,,,,,,,,,,
NA,/vacation-packages/tours/thailand-a-land-of-smiles,NEW,,,,,,,,,,,,,,,,,,,,,,,
NA,/vacation-packages/tours/thailand-and-malaysia-explorer,NEW,,,,,,,,,,,,,,,,,,,,,,,
NA,/vacation-packages/tours/thailand-and-the-temples-of-angkor,NEW,,,,,,,,,,,,,,,,,,,,,,,
NA,/vacation-packages/tours/thailand-in-style,NEW,,,,,,,,,,,,,,,,,,,,,,,
NA,/vacation-packages/tours/thailand-laos-and-cambodia-adventure,NEW,,,,,,,,,,,,,,,,,,,,,,,
NA,/vacation-packages/tours/thailand-long-stay,NEW,,,,,,,,,,,,,,,,,,,,,,,
NA,/vacation-packages/tours/thailand-malaysia-and-singapore-escapade,NEW,,,,,,,,,,,,,,,,,,,,,,,
NA,/vacation-packages/tours/the-azores-jewels-of-portugal-2025,NEW,,,,,,,,,,,,,,,,,,,,,,,
NA,/vacation-packages/tours/the-azores-jewels-of-portugal-2026,NEW,,,,,,,,,,,,,,,,,,,,,,,
NA,/vacation-packages/tours/the-azores-jewels-of-portugal-2027,NEW,,,,,,,,,,,,,,,,,,,,,,,
NA,/vacation-packages/tours/the-balkans-from-coastal-croatia-to-legendary-greece-2025,NEW,,,,,,,,,,,,,,,,,,,,,,,
NA,/vacation-packages/tours/the-balkans-from-coastal-croatia-to-legendary-greece-2026,NEW,,,,,,,,,,,,,,,,,,,,,,,
NA,/vacation-packages/tours/the-best-of-eastern-canada,NEW,,,,,,,,,,,,,,,,,,,,,,,
NA,/vacation-packages/tours/the-best-of-hawaii-2026-04-12,NEW,,,,,,,,,,,,,,,,,,,,,,,
NA,/vacation-packages/tours/the-best-of-hawaii-2027-01-12,NEW,,,,,,,,,,,,,,,,,,,,,,,
NA,/vacation-packages/tours/the-best-of-ireland,NEW,,,,,,,,,,,,,,,,,,,,,,,
NA,/vacation-packages/tours/the-best-of-ireland-10-days,NEW,,,,,,,,,,,,,,,,,,,,,,,
NA,/vacation-packages/tours/the-best-of-ireland-2026,NEW,,,,,,,,,,,,,,,,,,,,,,,
NA,/vacation-packages/tours/the-best-of-ireland-featuring-the-wild-atlantic-way-2025,NEW,,,,,,,,,,,,,,,,,,,,,,,
NA,/vacation-packages/tours/the-best-of-ireland-small-groups,NEW,,,,,,,,,,,,,,,,,,,,,,,
NA,/vacation-packages/tours/the-best-of-italy-cinque-terre-amalfi-coast,NEW,,,,,,,,,,,,,,,,,,,,,,,
NA,/vacation-packages/tours/the-best-of-south-korea,NEW,,,,,,,,,,,,,,,,,,,,,,,
NA,/vacation-packages/tours/the-best-of-western-canada-rocky-mountaineer,NEW,,,,,,,,,,,,,,,,,,,,,,,
NA,/vacation-packages/tours/the-big-apple-niagara-and-washington-d-c,NEW,,,,,,,,,,,,,,,,,,,,,,,
NA,/vacation-packages/tours/the-big-five-safari-in-kenya,NEW,,,,,,,,,,,,,,,,,,,,,,,
NA,/vacation-packages/tours/the-black-sea-to-budapest-westbound-2026-04-26,NEW,,,,,,,,,,,,,,,,,,,,,,,
NA,/vacation-packages/tours/the-black-sea-to-budapest-westbound-2027-04-25,NEW,,,,,,,,,,,,,,,,,,,,,,,
NA,/vacation-packages/tours/the-blue-danube-eastbound-2026-04-11,NEW,,,,,,,,,,,,,,,,,,,,,,,
NA,/vacation-packages/tours/the-blue-danube-eastbound-2026-05-29,NEW,,,,,,,,,,,,,,,,,,,,,,,
NA,/vacation-packages/tours/the-blue-danube-eastbound-2027-04-10,NEW,,,,,,,,,,,,,,,,,,,,,,,
NA,/vacation-packages/tours/the-blue-danube-eastbound-2027-05-28,NEW,,,,,,,,,,,,,,,,,,,,,,,
NA,/vacation-packages/tours/the-blue-danube-westbound-2026-04-18,NEW,,,,,,,,,,,,,,,,,,,,,,,
NA,/vacation-packages/tours/the-blue-danube-westbound-2026-10-25,NEW,,,,,,,,,,,,,,,,,,,,,,,
NA,/vacation-packages/tours/the-blue-danube-westbound-2027-04-01,NEW,,,,,,,,,,,,,,,,,,,,,,,
NA,/vacation-packages/tours/the-blue-danube-westbound-2027-04-03,NEW,,,,,,,,,,,,,,,,,,,,,,,
NA,/vacation-packages/tours/the-colorado-rockies-featuring-national-parks-and-historic-trains-2026,NEW,,,,,,,,,,,,,,,,,,,,,,,
NA,/vacation-packages/tours/the-colorado-rockies-featuring-national-parks-and-historic-trains-2027,NEW,,,,,,,,,,,,,,,,,,,,,,,
NA,/vacation-packages/tours/the-complete-panama-canal,NEW,,,,,,,,,,,,,,,,,,,,,,,
NA,/vacation-packages/tours/the-complete-south-pacific-2025,NEW,,,,,,,,,,,,,,,,,,,,,,,
NA,/vacation-packages/tours/the-complete-south-pacific-2026,NEW,,,,,,,,,,,,,,,,,,,,,,,
NA,/vacation-packages/tours/the-elegant-art-of-italy-lake-como-to-rome,NEW,,,,,,,,,,,,,,,,,,,,,,,
NA,/vacation-packages/tours/the-endless-shores,NEW,,,,,,,,,,,,,,,,,,,,,,,
NA,/vacation-packages/tours/the-galapagos-by-land-highlands-of-ecuador,NEW,,,,,,,,,,,,,,,,,,,,,,,
NA,/vacation-packages/tours/the-inca-trail-to-machu-picchu,NEW,,,,,,,,,,,,,,,,,,,,,,,
NA,/vacation-packages/tours/the-kingdom-of-oman,NEW,,,,,,,,,,,,,,,,,,,,,,,
NA,/vacation-packages/tours/the-legends-of-scotland,NEW,,,,,,,,,,,,,,,,,,,,,,,
NA,/vacation-packages/tours/the-long-white-cloud,NEW,,,,,,,,,,,,,,,,,,,,,,,
NA,/vacation-packages/tours/the-magic-of-italian-lakes,NEW,,,,,,,,,,,,,,,,,,,,,,,
NA,/vacation-packages/tours/the-magic-of-morocco,NEW,,,,,,,,,,,,,,,,,,,,,,,
NA,/vacation-packages/tours/the-maritimes-nova-scotia,NEW,,,,,,,,,,,,,,,,,,,,,,,
NA,/vacation-packages/tours/the-mekong-vietnam-laos-cambodia-2026-09-27,NEW,,,,,,,,,,,,,,,,,,,,,,,
NA,/vacation-packages/tours/the-mekong-vietnam-laos-cambodia-2027-01-04,NEW,,,,,,,,,,,,,,,,,,,,,,,
NA,/vacation-packages/tours/the-northern-lights-of-finland-2026,NEW,,,,,,,,,,,,,,,,,,,,,,,
NA,/vacation-packages/tours/the-northern-lights-of-finland-2027,NEW,,,,,,,,,,,,,,,,,,,,,,,
NA,/vacation-packages/tours/the-northern-lights-of-norway-by-sea-2026,NEW,,,,,,,,,,,,,,,,,,,,,,,
NA,/vacation-packages/tours/the-panama-canal-costa-rica-eastbound,NEW,,,,,,,,,,,,,,,,,,,,,,,
NA,/vacation-packages/tours/the-panama-canal-costa-rica-westbound,NEW,,,,,,,,,,,,,,,,,,,,,,,
NA,/vacation-packages/tours/the-pandas-of-chengdu,NEW,,,,,,,,,,,,,,,,,,,,,,,
NA,/vacation-packages/tours/the-pantanal,NEW,,,,,,,,,,,,,,,,,,,,,,,
NA,/vacation-packages/tours/the-paradise-of-bali,NEW,,,,,,,,,,,,,,,,,,,,,,,
NA,/vacation-packages/tours/the-plains-of-africa-kenya-wildlife-safari-2025,NEW,,,,,,,,,,,,,,,,,,,,,,,
NA,/vacation-packages/tours/the-plains-of-africa-kenya-wildlife-safari-2026,NEW,,,,,,,,,,,,,,,,,,,,,,,
NA,/vacation-packages/tours/the-plains-of-africa-kenya-wildlife-safari-2027,NEW,,,,,,,,,,,,,,,,,,,,,,,
NA,/vacation-packages/tours/the-rhine-and-moselle-northbound-2026-06-17,NEW,,,,,,,,,,,,,,,,,,,,,,,
NA,/vacation-packages/tours/the-rhine-and-moselle-northbound-2027-05-19,NEW,,,,,,,,,,,,,,,,,,,,,,,
NA,/vacation-packages/tours/the-rhine-and-moselle-southbound-2026-05-27,NEW,,,,,,,,,,,,,,,,,,,,,,,
NA,/vacation-packages/tours/the-rhine-and-moselle-southbound-2027-07-28,NEW,,,,,,,,,,,,,,,,,,,,,,,
NA,/vacation-packages/tours/the-rhine-swiss-alps-amsterdam-northbound-2026-04-13,NEW,,,,,,,,,,,,,,,,,,,,,,,
NA,/vacation-packages/tours/the-rhine-swiss-alps-amsterdam-northbound-2026-06-19,NEW,,,,,,,,,,,,,,,,,,,,,,,
NA,/vacation-packages/tours/the-rhine-swiss-alps-northbound-2027-05-03,NEW,,,,,,,,,,,,,,,,,,,,,,,
NA,/vacation-packages/tours/the-rhine-swiss-alps-northbound-2027-06-18,NEW,,,,,,,,,,,,,,,,,,,,,,,
NA,/vacation-packages/tours/the-romantic-rhine-amsterdam-to-basel-southbound-2026-04-08,NEW,,,,,,,,,,,,,,,,,,,,,,,
NA,/vacation-packages/tours/the-romantic-rhine-amsterdam-to-basel-southbound-2026-05-03,NEW,,,,,,,,,,,,,,,,,,,,,,,
NA,/vacation-packages/tours/the-romantic-rhine-amsterdam-to-basel-southbound-2027-04-14,NEW,,,,,,,,,,,,,,,,,,,,,,,
NA,/vacation-packages/tours/the-romantic-rhine-amsterdam-to-basel-southbound-2027-05-02,NEW,,,,,,,,,,,,,,,,,,,,,,,
NA,/vacation-packages/tours/the-seine-holiday-magic-2026-12-02,NEW,,,,,,,,,,,,,,,,,,,,,,,
NA,/vacation-packages/tours/the-seine-holiday-magic-2027-11-29,NEW,,,,,,,,,,,,,,,,,,,,,,,
NA,/vacation-packages/tours/the-seychelles-by-small-ship,NEW,,,,,,,,,,,,,,,,,,,,,,,
NA,/vacation-packages/tours/the-southern-drift-2026-11-11,NEW,,,,,,,,,,,,,,,,,,,,,,,
NA,/vacation-packages/tours/the-southern-drift-2026-12-02,NEW,,,,,,,,,,,,,,,,,,,,,,,
NA,/vacation-packages/tours/the-sweet-life-rome-sorrento,NEW,,,,,,,,,,,,,,,,,,,,,,,
NA,/vacation-packages/tours/the-ultimate-alps-dolomites,NEW,,,,,,,,,,,,,,,,,,,,,,,
NA,/vacation-packages/tours/the-wildflower-wanderer-2026-09-13,NEW,,,,,,,,,,,,,,,,,,,,,,,
NA,/vacation-packages/tours/the-wildflower-wanderer-2026-09-13-568_1479_WPKGC26,NEW,,,,,,,,,,,,,,,,,,,,,,,
NA,/vacation-packages/tours/three-island-love-affair,NEW,,,,,,,,,,,,,,,,,,,,,,,
NA,/vacation-packages/tours/three-jewels-buenos-aires-iguassu-rio,NEW,,,,,,,,,,,,,,,,,,,,,,,
NA,/vacation-packages/tours/timeless-costa-brava,NEW,,,,,,,,,,,,,,,,,,,,,,,
NA,/vacation-packages/tours/timeless-croatia-featuring-plitvice-lakes-and-the-adriatic-coast-2027,NEW,,,,,,,,,,,,,,,,,,,,,,,
NA,/vacation-packages/tours/timeless-ireland-ashford-castle,NEW,,,,,,,,,,,,,,,,,,,,,,,
NA,/vacation-packages/tours/timeless-scandinavia,NEW,,,,,,,,,,,,,,,,,,,,,,,
NA,/vacation-packages/tours/tokyo-kyoto-the-seto-inland-sea,NEW,,,,,,,,,,,,,,,,,,,,,,,
NA,/vacation-packages/tours/tokyo-pre-post-cruise-package,NEW,,,,,,,,,,,,,,,,,,,,,,,
NA,/vacation-packages/tours/top-end-highlights,NEW,,,,,,,,,,,,,,,,,,,,,,,
NA,/vacation-packages/tours/total-eclipse-cruise-on-the-nile,NEW,,,,,,,,,,,,,,,,,,,,,,,
NA,/vacation-packages/tours/total-southeast-asia,NEW,,,,,,,,,,,,,,,,,,,,,,,
NA,/vacation-packages/tours/total-thailand,NEW,,,,,,,,,,,,,,,,,,,,,,,
NA,/vacation-packages/tours/traditional-europe,NEW,,,,,,,,,,,,,,,,,,,,,,,
NA,/vacation-packages/tours/treasures-of-bolivia-lake-titicaca,NEW,,,,,,,,,,,,,,,,,,,,,,,
NA,/vacation-packages/tours/treasures-of-cape-cod-the-islands,NEW,,,,,,,,,,,,,,,,,,,,,,,
NA,/vacation-packages/tours/treasures-of-cape-cod-the-islands-a-women-only-tour,NEW,,,,,,,,,,,,,,,,,,,,,,,
NA,/vacation-packages/tours/treasures-of-egypt-2026,NEW,,,,,,,,,,,,,,,,,,,,,,,
NA,/vacation-packages/tours/treasures-of-europe-from-london-to-rome-2025,NEW,,,,,,,,,,,,,,,,,,,,,,,
NA,/vacation-packages/tours/treasures-of-europe-from-london-to-rome-2026,NEW,,,,,,,,,,,,,,,,,,,,,,,
NA,/vacation-packages/tours/treasures-of-europe-from-rome-to-london-2025,NEW,,,,,,,,,,,,,,,,,,,,,,,
NA,/vacation-packages/tours/treasures-of-europe-from-rome-to-london-2026,NEW,,,,,,,,,,,,,,,,,,,,,,,
NA,/vacation-packages/tours/treasures-of-france-including-normandy,NEW,,,,,,,,,,,,,,,,,,,,,,,
NA,/vacation-packages/tours/treasures-of-greece-the-islands,NEW,,,,,,,,,,,,,,,,,,,,,,,
NA,/vacation-packages/tours/treasures-of-ireland,NEW,,,,,,,,,,,,,,,,,,,,,,,
NA,/vacation-packages/tours/treasures-of-ireland-signature,NEW,,,,,,,,,,,,,,,,,,,,,,,
NA,/vacation-packages/tours/treasures-of-italy,NEW,,,,,,,,,,,,,,,,,,,,,,,
NA,/vacation-packages/tours/treasures-of-morocco,NEW,,,,,,,,,,,,,,,,,,,,,,,
NA,/vacation-packages/tours/treasures-of-morocco-a-women-only-tour,NEW,,,,,,,,,,,,,,,,,,,,,,,
NA,/vacation-packages/tours/treasures-of-spain-and-portugal,NEW,,,,,,,,,,,,,,,,,,,,,,,
NA,/vacation-packages/tours/treasures-of-spain-and-portugal-eastbound-2027-03-15,NEW,,,,,,,,,,,,,,,,,,,,,,,
NA,/vacation-packages/tours/treasures-of-spain-and-portugal-eastbound-2027-04-09,NEW,,,,,,,,,,,,,,,,,,,,,,,
NA,/vacation-packages/tours/treasures-of-spain-and-portugal-westbound-2026-10-28,NEW,,,,,,,,,,,,,,,,,,,,,,,
NA,/vacation-packages/tours/treasures-of-spain-and-portugal-westbound-2027-10-26,NEW,,,,,,,,,,,,,,,,,,,,,,,
NA,/vacation-packages/tours/treasures-of-spain-and-portugal-westbound-2027-11-10,NEW,,,,,,,,,,,,,,,,,,,,,,,
NA,/vacation-packages/tours/treasures-of-spain-portugal-morocco,NEW,,,,,,,,,,,,,,,,,,,,,,,
NA,/vacation-packages/tours/treasures-of-thailand,NEW,,,,,,,,,,,,,,,,,,,,,,,
NA,/vacation-packages/tours/treasures-of-the-aegean-2026-07-09,NEW,,,,,,,,,,,,,,,,,,,,,,,
NA,/vacation-packages/tours/treasures-of-the-aegean-2027-05-09,NEW,,,,,,,,,,,,,,,,,,,,,,,
NA,/vacation-packages/tours/treasures-of-the-balkans,NEW,,,,,,,,,,,,,,,,,,,,,,,
NA,/vacation-packages/tours/treasures-of-the-incas,NEW,,,,,,,,,,,,,,,,,,,,,,,
NA,/vacation-packages/tours/treasures-of-the-mediterranean-isles-northbound-2026-09-03,NEW,,,,,,,,,,,,,,,,,,,,,,,
NA,/vacation-packages/tours/treasures-of-the-mediterranean-isles-northbound-2027-04-27,NEW,,,,,,,,,,,,,,,,,,,,,,,
NA,/vacation-packages/tours/treasures-of-the-mediterranean-isles-southbound-2026-10-08,NEW,,,,,,,,,,,,,,,,,,,,,,,
NA,/vacation-packages/tours/treasures-of-the-mediterranean-isles-southbound-2027-05-04,NEW,,,,,,,,,,,,,,,,,,,,,,,
NA,/vacation-packages/tours/treasures-of-turkey,NEW,,,,,,,,,,,,,,,,,,,,,,,
NA,/vacation-packages/tours/treasures-of-turkiye-istanbul-ancient-ephesus-cappadocia-2025,NEW,,,,,,,,,,,,,,,,,,,,,,,
NA,/vacation-packages/tours/treasures-of-turkiye-istanbul-ancient-ephesus-cappadocia-2026,NEW,,,,,,,,,,,,,,,,,,,,,,,
NA,/vacation-packages/tours/tropical-costa-rica-2025,NEW,,,,,,,,,,,,,,,,,,,,,,,
NA,/vacation-packages/tours/tropical-costa-rica-2026,NEW,,,,,,,,,,,,,,,,,,,,,,,
NA,/vacation-packages/tours/tropical-costa-rica-2027,NEW,,,,,,,,,,,,,,,,,,,,,,,
NA,/vacation-packages/tours/tropical-queensland-brisbane-to-cairns,NEW,,,,,,,,,,,,,,,,,,,,,,,
NA,/vacation-packages/tours/turkey-through-the-ages,NEW,,,,,,,,,,,,,,,,,,,,,,,
NA,/vacation-packages/tours/turkish-delight,NEW,,,,,,,,,,,,,,,,,,,,,,,
NA,/vacation-packages/tours/tuscan-escape,NEW,,,,,,,,,,,,,,,,,,,,,,,
NA,/vacation-packages/tours/tuscan-treasures-cinque-terre,NEW,,,,,,,,,,,,,,,,,,,,,,,
NA,/vacation-packages/tours/tuscan-umbrian-countryside-featuring-italy-s-charming-hill-towns-2025,NEW,,,,,,,,,,,,,,,,,,,,,,,
NA,/vacation-packages/tours/tuscan-umbrian-countryside-featuring-italy-s-charming-hill-towns-2026,NEW,,,,,,,,,,,,,,,,,,,,,,,
NA,/vacation-packages/tours/tuscany-and-the-italian-riviera-2025,NEW,,,,,,,,,,,,,,,,,,,,,,,
NA,/vacation-packages/tours/tuscany-cinque-terre-the-portofino-coast,NEW,,,,,,,,,,,,,,,,,,,,,,,
NA,/vacation-packages/tours/tuscany-lake-maggiore-the-italian-riviera-2026,NEW,,,,,,,,,,,,,,,,,,,,,,,
NA,/vacation-packages/tours/tuscany-to-cinque-terre-wines-villages-unforgettable-walks,NEW,,,,,,,,,,,,,,,,,,,,,,,
NA,/vacation-packages/tours/ultimate-australia,NEW,,,,,,,,,,,,,,,,,,,,,,,
NA,/vacation-packages/tours/ultimate-canada,NEW,,,,,,,,,,,,,,,,,,,,,,,
NA,/vacation-packages/tours/ultimate-central-america,NEW,,,,,,,,,,,,,,,,,,,,,,,
NA,/vacation-packages/tours/ultimate-european,NEW,,,,,,,,,,,,,,,,,,,,,,,
NA,/vacation-packages/tours/ultimate-france,NEW,,,,,,,,,,,,,,,,,,,,,,,
NA,/vacation-packages/tours/ultimate-inca-trail,NEW,,,,,,,,,,,,,,,,,,,,,,,
NA,/vacation-packages/tours/ultimate-ireland,NEW,,,,,,,,,,,,,,,,,,,,,,,
NA,/vacation-packages/tours/ultimate-italy-35-to-45,NEW,,,,,,,,,,,,,,,,,,,,,,,
NA,/vacation-packages/tours/ultimate-italy-2026-04-26,NEW,,,,,,,,,,,,,,,,,,,,,,,
NA,/vacation-packages/tours/ultimate-italy-2026-04-26-174_988_G200N26,NEW,,,,,,,,,,,,,,,,,,,,,,,
NA,/vacation-packages/tours/ultimate-new-zealand,NEW,,,,,,,,,,,,,,,,,,,,,,,
NA,/vacation-packages/tours/ultimate-philippines-island-hopping,NEW,,,,,,,,,,,,,,,,,,,,,,,
NA,/vacation-packages/tours/ultimate-portugal,NEW,,,,,,,,,,,,,,,,,,,,,,,
NA,/vacation-packages/tours/ultimate-south-america,NEW,,,,,,,,,,,,,,,,,,,,,,,
NA,/vacation-packages/tours/ultimate-south-east-asia,NEW,,,,,,,,,,,,,,,,,,,,,,,
NA,/vacation-packages/tours/ultimate-tasmania,NEW,,,,,,,,,,,,,,,,,,,,,,,
NA,/vacation-packages/tours/ultimate-wellness-japan-zen-tour,NEW,,,,,,,,,,,,,,,,,,,,,,,
NA,/vacation-packages/tours/uluru-and-kata-tjuta-experience,NEW,,,,,,,,,,,,,,,,,,,,,,,
NA,/vacation-packages/tours/uluru-and-kata-tjuta-highlights,NEW,,,,,,,,,,,,,,,,,,,,,,,
NA,/vacation-packages/tours/uluru-kata-tjuta-kings-canyon,NEW,,,,,,,,,,,,,,,,,,,,,,,
NA,/vacation-packages/tours/untamed-kenya,NEW,,,,,,,,,,,,,,,,,,,,,,,
NA,/vacation-packages/tours/untamed-kimberley,NEW,,,,,,,,,,,,,,,,,,,,,,,
NA,/vacation-packages/tours/untamed-kimberley-and-west-coast-2026-05-05,NEW,,,,,,,,,,,,,,,,,,,,,,,
NA,/vacation-packages/tours/untamed-kimberley-and-west-coast-2026-05-05-566_1477_WDBPC26,NEW,,,,,,,,,,,,,,,,,,,,,,,
NA,/vacation-packages/tours/untamed-new-zealand,NEW,,,,,,,,,,,,,,,,,,,,,,,
NA,/vacation-packages/tours/untamed-pilbara-and-west-coast,NEW,,,,,,,,,,,,,,,,,,,,,,,
NA,/vacation-packages/tours/usa-dallas-to-miami,NEW,,,,,,,,,,,,,,,,,,,,,,,
NA,/vacation-packages/tours/usa-la-to-dallas,NEW,,,,,,,,,,,,,,,,,,,,,,,
NA,/vacation-packages/tours/usa-la-to-miami,NEW,,,,,,,,,,,,,,,,,,,,,,,
NA,/vacation-packages/tours/usa-miami-to-dallas-road-trip,NEW,,,,,,,,,,,,,,,,,,,,,,,
NA,/vacation-packages/tours/usa-nashville-to-dallas-road-trip,NEW,,,,,,,,,,,,,,,,,,,,,,,
NA,/vacation-packages/tours/usa-national-parks-road-trip,NEW,,,,,,,,,,,,,,,,,,,,,,,
NA,/vacation-packages/tours/usa-new-york-to-washington-dc-2026-05-25,NEW,,,,,,,,,,,,,,,,,,,,,,,
NA,/vacation-packages/tours/usa-new-york-to-washington-dc-2026-05-25-660_2247_NYDC26,NEW,,,,,,,,,,,,,,,,,,,,,,,
NA,/vacation-packages/tours/usa-road-trip,NEW,,,,,,,,,,,,,,,,,,,,,,,
NA,/vacation-packages/tours/utah-s-mighty-five-and-the-rockies-featuring-2-days-aboard-the-canyon-spirit-train-2026,NEW,,,,,,,,,,,,,,,,,,,,,,,
NA,/vacation-packages/tours/utah-s-mighty-five-and-the-rockies-featuring-2-days-aboard-the-canyon-spirit-train-2027,NEW,,,,,,,,,,,,,,,,,,,,,,,
NA,/vacation-packages/tours/utah-s-mighty-five-national-parks,NEW,,,,,,,,,,,,,,,,,,,,,,,
NA,/vacation-packages/tours/vancouver-the-rockies-with-rocky-mountaineer,NEW,,,,,,,,,,,,,,,,,,,,,,,
NA,/vacation-packages/tours/venice,NEW,,,,,,,,,,,,,,,,,,,,,,,
NA,/vacation-packages/tours/venice-and-croatian-islands-cruise-2025-2026-05-01,NEW,,,,,,,,,,,,,,,,,,,,,,,
NA,/vacation-packages/tours/venice-and-croatian-islands-cruise-2025-2026-05-04,NEW,,,,,,,,,,,,,,,,,,,,,,,
NA,/vacation-packages/tours/venice-and-croatian-islands-cruise-2026-2026-08-28,NEW,,,,,,,,,,,,,,,,,,,,,,,
NA,/vacation-packages/tours/venice-and-croatian-islands-cruise-2026-2026-08-31,NEW,,,,,,,,,,,,,,,,,,,,,,,
NA,/vacation-packages/tours/venice-the-dalmatian-coast-2026-09-08,NEW,,,,,,,,,,,,,,,,,,,,,,,
NA,/vacation-packages/tours/venice-the-dalmatian-coast-2027-05-19,NEW,,,,,,,,,,,,,,,,,,,,,,,
NA,/vacation-packages/tours/verona-venice-the-dolomites,NEW,,,,,,,,,,,,,,,,,,,,,,,
NA,/vacation-packages/tours/victoria-falls,NEW,,,,,,,,,,,,,,,,,,,,,,,
NA,/vacation-packages/tours/victoria-falls-and-botswana,NEW,,,,,,,,,,,,,,,,,,,,,,,
NA,/vacation-packages/tours/victoria-falls-and-botswana-35-to-45,NEW,,,,,,,,,,,,,,,,,,,,,,,
NA,/vacation-packages/tours/victoria-falls-explorer,NEW,,,,,,,,,,,,,,,,,,,,,,,
NA,/vacation-packages/tours/victoria-in-the-fall,NEW,,,,,,,,,,,,,,,,,,,,,,,
NA,/vacation-packages/tours/victoria-in-the-spring,NEW,,,,,,,,,,,,,,,,,,,,,,,
NA,/vacation-packages/tours/vienna-to-london-trail,NEW,,,,,,,,,,,,,,,,,,,,,,,
NA,/vacation-packages/tours/vienna-to-rome-trail,NEW,,,,,,,,,,,,,,,,,,,,,,,
NA,/vacation-packages/tours/vietnam-and-cambodia-adventure,NEW,,,,,,,,,,,,,,,,,,,,,,,
NA,/vacation-packages/tours/vietnam-and-cambodia-uncovered,NEW,,,,,,,,,,,,,,,,,,,,,,,
NA,/vacation-packages/tours/vietnam-and-the-temples-of-angkor,NEW,,,,,,,,,,,,,,,,,,,,,,,
NA,/vacation-packages/tours/vietnam-angkor-premium-adventure,NEW,,,,,,,,,,,,,,,,,,,,,,,
NA,/vacation-packages/tours/vietnam-cambodia-explorer,NEW,,,,,,,,,,,,,,,,,,,,,,,
NA,/vacation-packages/tours/vietnam-cambodia-thailand-2026-10-19,NEW,,,,,,,,,,,,,,,,,,,,,,,
NA,/vacation-packages/tours/vietnam-cambodia-thailand-2027-01-08,NEW,,,,,,,,,,,,,,,,,,,,,,,
NA,/vacation-packages/tours/vietnam-experience,NEW,,,,,,,,,,,,,,,,,,,,,,,
NA,/vacation-packages/tours/vietnam-highlights,NEW,,,,,,,,,,,,,,,,,,,,,,,
NA,/vacation-packages/tours/vietnam-s-cultural-culinary-trails,NEW,,,,,,,,,,,,,,,,,,,,,,,
NA,/vacation-packages/tours/vietnam-sampler,NEW,,,,,,,,,,,,,,,,,,,,,,,
NA,/vacation-packages/tours/vietnam-to-angkor-wat-the-mekong,NEW,,,,,,,,,,,,,,,,,,,,,,,
NA,/vacation-packages/tours/villages-and-vintages-cruising-the-douro-river-valley,NEW,,,,,,,,,,,,,,,,,,,,,,,
NA,/vacation-packages/tours/villages-of-france,NEW,,,,,,,,,,,,,,,,,,,,,,,
NA,/vacation-packages/tours/visions-of-egypt,NEW,,,,,,,,,,,,,,,,,,,,,,,
NA,/vacation-packages/tours/visions-of-vietnam-laos-cambodia-thailand,NEW,,,,,,,,,,,,,,,,,,,,,,,
NA,/vacation-packages/tours/viva-costa-rica,NEW,,,,,,,,,,,,,,,,,,,,,,,
NA,/vacation-packages/tours/walking-in-the-andes,NEW,,,,,,,,,,,,,,,,,,,,,,,
NA,/vacation-packages/tours/walking-in-tuscany,NEW,,,,,,,,,,,,,,,,,,,,,,,
NA,/vacation-packages/tours/walking-the-fjords,NEW,,,,,,,,,,,,,,,,,,,,,,,
NA,/vacation-packages/tours/walks-and-food-italian-riviera,NEW,,,,,,,,,,,,,,,,,,,,,,,
NA,/vacation-packages/tours/warsaw,NEW,,,,,,,,,,,,,,,,,,,,,,,
NA,/vacation-packages/tours/warsaw-and-the-baltic-states,NEW,,,,,,,,,,,,,,,,,,,,,,,
NA,/vacation-packages/tours/warsaw-budapest-vienna-prague,NEW,,,,,,,,,,,,,,,,,,,,,,,
NA,/vacation-packages/tours/warsaw-budapest-vienna-prague-honoring-the-jewish-heritage,NEW,,,,,,,,,,,,,,,,,,,,,,,
NA,/vacation-packages/tours/welcome-to-colorado,NEW,,,,,,,,,,,,,,,,,,,,,,,
NA,/vacation-packages/tours/west-to-east-across-canada-by-rail,NEW,,,,,,,,,,,,,,,,,,,,,,,
NA,/vacation-packages/tours/western-frontiers,NEW,,,,,,,,,,,,,,,,,,,,,,,
NA,/vacation-packages/tours/western-galapagos-cruise-quito,NEW,,,,,,,,,,,,,,,,,,,,,,,
NA,/vacation-packages/tours/western-horizons-mesa-verde-to-moab,NEW,,,,,,,,,,,,,,,,,,,,,,,
NA,/vacation-packages/tours/western-wonderland-2026-05-17,NEW,,,,,,,,,,,,,,,,,,,,,,,
NA,/vacation-packages/tours/western-wonderland-2026-05-17-567_1478_WEMPC26,NEW,,,,,,,,,,,,,,,,,,,,,,,
NA,/vacation-packages/tours/wild-west-cowboys-and-buffalos,NEW,,,,,,,,,,,,,,,,,,,,,,,
NA,/vacation-packages/tours/wild-wild-west-family-adventure,NEW,,,,,,,,,,,,,,,,,,,,,,,
NA,/vacation-packages/tours/wild-wonderful-alaska,NEW,,,,,,,,,,,,,,,,,,,,,,,
NA,/vacation-packages/tours/wild-wonderful-borneo-kuala-lumpur,NEW,,,,,,,,,,,,,,,,,,,,,,,
NA,/vacation-packages/tours/wild-wonderful-india,NEW,,,,,,,,,,,,,,,,,,,,,,,
NA,/vacation-packages/tours/wild-wonderful-india-with-oberoi-hotels,NEW,,,,,,,,,,,,,,,,,,,,,,,
NA,/vacation-packages/tours/wild-wonderful-southern-africa-botswana-zimbabwe-victoria-falls,NEW,,,,,,,,,,,,,,,,,,,,,,,
NA,/vacation-packages/tours/wilderness-of-southern-africa-safari-by-land-water-2025,NEW,,,,,,,,,,,,,,,,,,,,,,,
NA,/vacation-packages/tours/wilderness-of-southern-africa-safari-by-land-water-2026,NEW,,,,,,,,,,,,,,,,,,,,,,,
NA,/vacation-packages/tours/wilderness-of-southern-africa-safari-by-land-water-2027,NEW,,,,,,,,,,,,,,,,,,,,,,,
NA,/vacation-packages/tours/wildlife-odyssey-south-africa-botswana-zimbabwe-2026-05-28,NEW,,,,,,,,,,,,,,,,,,,,,,,
NA,/vacation-packages/tours/wildlife-odyssey-south-africa-botswana-zimbabwe-2027-03-25,NEW,,,,,,,,,,,,,,,,,,,,,,,
NA,/vacation-packages/tours/wine-wilderness-wildlife,NEW,,,,,,,,,,,,,,,,,,,,,,,
NA,/vacation-packages/tours/wings-over-africa-safari,NEW,,,,,,,,,,,,,,,,,,,,,,,
NA,/vacation-packages/tours/wings-over-africa-safari-2024-itinerary,NEW,,,,,,,,,,,,,,,,,,,,,,,
NA,/vacation-packages/tours/winter-in-croatia-featuring-plitvice-lakes-and-the-adriatic-coast-2026,NEW,,,,,,,,,,,,,,,,,,,,,,,
NA,/vacation-packages/tours/winter-wonderland,NEW,,,,,,,,,,,,,,,,,,,,,,,
NA,/vacation-packages/tours/wonderful-france,NEW,,,,,,,,,,,,,,,,,,,,,,,
NA,/vacation-packages/tours/wonderland-yellowstone-in-winter,NEW,,,,,,,,,,,,,,,,,,,,,,,
NA,/vacation-packages/tours/wonders-of-ancient-egypt,NEW,,,,,,,,,,,,,,,,,,,,,,,
NA,/vacation-packages/tours/wonders-of-ancient-greece-featuring-athens-meteora-aegina-island-2026,NEW,,,,,,,,,,,,,,,,,,,,,,,
NA,/vacation-packages/tours/wonders-of-britain-and-ireland,NEW,,,,,,,,,,,,,,,,,,,,,,,
NA,/vacation-packages/tours/wonders-of-egypt,NEW,,,,,,,,,,,,,,,,,,,,,,,
NA,/vacation-packages/tours/wonders-of-iceland,NEW,,,,,,,,,,,,,,,,,,,,,,,
NA,/vacation-packages/tours/wonders-of-italy,NEW,,,,,,,,,,,,,,,,,,,,,,,
NA,/vacation-packages/tours/wonders-of-japan-end-osaka,NEW,,,,,,,,,,,,,,,,,,,,,,,
NA,/vacation-packages/tours/wonders-of-kenya,NEW,,,,,,,,,,,,,,,,,,,,,,,
NA,/vacation-packages/tours/wonders-of-patagonia,NEW,,,,,,,,,,,,,,,,,,,,,,,
NA,/vacation-packages/tours/wonders-of-sri-lanka,NEW,,,,,,,,,,,,,,,,,,,,,,,
NA,/vacation-packages/tours/wonders-of-thailand-discovering-ancient-wonders-and-natural-beauty-from-bangkok-to-phuket-2026,NEW,,,,,,,,,,,,,,,,,,,,,,,
NA,/vacation-packages/tours/wonders-of-thailand-discovering-ancient-wonders-and-natural-beauty-from-bangkok-to-phuket-2027,NEW,,,,,,,,,,,,,,,,,,,,,,,
NA,/vacation-packages/tours/wonders-of-the-american-west,NEW,,,,,,,,,,,,,,,,,,,,,,,
NA,/vacation-packages/tours/wonders-of-the-canadian-rockies-2026-05-11,NEW,,,,,,,,,,,,,,,,,,,,,,,
NA,/vacation-packages/tours/wonders-of-the-canadian-rockies-2026-06-13,NEW,,,,,,,,,,,,,,,,,,,,,,,
NA,/vacation-packages/tours/wonders-of-the-kimberley,NEW,,,,,,,,,,,,,,,,,,,,,,,
NA,/vacation-packages/tours/wonders-of-the-maritimes-scenic-cape-breton,NEW,,,,,,,,,,,,,,,,,,,,,,,
NA,/vacation-packages/tours/wonders-of-the-pilbara-and-west-coast,NEW,,,,,,,,,,,,,,,,,,,,,,,
NA,/vacation-packages/tours/wonders-of-the-west-coast-and-kimberley-2026-07-21,NEW,,,,,,,,,,,,,,,,,,,,,,,
NA,/vacation-packages/tours/wonders-of-the-west-coast-and-kimberley-2026-07-21-278_887_WPBDC26,NEW,,,,,,,,,,,,,,,,,,,,,,,
NA,/vacation-packages/tours/wonders-of-the-western-cape,NEW,,,,,,,,,,,,,,,,,,,,,,,
NA,/vacation-packages/tours/wonders-of-turkey-2026-04-23,NEW,,,,,,,,,,,,,,,,,,,,,,,
NA,/vacation-packages/tours/wonders-of-turkey-2026-05-23,NEW,,,,,,,,,,,,,,,,,,,,,,,
NA,/vacation-packages/tours/wwi-and-wwii-battlefields,NEW,,,,,,,,,,,,,,,,,,,,,,,
NA,/vacation-packages/tours/yangtze-sampler-small-ship-cruise-tour,NEW,,,,,,,,,,,,,,,,,,,,,,,
NA,/vacation-packages/tours/yellowstone-and-grand-tetons,NEW,,,,,,,,,,,,,,,,,,,,,,,
NA,/vacation-packages/tours/yellowstone-discovery,NEW,,,,,,,,,,,,,,,,,,,,,,,
NA,/vacation-packages/tours/yellowstone-grand-teton-national-parks,NEW,,,,,,,,,,,,,,,,,,,,,,,
NA,/vacation-packages/tours/yellowstone-the-tetons-american-safari,NEW,,,,,,,,,,,,,,,,,,,,,,,
NA,/vacation-packages/tours/yosemite-and-sequoia-john-muir-s-california,NEW,,,,,,,,,,,,,,,,,,,,,,,
NA,/vacation-packages/tours/yuletide-spirit-amsterdam-to-brussels-southbound,NEW,,,,,,,,,,,,,,,,,,,,,,,
NA,/vacation-packages/tours/yuletide-spirit-brussels-to-amsterdam-northbound,NEW,,,,,,,,,,,,,,,,,,,,,,,
NA,/vacation-packages/tours/zanzibar,NEW,,,,,,,,,,,,,,,,,,,,,,,
NA,/vacation-packages/tours/zimbabwe-in-style-7-days,NEW,,,,,,,,,,,,,,,,,,,,,,,
NA,/vacation-packages/tours/zimbabwe-in-style-9-days,NEW,,,,,,,,,,,,,,,,,,,,,,,